elapsed_min,day_index,vehicle_count,avg_speed,vehicle_density,ir_lane1,ir_lane2,ir_lane3,ir_lane4,ir_active_lanes,minute_of_hour,hour_sin,hour_cos,vehicle_count_lag1,vehicle_count_lag5,vehicle_count_mean5m,vehicle_count_mean15m,avg_speed_lag1,avg_speed_lag5,avg_speed_mean5m,avg_speed_mean15m,vehicle_density_lag1,vehicle_density_lag5,vehicle_density_mean5m,vehicle_density_mean15m,ir_active_lanes_lag1,ir_active_lanes_lag5,ir_active_lanes_mean5m,ir_active_lanes_mean15m,target_bottleneck,target_level,naive_current_bottleneck
14,0,118,25.5,71,1,1,0,0,2,14,0.8338858220671684,-0.5519369853120578,169.0,93.0,131.4,129.46666666666667,26.4,41.2,33.32000000000001,34.84,59.0,59.0,50.2,59.266666666666666,1.0,2.0,1.8,1.6666666666666667,0,1,1
15,0,51,25.5,45,1,1,0,1,3,15,0.8314696123025451,-0.5555702330196024,118.0,145.0,112.6,126.4,25.5,20.6,34.3,34.46,71.0,43.0,50.6,59.6,2.0,2.0,2.0,1.8,0,1,0
16,0,80,29.1,33,0,1,1,1,3,16,0.8290375725550417,-0.5591929034707467,51.0,163.0,96.0,123.33333333333333,25.5,49.1,30.3,33.166666666666664,45.0,31.0,51.0,58.0,3.0,2.0,2.2,1.8666666666666667,0,1,0
17,0,72,35.7,67,0,1,1,1,3,17,0.8265897491271889,-0.5628049276950683,80.0,62.0,98.0,124.06666666666666,29.1,45.0,28.439999999999998,32.74666666666667,33.0,47.0,55.0,57.0,3.0,2.0,2.4,2.0,1,2,1
18,0,122,33.0,65,0,0,1,1,2,18,0.8241261886220155,-0.566406236924833,72.0,169.0,88.6,120.86666666666666,35.7,26.4,29.76,32.413333333333334,67.0,59.0,56.2,56.333333333333336,3.0,1.0,2.6,2.1333333333333333,1,2,1
19,0,120,28.7,43,0,0,0,1,1,19,0.8216469379421637,-0.569996762596303,122.0,118.0,89.0,116.86666666666666,33.0,25.5,30.4,32.68,65.0,71.0,50.6,53.2,2.0,2.0,2.4,2.1333333333333333,0,1,0
20,0,134,38.4,41,1,1,0,0,2,20,0.8191520442889917,-0.5735764363510462,120.0,51.0,105.6,115.2,28.7,25.5,32.98,33.593333333333334,43.0,45.0,49.8,53.93333333333333,1.0,3.0,2.2,2.066666666666667,1,2,0
21,0,110,24.2,41,0,1,1,0,2,21,0.816641555161679,-0.5771451900372335,134.0,80.0,111.6,110.86666666666666,38.4,29.1,32.0,33.76,41.0,33.0,51.4,50.733333333333334,2.0,3.0,2.0,2.1333333333333333,0,1,0
22,0,120,28.8,63,1,0,1,0,2,22,0.8141155183563192,-0.5807029557109398,110.0,72.0,121.2,109.2,24.2,35.7,30.619999999999997,32.61333333333333,41.0,67.0,50.6,50.06666666666667,2.0,3.0,1.8,2.1333333333333333,0,1,1
23,0,200,31.0,57,0,0,1,0,1,23,0.8115739819650124,-0.5842496656374342,120.0,122.0,136.8,117.26666666666667,28.8,33.0,30.22,32.14666666666667,63.0,65.0,49.0,51.0,2.0,2.0,1.6,2.0,1,2,1
24,0,190,33.7,46,1,0,0,1,2,24,0.8090169943749475,-0.587785252292473,200.0,120.0,150.8,123.73333333333333,31.0,28.7,31.22,31.646666666666665,57.0,43.0,49.6,50.13333333333333,1.0,1.0,1.8,2.0,1,2,0
25,0,197,43.6,68,1,0,1,1,3,25,0.8064446042674828,-0.5913096483635821,190.0,134.0,163.4,127.2,33.7,38.4,32.260000000000005,33.18,46.0,41.0,55.0,51.8,2.0,2.0,2.0,2.066666666666667,0,1,1
26,0,173,26.0,33,1,0,0,1,2,26,0.8038568606172174,-0.5948227867513411,197.0,110.0,176.0,127.86666666666666,43.6,24.2,32.620000000000005,31.64,68.0,41.0,53.4,51.93333333333333,3.0,2.0,2.0,2.066666666666667,0,1,0
27,0,180,35.4,36,0,0,0,1,1,27,0.8012538126910609,-0.5983246005706587,173.0,120.0,188.0,135.73333333333332,26.0,28.8,33.94,31.0,33.0,63.0,48.0,51.2,2.0,2.0,1.8,2.0,0,1,0
28,0,100,37.8,72,1,0,1,0,2,28,0.7986355100472927,-0.6018150231520484,180.0,200.0,168.0,131.13333333333333,35.4,31.0,35.3,31.759999999999998,36.0,57.0,51.0,52.06666666666667,1.0,1.0,2.0,2.066666666666667,0,1,1
29,0,178,21.4,56,1,1,0,0,2,29,0.7960020025346222,-0.6052939880428942,100.0,190.0,165.6,135.13333333333333,37.8,33.7,32.84,31.486666666666665,72.0,46.0,53.0,51.06666666666667,2.0,2.0,2.0,2.066666666666667,0,0,1
30,0,122,38.2,43,0,0,1,0,1,30,0.7933533402912352,-0.6087614290087207,178.0,197.0,150.6,139.86666666666667,21.4,43.6,31.759999999999998,32.333333333333336,56.0,68.0,48.0,50.93333333333333,2.0,3.0,1.6,1.9333333333333333,0,1,0
31,0,186,25.1,45,0,1,0,1,2,31,0.7906895737438432,-0.6122172800344495,122.0,173.0,153.2,146.93333333333334,38.2,26.0,31.579999999999995,32.06666666666667,43.0,33.0,50.4,51.733333333333334,1.0,2.0,1.6,1.8666666666666667,1,2,0
32,0,169,22.0,30,0,0,1,0,1,32,0.788010753606722,-0.6156614753256583,186.0,180.0,151.0,153.4,25.1,35.4,28.9,31.15333333333333,45.0,36.0,49.2,49.266666666666666,2.0,1.0,1.6,1.7333333333333334,1,3,0
33,0,56,48.5,63,0,1,1,0,2,33,0.7853169308807448,-0.6190939493098341,169.0,100.0,142.2,149.0,22.0,37.8,31.04,32.18666666666666,30.0,72.0,47.4,49.13333333333333,1.0,2.0,1.6,1.7333333333333334,1,2,0
34,0,127,49.0,42,0,1,0,1,2,34,0.782608156852414,-0.6225146366376194,56.0,178.0,132.0,149.46666666666667,48.5,21.4,36.56,33.54,63.0,56.0,44.6,49.06666666666667,2.0,2.0,1.6,1.8,1,2,0
35,0,199,44.3,55,1,0,1,0,2,35,0.7798844830928817,-0.6259234721840591,127.0,122.0,147.4,153.8,49.0,38.2,37.78,33.93333333333333,42.0,43.0,47.0,50.0,2.0,1.0,1.8,1.8,0,1,0
36,0,99,29.1,72,0,0,1,0,1,36,0.777145961456971,-0.6293203910498373,199.0,186.0,130.0,153.06666666666666,44.3,25.1,38.58,34.26,55.0,45.0,52.4,52.06666666666667,2.0,2.0,1.6,1.7333333333333334,0,1,1
37,0,162,22.9,78,1,1,1,1,4,37,0.7743926440821857,-0.632705328562516,99.0,169.0,128.6,155.86666666666667,29.1,22.0,38.76,33.86666666666667,72.0,30.0,62.0,53.06666666666667,1.0,1.0,2.2,1.8666666666666667,1,3,1
38,0,100,40.5,84,0,1,0,1,2,38,0.7716245833877202,-0.6360782202777637,162.0,56.0,137.4,149.2,22.9,48.5,37.160000000000004,34.5,78.0,63.0,66.2,54.86666666666667,4.0,2.0,2.2,1.9333333333333333,0,0,1
39,0,88,33.2,76,1,1,1,0,3,39,0.7688418320734596,-0.6394390019805847,100.0,127.0,129.6,142.4,40.5,49.0,34.0,34.46666666666667,84.0,42.0,73.0,56.86666666666667,2.0,2.0,2.4,2.0,1,3,1
40,0,94,23.7,33,1,0,0,1,2,40,0.7660444431189783,-0.642787609686539,88.0,199.0,108.6,135.53333333333333,33.2,44.3,29.880000000000003,33.14,76.0,55.0,68.6,54.53333333333333,3.0,2.0,2.4,1.9333333333333333,0,0,0
41,0,95,34.9,58,1,1,0,1,3,41,0.7632324697825288,-0.646123979642964,94.0,99.0,107.8,130.33333333333334,23.7,29.1,31.04,33.733333333333334,33.0,72.0,65.8,56.2,2.0,1.0,2.8,2.0,0,1,0
42,0,144,21.0,77,0,0,0,0,0,42,0.760405965600031,-0.6494480483301835,95.0,162.0,104.2,127.93333333333334,34.9,22.9,30.660000000000004,32.77333333333333,58.0,78.0,65.6,58.93333333333333,3.0,4.0,2.0,1.9333333333333333,1,3,1
43,0,144,47.3,42,1,0,1,0,2,43,0.7575649843840495,-0.6527597524627226,144.0,100.0,113.0,130.86666666666667,21.0,40.5,32.019999999999996,33.406666666666666,77.0,84.0,57.2,56.93333333333333,0.0,2.0,2.0,1.9333333333333333,0,1,0
44,0,54,27.8,80,1,0,1,0,2,44,0.7547095802227721,-0.6560590289905072,144.0,88.0,106.2,122.6,47.3,33.2,30.939999999999998,33.833333333333336,42.0,76.0,58.0,58.53333333333333,2.0,3.0,1.8,1.9333333333333333,0,1,1
45,0,194,39.9,32,0,0,0,1,1,45,0.7518398074789774,-0.6593458151000688,54.0,94.0,126.2,127.4,27.8,23.7,34.18,33.946666666666665,80.0,33.0,57.8,57.8,2.0,2.0,1.6,1.9333333333333333,0,0,0
46,0,111,29.4,50,1,0,0,0,1,46,0.748955720789002,-0.6626200482157376,194.0,95.0,129.4,122.4,39.9,34.9,33.08,34.233333333333334,32.0,58.0,56.2,58.13333333333333,1.0,3.0,1.2,1.8666666666666667,1,2,0
47,0,158,35.6,90,1,1,0,1,3,47,0.7460573750616996,-0.6658816660008342,111.0,144.0,132.2,121.66666666666667,29.4,21.0,36.0,35.14,50.0,77.0,58.8,62.13333333333333,1.0,0.0,1.8,2.0,0,0,1
48,0,136,36.4,42,0,0,0,0,0,48,0.7431448254773942,-0.6691306063588582,158.0,144.0,130.6,127.0,35.6,47.3,33.82,34.333333333333336,90.0,42.0,58.8,60.733333333333334,3.0,2.0,1.4,1.8666666666666667,0,1,0
49,0,155,25.5,36,0,1,1,0,2,49,0.7402181274868322,-0.6723668074346679,136.0,54.0,150.8,128.86666666666667,36.4,27.8,33.36,32.766666666666666,42.0,80.0,50.0,60.333333333333336,0.0,2.0,1.4,1.8666666666666667,1,2,0
50,0,178,49.1,42,1,0,1,0,2,50,0.7372773368101241,-0.6755902076156602,155.0,194.0,147.6,127.46666666666667,25.5,39.9,35.2,33.086666666666666,36.0,32.0,52.0,59.46666666666667,2.0,1.0,1.6,1.8666666666666667,0,1,0
51,0,150,43.3,68,1,0,0,0,1,51,0.7343225094356858,-0.6788007455329416,178.0,111.0,155.4,130.86666666666667,49.1,29.4,37.98,34.03333333333333,42.0,50.0,55.6,59.2,2.0,1.0,1.6,1.8666666666666667,1,3,1
52,0,85,48.2,46,0,0,0,1,1,52,0.7313537016191706,-0.6819983600624984,150.0,158.0,140.8,125.73333333333333,43.3,35.6,40.5,35.72,68.0,90.0,46.8,57.06666666666667,1.0,3.0,1.2,1.6666666666666667,1,2,0
53,0,132,46.8,56,1,0,0,1,2,53,0.7283709698824006,-0.6851829903263589,85.0,136.0,140.0,127.86666666666666,48.2,36.4,42.58,36.14,46.0,42.0,49.6,55.2,1.0,0.0,1.6,1.6666666666666667,1,2,0
54,0,179,37.9,67,1,0,1,1,3,54,0.7253743710122875,-0.6883545756937541,132.0,155.0,144.8,133.93333333333334,46.8,25.5,45.059999999999995,36.45333333333333,56.0,36.0,55.8,54.6,2.0,2.0,1.8,1.6666666666666667,1,2,1
55,0,58,47.7,68,0,1,0,0,1,55,0.7223639620597556,-0.6915130557822693,179.0,178.0,120.8,131.53333333333333,37.9,49.1,44.78,38.05333333333333,67.0,42.0,61.0,56.93333333333333,3.0,2.0,1.6,1.6,0,1,0
56,0,192,22.7,71,1,1,1,1,4,56,0.7193398003386511,-0.6946583704589974,58.0,150.0,129.2,138.0,47.7,43.3,40.660000000000004,37.24,68.0,68.0,61.6,57.8,1.0,1.0,2.2,1.6666666666666667,1,3,1
57,0,138,25.9,64,0,0,1,0,1,57,0.7163019434246544,-0.69779045984168,192.0,85.0,139.8,137.6,22.7,48.2,36.2,37.56666666666667,71.0,46.0,65.2,56.93333333333333,4.0,1.0,2.2,1.7333333333333334,0,0,1
58,0,103,21.4,68,1,0,1,1,3,58,0.7132504491541816,-0.7009092642998509,138.0,132.0,134.0,134.86666666666667,25.9,46.8,31.119999999999997,35.84,64.0,56.0,67.6,58.666666666666664,1.0,2.0,2.4,1.8,1,2,1
59,0,199,29.8,72,0,1,0,1,2,59,0.7101853756232855,-0.7040147244559682,103.0,179.0,138.0,144.53333333333333,21.4,37.9,29.5,35.973333333333336,68.0,67.0,68.6,58.13333333333333,3.0,3.0,2.2,1.8,1,3,1
60,0,106,31.7,47,0,1,1,1,3,0,0.7071067811865476,-0.7071067811865475,199.0,58.0,147.6,138.66666666666666,29.8,47.7,26.3,35.42666666666666,72.0,68.0,64.4,59.13333333333333,2.0,1.0,2.6,1.9333333333333333,0,1,0
61,0,77,28.1,82,1,1,1,1,4,1,0.7040147244559682,-0.7101853756232854,106.0,192.0,124.6,136.4,31.7,22.7,27.380000000000003,35.34,47.0,71.0,66.6,61.266666666666666,3.0,4.0,2.6,2.1333333333333333,1,2,1
62,0,101,44.9,35,0,0,1,1,2,2,0.700909264299851,-0.7132504491541815,77.0,138.0,117.2,132.6,28.1,25.9,31.179999999999996,35.96,82.0,64.0,60.8,57.6,4.0,1.0,2.8,2.066666666666667,1,2,0
63,0,178,30.7,56,0,0,0,1,1,3,0.6977904598416802,-0.7163019434246543,101.0,103.0,132.2,135.4,44.9,21.4,33.04,35.580000000000005,35.0,68.0,58.4,58.53333333333333,2.0,3.0,2.4,2.1333333333333333,1,2,1
64,0,116,28.4,90,0,1,1,0,2,4,0.6946583704589975,-0.719339800338651,178.0,199.0,115.6,132.8,30.7,29.8,32.760000000000005,35.77333333333333,56.0,72.0,62.0,62.13333333333333,1.0,2.0,2.4,2.1333333333333333,0,0,1
65,0,192,36.3,54,0,1,0,1,2,5,0.6915130557822695,-0.7223639620597555,116.0,106.0,132.8,133.73333333333332,28.4,31.7,33.67999999999999,34.919999999999995,90.0,47.0,63.4,62.93333333333333,2.0,3.0,2.2,2.1333333333333333,0,1,0
66,0,52,24.2,52,1,0,0,0,1,6,0.6883545756937542,-0.7253743710122874,192.0,77.0,127.8,127.2,36.3,28.1,32.89999999999999,33.64666666666667,54.0,82.0,57.4,61.86666666666667,2.0,4.0,1.6,2.1333333333333333,0,1,1
67,0,78,44.1,69,0,0,1,1,2,7,0.685182990326359,-0.7283709698824005,52.0,101.0,123.2,126.73333333333333,24.2,44.9,32.739999999999995,33.37333333333333,52.0,35.0,64.2,63.4,1.0,2.0,1.6,2.2,1,3,1
68,0,77,22.2,56,1,0,1,1,3,8,0.6819983600624986,-0.7313537016191705,78.0,178.0,103.0,123.06666666666666,44.1,30.7,31.04,31.73333333333333,69.0,56.0,64.2,63.4,2.0,1.0,2.0,2.2666666666666666,0,1,1
69,0,180,49.6,37,1,0,1,1,3,9,0.6788007455329417,-0.7343225094356856,77.0,116.0,115.8,123.13333333333334,22.2,28.4,35.279999999999994,32.513333333333335,56.0,90.0,53.6,61.4,3.0,2.0,2.2,2.2666666666666666,0,1,0
70,0,154,43.2,45,1,0,1,1,3,10,0.6755902076156604,-0.737277336810124,180.0,192.0,108.2,129.53333333333333,49.6,36.3,36.66,32.21333333333333,37.0,54.0,51.8,59.86666666666667,3.0,2.0,2.4,2.4,1,2,0
71,0,64,26.0,32,0,0,1,1,2,11,0.672366807434668,-0.7402181274868321,154.0,52.0,110.6,121.0,43.2,24.2,37.019999999999996,32.43333333333333,45.0,52.0,47.8,57.266666666666666,3.0,1.0,2.6,2.2666666666666666,1,2,0
72,0,65,20.2,77,1,0,0,1,2,12,0.6691306063588585,-0.743144825477394,64.0,78.0,108.0,116.13333333333334,26.0,44.1,32.239999999999995,32.05333333333333,32.0,69.0,49.4,58.13333333333333,2.0,2.0,2.6,2.3333333333333335,0,1,1
73,0,102,44.5,54,0,1,1,0,2,13,0.6658816660008343,-0.7460573750616994,65.0,77.0,113.0,116.06666666666666,20.2,22.2,36.7,33.593333333333334,77.0,56.0,49.0,57.2,2.0,3.0,2.4,2.2666666666666666,1,2,0
74,0,84,41.2,65,1,0,0,1,2,14,0.6626200482157377,-0.748955720789002,102.0,180.0,93.8,108.4,44.5,49.6,35.019999999999996,34.35333333333333,54.0,37.0,54.6,56.733333333333334,2.0,3.0,2.2,2.2666666666666666,1,2,0
75,0,179,41.9,83,1,1,1,1,4,15,0.659345815100069,-0.7518398074789773,84.0,154.0,98.8,113.26666666666667,41.2,43.2,34.760000000000005,35.03333333333333,65.0,45.0,62.2,59.13333333333333,2.0,3.0,2.4,2.3333333333333335,1,2,1
76,0,125,43.1,74,1,0,0,0,1,16,0.6560590289905073,-0.754709580222772,179.0,64.0,111.0,116.46666666666667,41.9,26.0,38.18,36.03333333333333,83.0,32.0,70.6,58.6,4.0,2.0,2.2,2.1333333333333333,0,1,1
77,0,92,22.2,41,1,1,1,0,3,17,0.6527597524627227,-0.7575649843840494,125.0,65.0,116.4,115.86666666666666,43.1,20.2,38.58,34.519999999999996,74.0,77.0,63.4,59.0,1.0,2.0,2.4,2.2,0,1,0
78,0,143,30.8,63,0,1,0,0,1,18,0.6494480483301838,-0.7604059656000308,92.0,102.0,124.6,113.53333333333333,22.2,44.5,35.839999999999996,34.526666666666664,41.0,54.0,65.2,59.46666666666667,3.0,2.0,2.2,2.2,0,1,1
79,0,189,23.5,60,1,1,0,1,3,19,0.6461239796429642,-0.7632324697825287,143.0,84.0,145.6,118.4,30.8,41.2,32.3,34.2,63.0,65.0,64.2,57.46666666666667,1.0,2.0,2.4,2.2666666666666666,1,2,1
80,0,131,45.9,75,0,0,0,1,1,20,0.6427876096865391,-0.7660444431189781,189.0,179.0,136.0,114.33333333333333,23.5,41.9,33.1,34.84,60.0,83.0,62.6,58.86666666666667,3.0,4.0,1.8,2.2,0,1,1
81,0,173,38.7,49,1,0,1,0,2,21,0.6394390019805848,-0.7688418320734595,131.0,125.0,145.6,122.4,45.9,43.1,32.22,35.806666666666665,75.0,74.0,57.6,58.666666666666664,1.0,1.0,2.0,2.2666666666666666,0,1,0
82,0,73,29.9,32,1,0,0,1,2,22,0.6360782202777638,-0.7716245833877201,173.0,92.0,141.8,122.06666666666666,38.7,22.2,33.760000000000005,34.86,49.0,41.0,55.8,56.2,2.0,3.0,1.8,2.2666666666666666,0,1,0
83,0,160,21.9,43,0,1,1,1,3,23,0.6327053285625162,-0.7743926440821856,73.0,143.0,145.2,127.6,29.9,30.8,31.98,34.84,32.0,63.0,51.8,55.333333333333336,2.0,1.0,2.2,2.2666666666666666,0,0,0
84,0,151,29.3,55,1,1,1,0,3,24,0.6293203910498374,-0.7771459614569709,160.0,189.0,137.6,125.66666666666667,21.9,23.5,33.14,33.486666666666665,43.0,60.0,50.8,56.53333333333333,3.0,3.0,2.2,2.2666666666666666,0,1,1
85,0,185,29.8,41,1,0,1,0,2,25,0.6259234721840592,-0.7798844830928817,151.0,131.0,148.4,127.73333333333333,29.3,45.9,29.919999999999998,32.593333333333334,55.0,75.0,44.0,56.266666666666666,3.0,1.0,2.4,2.2,1,3,0
86,0,86,41.9,50,0,1,1,0,2,26,0.6225146366376196,-0.7826081568524139,185.0,173.0,131.0,129.2,29.8,38.7,30.560000000000002,33.653333333333336,41.0,49.0,44.2,57.46666666666667,2.0,2.0,2.4,2.2,1,2,0
87,0,166,39.1,56,1,1,1,0,3,27,0.6190939493098342,-0.7853169308807447,86.0,73.0,149.6,135.93333333333334,41.9,29.9,32.4,34.913333333333334,50.0,32.0,49.0,56.06666666666667,2.0,2.0,2.6,2.2666666666666666,0,1,0
88,0,145,46.6,38,1,0,1,1,3,28,0.6156614753256584,-0.7880107536067219,166.0,160.0,146.6,138.8,39.1,21.9,37.339999999999996,35.053333333333335,56.0,43.0,48.0,55.0,3.0,3.0,2.6,2.3333333333333335,0,1,0
89,0,91,34.2,41,0,1,0,0,1,29,0.6122172800344496,-0.7906895737438431,145.0,151.0,134.6,139.26666666666668,46.6,29.3,38.32000000000001,34.586666666666666,38.0,55.0,45.2,53.4,3.0,3.0,2.2,2.2666666666666666,1,2,0
90,0,84,23.6,85,1,0,0,0,1,30,0.6087614290087209,-0.793353340291235,91.0,185.0,114.4,132.93333333333334,34.2,29.8,37.08,33.36666666666667,41.0,41.0,54.0,53.53333333333333,1.0,2.0,2.0,2.066666666666667,1,2,1
91,0,70,41.4,87,1,1,0,0,2,31,0.6052939880428945,-0.7960020025346219,84.0,86.0,111.2,129.26666666666668,23.6,41.9,36.980000000000004,33.25333333333333,85.0,50.0,61.4,54.4,1.0,2.0,2.0,2.1333333333333333,1,2,1
92,0,108,42.8,48,0,1,1,1,3,32,0.6018150231520486,-0.7986355100472926,70.0,166.0,99.6,130.33333333333334,41.4,39.1,37.72,34.626666666666665,87.0,56.0,59.8,54.86666666666667,2.0,3.0,2.0,2.1333333333333333,1,3,0
93,0,60,36.8,47,0,0,1,1,2,33,0.5983246005706588,-0.8012538126910608,108.0,145.0,82.6,124.8,42.8,46.6,35.760000000000005,35.026666666666664,48.0,38.0,61.6,53.8,3.0,3.0,1.8,2.2,1,2,0
94,0,198,43.1,70,1,0,1,1,3,34,0.5948227867513413,-0.8038568606172173,60.0,91.0,104.0,125.4,36.8,34.2,37.54,36.333333333333336,47.0,41.0,67.4,54.46666666666667,2.0,1.0,2.2,2.2,0,1,1
95,0,122,34.8,66,1,1,0,0,2,35,0.5913096483635822,-0.8064446042674827,198.0,84.0,111.6,124.8,43.1,23.6,39.779999999999994,35.593333333333334,70.0,85.0,63.6,53.86666666666667,3.0,1.0,2.4,2.2666666666666666,1,2,1
96,0,197,35.7,69,1,1,1,0,3,36,0.5877852522924732,-0.8090169943749473,122.0,70.0,137.0,126.4,34.8,41.4,38.64,35.39333333333333,66.0,87.0,60.0,55.2,2.0,2.0,2.6,2.3333333333333335,1,2,1
97,0,113,32.8,90,1,1,1,0,3,37,0.5842496656374344,-0.8115739819650123,197.0,108.0,138.0,129.06666666666666,35.7,42.8,36.64,35.58666666666667,69.0,48.0,68.4,59.06666666666667,3.0,3.0,2.6,2.4,1,2,1
98,0,117,20.8,46,0,0,1,0,1,38,0.5807029557109399,-0.8141155183563191,113.0,60.0,149.4,126.2,32.8,36.8,33.44,35.513333333333335,90.0,47.0,68.2,59.266666666666666,3.0,2.0,2.4,2.2666666666666666,1,2,1
99,0,83,23.2,37,0,0,0,0,0,39,0.5771451900372336,-0.8166415551616789,117.0,198.0,126.4,121.66666666666667,20.8,43.1,29.46,35.10666666666667,46.0,70.0,61.6,58.06666666666667,1.0,3.0,1.8,2.066666666666667,0,1,0
100,0,64,20.9,66,0,0,1,1,2,40,0.5735764363510464,-0.8191520442889917,83.0,122.0,114.8,113.6,23.2,34.8,26.68,34.513333333333335,37.0,66.0,61.6,59.733333333333334,0.0,2.0,1.8,2.066666666666667,1,3,1
101,0,147,39.1,63,1,1,0,1,3,41,0.5699967625963032,-0.8216469379421636,64.0,197.0,104.8,117.66666666666667,20.9,35.7,27.360000000000003,34.32666666666667,66.0,69.0,60.4,60.6,2.0,3.0,1.8,2.1333333333333333,1,3,1
102,0,158,29.4,73,1,0,0,1,2,42,0.5664062369248332,-0.8241261886220155,147.0,113.0,113.8,117.13333333333334,39.1,32.8,26.68,33.68,63.0,90.0,57.0,61.733333333333334,3.0,3.0,1.6,2.066666666666667,0,1,1
103,0,155,35.3,80,1,1,1,1,4,43,0.5628049276950684,-0.8265897491271887,158.0,117.0,121.4,117.8,29.4,20.8,29.580000000000002,32.92666666666666,73.0,46.0,63.8,64.53333333333333,2.0,1.0,2.2,2.1333333333333333,0,1,1
104,0,191,47.2,61,0,1,1,0,2,44,0.5591929034707469,-0.8290375725550416,155.0,83.0,143.0,124.46666666666667,35.3,23.2,34.38,33.79333333333334,80.0,37.0,68.6,65.86666666666666,4.0,0.0,2.6,2.2,1,2,0
105,0,127,27.5,84,1,1,1,1,4,45,0.5555702330196025,-0.831469612302545,191.0,64.0,155.6,127.33333333333333,47.2,20.9,35.7,34.053333333333335,61.0,66.0,72.2,65.8,2.0,2.0,3.0,2.4,0,1,1
106,0,188,32.3,81,1,0,1,0,2,46,0.5519369853120579,-0.8338858220671683,127.0,147.0,163.8,135.2,27.5,39.1,34.339999999999996,33.446666666666665,84.0,63.0,75.8,65.4,4.0,3.0,2.8,2.4,0,1,1
107,0,54,42.7,66,1,1,0,0,2,47,0.5482932295199138,-0.8362861558477596,188.0,158.0,143.0,131.6,32.3,29.4,37.0,33.440000000000005,81.0,73.0,74.4,66.6,2.0,2.0,2.8,2.3333333333333335,0,1,0
108,0,178,26.9,34,1,0,0,1,2,48,0.544639035015027,-0.8386705679454242,54.0,155.0,147.6,139.46666666666667,42.7,35.3,35.32000000000001,32.78,66.0,80.0,65.2,65.73333333333333,2.0,4.0,2.4,2.3333333333333335,0,1,0
109,0,78,22.3,71,0,1,0,0,1,49,0.540974471367994,-0.8410390129643924,178.0,191.0,125.0,131.46666666666667,26.9,47.2,30.339999999999996,31.393333333333334,34.0,61.0,67.2,65.8,2.0,2.0,2.2,2.2,1,3,1
110,0,174,28.7,47,0,0,1,0,1,50,0.5372996083468238,-0.8433914458128857,78.0,127.0,134.4,134.93333333333334,22.3,27.5,30.579999999999995,30.986666666666668,71.0,84.0,59.8,64.53333333333333,1.0,4.0,1.6,2.1333333333333333,1,2,0
111,0,186,24.8,36,1,0,0,1,2,51,0.5336145159156117,-0.8457278217039732,174.0,188.0,134.0,134.2,28.7,32.3,29.080000000000002,30.26,47.0,81.0,50.8,62.333333333333336,1.0,2.0,1.6,2.066666666666667,0,0,0
112,0,149,47.9,60,0,0,0,1,1,52,0.529919264233205,-0.848048096156426,186.0,54.0,153.0,136.6,24.8,42.7,30.119999999999997,31.266666666666666,36.0,66.0,49.6,60.333333333333336,2.0,2.0,1.4,1.9333333333333333,1,3,0
113,0,127,44.2,57,1,0,0,0,1,53,0.5262139236518698,-0.8503522249955627,149.0,178.0,142.8,137.26666666666668,47.9,26.9,33.58,32.82666666666667,60.0,34.0,54.2,61.06666666666667,1.0,2.0,1.2,1.9333333333333333,1,2,0
114,0,158,39.0,88,0,1,0,1,2,54,0.5224985647159489,-0.8526401643540922,127.0,78.0,158.8,142.26666666666668,44.2,22.3,36.92,33.88,57.0,71.0,57.6,64.46666666666667,1.0,1.0,1.4,2.066666666666667,0,0,1
115,0,135,46.1,85,1,1,0,0,2,55,0.5187732581605218,-0.8549118706729464,158.0,174.0,151.0,147.0,39.0,28.7,40.4,35.559999999999995,88.0,47.0,65.2,65.73333333333333,2.0,1.0,1.6,2.066666666666667,1,2,1
116,0,120,44.1,39,0,1,1,1,3,56,0.515038074910054,-0.8571673007021124,135.0,186.0,137.8,145.2,46.1,24.8,44.260000000000005,35.89333333333333,85.0,36.0,65.8,64.13333333333334,2.0,2.0,1.8,2.066666666666667,0,0,0
117,0,174,25.6,80,0,0,1,0,1,57,0.5112930860770522,-0.8594064115014527,120.0,149.0,142.8,146.26666666666668,44.1,47.9,39.800000000000004,35.64,39.0,60.0,69.8,64.6,3.0,1.0,1.8,2.0,0,1,1
118,0,159,46.8,81,1,0,0,0,1,58,0.5075383629607044,-0.8616291604415256,174.0,127.0,149.2,146.53333333333333,25.6,44.2,40.32,36.406666666666666,80.0,57.0,74.6,64.66666666666667,1.0,1.0,1.8,1.8,1,3,1
119,0,148,36.2,30,0,0,0,1,1,59,0.5037739770455267,-0.8638355052043954,159.0,158.0,147.2,143.66666666666666,46.8,39.0,39.760000000000005,35.67333333333333,81.0,88.0,63.0,62.6,1.0,2.0,1.6,1.7333333333333334,0,1,0
120,0,106,44.2,77,1,0,1,1,3,0,0.49999999999999994,-0.8660254037844387,148.0,135.0,141.4,142.26666666666668,36.2,46.1,39.38,36.78666666666666,30.0,85.0,61.4,62.13333333333333,1.0,2.0,1.8,1.6666666666666667,0,1,1
121,0,120,46.9,40,0,1,1,0,2,1,0.49621650367520803,-0.8681988144891424,106.0,120.0,141.4,137.73333333333332,44.2,44.1,39.940000000000005,37.760000000000005,77.0,39.0,61.6,59.4,3.0,3.0,1.6,1.6666666666666667,1,2,0
122,0,80,29.5,52,0,1,1,1,3,2,0.49242356010346716,-0.8703556959398997,120.0,174.0,122.6,139.46666666666667,46.9,25.6,40.72,36.88,40.0,80.0,56.0,58.46666666666667,2.0,1.0,2.0,1.7333333333333334,1,2,0
123,0,108,23.3,84,1,0,1,0,2,3,0.48862124149695485,-0.8724960070727972,80.0,159.0,112.4,134.8,29.5,46.8,36.02,36.64,52.0,81.0,56.6,61.8,3.0,1.0,2.2,1.7333333333333334,0,1,1
124,0,74,26.8,40,1,1,0,0,2,4,0.48480962024633717,-0.8746197071393957,108.0,148.0,97.6,134.53333333333333,23.3,36.2,34.14,36.940000000000005,84.0,30.0,58.6,59.733333333333334,2.0,1.0,2.4,1.8,1,2,0
125,0,172,32.8,32,0,1,0,0,1,5,0.48098876891938763,-0.8767267557075077,74.0,106.0,110.8,134.4,26.8,44.2,31.860000000000003,37.21333333333334,40.0,77.0,49.6,58.733333333333334,2.0,3.0,2.0,1.8,1,2,0
126,0,103,44.5,85,0,1,0,0,1,6,0.4771587602596086,-0.8788171126619653,172.0,120.0,107.4,128.86666666666667,32.8,46.9,31.380000000000003,38.52666666666667,32.0,40.0,58.6,62.0,1.0,2.0,1.8,1.7333333333333334,0,1,1
127,0,82,45.8,72,0,1,1,0,2,7,0.4733196671848435,-0.8808907382053855,103.0,80.0,107.8,124.4,44.5,29.5,34.64,38.38666666666666,85.0,52.0,62.6,62.8,1.0,3.0,1.6,1.8,1,2,1
128,0,86,20.2,35,1,0,0,0,1,8,0.4694715627858911,-0.8829475928589268,82.0,108.0,103.4,121.66666666666667,45.8,23.3,34.019999999999996,36.78666666666667,72.0,84.0,52.8,61.333333333333336,2.0,2.0,1.4,1.8,1,2,0
129,0,129,35.3,75,1,0,1,1,3,9,0.4656145203251112,-0.884987637463042,86.0,74.0,114.4,119.73333333333333,20.2,26.8,35.72,36.54,35.0,40.0,59.8,60.46666666666667,1.0,2.0,1.6,1.8666666666666667,1,2,1
130,0,81,32.5,78,0,1,1,1,3,10,0.4617486132350339,-0.8870108331782217,129.0,172.0,96.2,116.13333333333334,35.3,32.8,35.66,35.63333333333333,75.0,32.0,69.0,60.0,3.0,1.0,2.0,1.9333333333333333,1,3,1
131,0,192,26.7,46,1,0,1,0,2,11,0.457873915116957,-0.8890171414857363,81.0,103.0,114.0,120.93333333333334,32.5,44.5,32.099999999999994,34.473333333333336,78.0,85.0,61.2,60.46666666666667,3.0,1.0,2.2,1.8666666666666667,0,1,0
132,0,106,23.6,67,1,0,0,0,1,12,0.4539904997395473,-0.8910065241883676,192.0,82.0,118.8,116.4,26.7,45.8,27.660000000000004,34.34,46.0,72.0,60.2,59.6,2.0,2.0,2.0,1.8666666666666667,1,3,1
133,0,174,30.1,68,0,1,1,0,2,13,0.45009844103743496,-0.892978943411137,106.0,86.0,136.4,117.4,23.6,20.2,29.639999999999997,33.22666666666667,67.0,35.0,66.8,58.733333333333334,1.0,1.0,2.2,1.9333333333333333,1,2,1
134,0,70,48.3,81,1,1,0,0,2,14,0.446197813109809,-0.894934361602025,174.0,129.0,124.6,112.2,30.1,35.3,32.239999999999995,34.03333333333333,68.0,75.0,68.0,62.13333333333333,2.0,3.0,2.0,2.0,1,2,1
135,0,167,29.7,89,1,0,0,0,1,15,0.4422886902190017,-0.8968727415326881,70.0,81.0,141.8,116.26666666666667,48.3,32.5,31.68,33.06666666666666,81.0,78.0,70.2,62.93333333333333,2.0,3.0,1.6,1.8666666666666667,0,0,1
136,0,177,35.6,50,1,1,0,0,2,16,0.4383711467890773,-0.898794046299167,167.0,192.0,138.8,120.06666666666666,29.7,26.7,33.46,32.31333333333333,89.0,46.0,71.0,63.6,1.0,2.0,1.6,1.8666666666666667,1,3,0
137,0,165,41.1,89,0,0,1,0,1,17,0.4344452574044172,-0.9006982393225879,177.0,106.0,150.6,125.73333333333333,35.6,23.6,36.959999999999994,33.086666666666666,50.0,67.0,75.4,66.06666666666666,2.0,1.0,1.6,1.7333333333333334,1,2,1
138,0,119,30.9,64,1,0,1,0,2,18,0.4305110968082947,-0.9025852843498609,165.0,174.0,139.6,126.46666666666667,41.1,30.1,37.12,33.593333333333334,89.0,68.0,74.6,64.73333333333333,1.0,2.0,1.6,1.7333333333333334,0,1,1
139,0,132,49.2,83,0,1,0,1,2,19,0.42656873990145855,-0.9044551454543679,119.0,70.0,152.0,130.33333333333334,30.9,48.3,37.3,35.086666666666666,64.0,81.0,75.0,67.6,2.0,2.0,1.6,1.7333333333333334,1,3,1
140,0,66,48.9,41,0,0,1,1,2,20,0.4226182617406995,-0.9063077870366499,132.0,167.0,131.8,123.26666666666667,49.2,29.7,41.14,36.16,83.0,89.0,65.4,68.2,2.0,1.0,1.8,1.8,1,3,0
141,0,131,27.6,76,0,0,0,0,0,21,0.4186597375374284,-0.9081431738250811,66.0,177.0,122.6,125.13333333333334,48.9,35.6,39.54,35.03333333333333,41.0,50.0,70.6,67.6,2.0,2.0,1.4,1.7333333333333334,0,1,1
142,0,174,34.9,81,1,1,0,0,2,22,0.4146932426562392,-0.9099612708765431,131.0,165.0,124.4,131.26666666666668,27.6,41.1,38.3,34.306666666666665,76.0,89.0,69.0,68.2,0.0,1.0,1.6,1.7333333333333334,0,1,1
143,0,93,29.0,48,1,1,0,1,3,23,0.41071885261347724,-0.9117620435770886,174.0,119.0,119.2,131.73333333333332,34.9,30.9,37.92,34.89333333333333,81.0,64.0,65.8,69.06666666666666,2.0,2.0,1.8,1.8666666666666667,1,3,0
144,0,51,28.5,80,0,0,1,0,1,24,0.40673664307580043,-0.9135454576426008,93.0,132.0,103.0,126.53333333333333,29.0,49.2,33.779999999999994,34.440000000000005,48.0,83.0,65.2,69.4,3.0,2.0,1.6,1.7333333333333334,1,2,1
145,0,58,21.1,83,0,1,1,0,2,25,0.4027466898587373,-0.9153114791194471,51.0,66.0,101.4,125.0,28.5,48.9,28.220000000000006,33.68,80.0,41.0,73.6,69.73333333333333,1.0,2.0,1.6,1.6666666666666667,1,2,1
146,0,139,38.3,60,0,0,1,1,2,26,0.39874906892524614,-0.917060074385124,58.0,131.0,103.0,121.46666666666667,21.1,27.6,30.360000000000003,34.45333333333333,83.0,76.0,70.4,70.66666666666667,2.0,0.0,2.0,1.6666666666666667,1,2,0
147,0,144,35.1,56,1,0,0,0,1,27,0.3947438563842674,-0.9187912101488982,139.0,174.0,97.0,124.0,38.3,34.9,30.4,35.22,60.0,81.0,65.4,69.93333333333334,2.0,2.0,1.8,1.6666666666666667,1,2,0
148,0,164,21.5,80,0,1,1,0,2,28,0.39073112848927377,-0.9205048534524404,144.0,93.0,111.2,123.33333333333333,35.1,29.0,28.9,34.64666666666667,56.0,48.0,71.8,70.73333333333333,1.0,3.0,1.6,1.6666666666666667,1,2,1
149,0,199,28.4,59,0,0,0,0,0,29,0.3867109616368213,-0.9222009716704516,164.0,51.0,140.8,131.93333333333334,21.5,28.5,28.879999999999995,33.32,80.0,80.0,67.6,69.26666666666667,2.0,1.0,1.4,1.5333333333333334,0,1,1
150,0,80,47.2,79,1,1,0,1,3,30,0.3826834323650899,-0.9238795325112867,199.0,58.0,145.2,126.13333333333334,28.4,21.1,34.1,34.48666666666667,59.0,83.0,66.8,68.6,0.0,2.0,1.6,1.6666666666666667,1,3,1
151,0,157,27.2,69,1,1,1,1,4,31,0.37864861735243294,-0.9255405040175664,80.0,139.0,148.8,124.8,47.2,38.3,31.879999999999995,33.92666666666666,79.0,60.0,68.6,69.86666666666666,3.0,2.0,2.0,1.8,1,2,1
152,0,136,24.3,49,0,1,0,0,1,32,0.3746065934159118,-0.9271838545667875,157.0,144.0,147.2,122.86666666666666,27.2,35.1,29.72,32.806666666666665,69.0,56.0,67.2,67.2,4.0,1.0,2.0,1.8,0,1,1
153,0,187,34.7,58,1,1,1,0,3,33,0.3705574375098363,-0.9288095528719242,136.0,164.0,151.8,127.4,24.3,21.5,32.36,33.059999999999995,49.0,80.0,62.8,66.8,1.0,2.0,2.2,1.8666666666666667,0,1,1
154,0,111,49.6,51,0,1,1,1,3,34,0.3665012267242976,-0.9304175679820245,187.0,199.0,134.2,126.0,34.7,28.4,36.60000000000001,33.086666666666666,58.0,59.0,61.2,64.66666666666667,3.0,0.0,2.8,1.9333333333333333,0,1,0
155,0,139,27.3,89,1,0,0,0,1,35,0.36243803828370136,-0.9320078692827987,111.0,80.0,146.0,130.86666666666667,49.6,47.2,32.62,31.646666666666665,51.0,79.0,63.2,67.86666666666666,3.0,3.0,2.4,1.8666666666666667,1,3,1
156,0,121,40.2,78,1,0,1,0,2,36,0.35836794954530066,-0.9335804264972016,139.0,157.0,138.8,130.2,27.3,27.2,35.220000000000006,32.486666666666665,89.0,69.0,65.0,68.0,1.0,4.0,2.0,2.0,1,2,1
157,0,78,42.8,64,0,0,0,0,0,37,0.35429103799771566,-0.9351352096860118,121.0,136.0,127.2,123.8,40.2,24.3,38.92,33.013333333333335,78.0,49.0,68.0,66.86666666666666,2.0,1.0,1.8,1.8666666666666667,1,3,0
158,0,150,27.1,33,1,0,1,1,3,38,0.35020738125946793,-0.9366721892483975,78.0,187.0,119.8,127.6,42.8,34.7,37.400000000000006,32.88666666666667,64.0,58.0,63.0,65.86666666666666,0.0,3.0,1.8,1.8666666666666667,0,1,0
159,0,119,41.8,61,1,0,1,0,2,39,0.34611705707749285,-0.9381913359224842,150.0,111.0,121.4,132.13333333333333,27.1,49.6,35.839999999999996,33.77333333333333,33.0,51.0,65.0,64.6,3.0,3.0,1.6,1.9333333333333333,1,2,0
160,0,182,31.0,86,1,0,0,0,1,40,0.3420201433256689,-0.9396926207859083,119.0,139.0,130.0,140.4,41.8,27.3,36.58,34.43333333333333,61.0,89.0,64.4,64.8,2.0,1.0,1.6,1.8666666666666667,1,2,1
161,0,110,39.0,72,0,1,1,1,3,41,0.3379167180033274,-0.9411760152563705,182.0,121.0,127.8,138.46666666666667,31.0,40.2,36.339999999999996,34.480000000000004,86.0,78.0,63.2,65.6,1.0,2.0,1.8,1.9333333333333333,1,2,1
162,0,117,39.0,88,0,0,1,1,2,42,0.3338068592337712,-0.9426414910921783,110.0,78.0,135.6,136.66666666666666,39.0,42.8,35.58,34.74,72.0,64.0,68.0,67.73333333333333,3.0,0.0,2.2,2.0,0,1,1
163,0,76,36.1,55,1,1,0,0,2,43,0.32969064526278735,-0.9440890203927842,117.0,150.0,120.8,130.8,39.0,27.1,37.379999999999995,35.71333333333334,88.0,33.0,72.4,66.06666666666666,2.0,3.0,2.0,2.0,1,2,0
164,0,108,22.7,55,0,1,0,0,1,44,0.32556815445715703,-0.9455185755993167,76.0,119.0,118.6,124.73333333333333,36.1,41.8,33.56,35.333333333333336,55.0,61.0,71.2,65.8,2.0,2.0,1.8,2.066666666666667,1,2,1
165,0,105,45.1,84,0,1,0,0,1,45,0.32143946530316175,-0.9469301294951056,108.0,182.0,103.2,126.4,22.7,31.0,36.38,35.193333333333335,55.0,86.0,70.8,66.13333333333334,1.0,1.0,1.8,1.9333333333333333,0,1,1
166,0,173,29.6,55,0,0,0,1,1,46,0.31730465640509214,-0.9483236552061993,105.0,110.0,115.8,127.46666666666667,45.1,39.0,34.5,35.35333333333334,84.0,72.0,67.4,65.2,1.0,3.0,1.4,1.7333333333333334,1,2,1
167,0,66,25.6,45,0,1,1,0,2,47,0.3131638064837498,-0.9496991262018769,173.0,117.0,105.6,122.8,29.6,39.0,31.820000000000004,35.440000000000005,55.0,88.0,58.8,64.93333333333334,1.0,2.0,1.4,1.8,1,2,0
168,0,160,21.2,53,0,0,0,0,0,48,0.3090169943749475,-0.9510565162951535,66.0,76.0,122.4,121.0,25.6,36.1,28.839999999999996,34.54,45.0,55.0,58.4,64.6,2.0,2.0,1.0,1.6,1,3,1
169,0,145,37.7,70,1,0,0,1,2,49,0.30486429902801077,-0.9523957996432784,160.0,108.0,129.8,123.26666666666667,21.2,22.7,31.839999999999996,33.74666666666667,53.0,55.0,61.4,65.86666666666666,0.0,1.0,1.2,1.5333333333333334,0,1,1
170,0,63,40.3,41,1,1,1,0,3,50,0.30070579950427334,-0.9537169507482268,145.0,105.0,121.4,118.2,37.7,45.1,30.880000000000003,34.61333333333334,70.0,84.0,52.8,62.666666666666664,2.0,1.0,1.6,1.6666666666666667,0,1,0
171,0,56,20.5,59,0,0,1,1,2,51,0.296541574975571,-0.9550199444571866,63.0,173.0,98.0,113.86666666666666,40.3,29.6,29.060000000000002,33.3,41.0,55.0,53.6,61.4,3.0,1.0,1.8,1.6666666666666667,1,2,1
172,0,74,35.4,84,0,1,1,0,2,52,0.2923717047227366,-0.9563047559630355,56.0,66.0,99.6,113.6,20.5,25.6,31.02,32.806666666666665,59.0,45.0,61.4,62.733333333333334,2.0,2.0,1.8,1.8,0,0,1
173,0,155,26.8,86,0,1,0,1,2,53,0.28819626813408944,-0.9575713608048144,74.0,160.0,98.6,113.93333333333334,35.4,21.2,32.14,32.78666666666666,84.0,53.0,68.0,66.26666666666667,2.0,0.0,2.2,1.7333333333333334,1,2,1
174,0,146,39.4,50,1,1,1,0,3,54,0.2840153447039226,-0.958819734868193,155.0,145.0,98.8,115.73333333333333,26.8,37.7,32.48,32.62666666666667,86.0,70.0,64.0,65.53333333333333,2.0,2.0,2.4,1.8,1,3,0
175,0,136,25.2,40,1,1,0,1,3,55,0.2798290140309927,-0.9600498543859285,146.0,63.0,113.4,112.66666666666667,39.4,40.3,29.459999999999997,32.24,50.0,41.0,63.8,62.46666666666667,3.0,3.0,2.4,1.9333333333333333,1,2,0
176,0,131,40.7,65,0,1,1,1,3,56,0.2756373558169992,-0.9612616959383189,136.0,56.0,128.4,114.06666666666666,25.2,20.5,33.5,32.35333333333333,40.0,59.0,65.0,62.0,3.0,2.0,2.6,1.9333333333333333,1,2,1
177,0,64,31.6,30,0,0,1,1,2,57,0.2714404498650746,-0.9624552364536472,131.0,74.0,126.4,110.53333333333333,40.7,35.4,32.739999999999995,31.860000000000003,65.0,84.0,54.2,58.13333333333333,3.0,2.0,2.6,1.9333333333333333,1,2,0
178,0,66,48.1,73,0,1,1,0,2,58,0.2672383760782566,-0.9636304532086231,64.0,155.0,108.6,109.86666666666666,31.6,26.8,37.0,32.66,30.0,86.0,51.6,59.333333333333336,2.0,2.0,2.6,1.9333333333333333,0,1,1
179,0,95,24.1,90,0,0,0,1,1,59,0.2630312144579752,-0.9647873238288128,66.0,146.0,98.4,109.0,48.1,39.4,33.940000000000005,32.75333333333334,73.0,50.0,59.6,61.666666666666664,2.0,3.0,2.2,1.9333333333333333,0,1,1
180,0,179,30.2,67,0,1,1,1,3,0,0.258819045102521,-0.9659258262890682,95.0,136.0,107.0,113.93333333333334,24.1,25.2,34.940000000000005,31.759999999999998,90.0,40.0,65.0,60.53333333333333,1.0,3.0,2.2,2.066666666666667,0,1,1
181,0,160,23.4,53,1,1,0,1,3,1,0.2546019482055273,-0.9670459389139432,179.0,131.0,112.8,113.06666666666666,30.2,40.7,31.48,31.34666666666667,67.0,65.0,62.6,60.4,3.0,3.0,2.2,2.2,0,0,1
182,0,133,47.7,75,0,0,0,0,0,2,0.2503800040544418,-0.9681476403781076,160.0,64.0,126.6,117.53333333333333,23.4,31.6,34.7,32.82,53.0,30.0,71.6,62.4,3.0,2.0,1.8,2.066666666666667,1,2,1
183,0,83,46.3,58,1,0,0,1,2,3,0.2461532930289928,-0.9692309097067544,133.0,66.0,130.0,112.4,47.7,48.1,34.339999999999996,34.49333333333333,75.0,73.0,68.6,62.733333333333334,0.0,2.0,1.8,2.2,1,2,0
184,0,101,27.7,36,1,1,0,1,3,4,0.24192189559966817,-0.9702957262759964,83.0,95.0,131.2,109.46666666666667,46.3,24.1,35.06,33.82666666666667,58.0,90.0,57.8,60.46666666666667,2.0,1.0,2.2,2.2666666666666666,0,1,0
185,0,127,39.8,48,0,1,1,0,2,5,0.23768589232617293,-0.9713420698132614,101.0,179.0,120.8,113.73333333333333,27.7,30.2,36.98,33.79333333333334,36.0,67.0,54.0,60.93333333333333,3.0,3.0,2.0,2.2,0,1,0
186,0,59,44.5,37,1,1,0,1,3,6,0.23344536385590553,-0.9723699203976766,127.0,160.0,100.6,113.93333333333334,39.8,23.4,41.2,35.39333333333333,48.0,53.0,50.8,59.46666666666667,2.0,3.0,2.0,2.2666666666666666,0,0,0
187,0,109,36.7,66,1,0,0,1,2,7,0.22920039092241454,-0.9733792584604484,59.0,133.0,95.8,116.26666666666667,44.5,47.7,39.0,35.480000000000004,37.0,75.0,49.0,58.266666666666666,3.0,0.0,2.4,2.2666666666666666,0,0,1
188,0,189,35.9,80,1,1,1,1,4,8,0.2249510543438652,-0.9743700647852351,109.0,83.0,117.0,118.53333333333333,36.7,46.3,36.92,36.08666666666667,66.0,58.0,53.4,57.86666666666667,2.0,2.0,2.8,2.4,0,1,1
189,0,150,27.3,40,0,0,1,0,1,9,0.22069743502150113,-0.9753423205085127,189.0,101.0,126.8,118.8,35.9,27.7,36.839999999999996,35.28,80.0,36.0,54.2,57.2,4.0,3.0,2.4,2.2666666666666666,1,2,0
190,0,72,22.8,35,1,1,0,0,2,10,0.21643961393810318,-0.9762960071199333,150.0,127.0,115.8,114.53333333333333,27.3,39.8,33.44,35.12,40.0,48.0,51.6,56.86666666666667,1.0,2.0,2.4,2.2,1,3,0
191,0,196,46.9,30,1,1,1,0,3,11,0.21217767215644642,-0.9772311064626789,72.0,59.0,143.2,118.86666666666666,22.8,44.5,33.92,35.53333333333333,35.0,37.0,50.2,54.53333333333333,2.0,3.0,2.4,2.2,0,0,0
192,0,170,47.0,36,0,0,1,0,1,12,0.20791169081775931,-0.9781476007338057,196.0,109.0,155.4,125.93333333333334,46.9,36.7,35.98,36.559999999999995,30.0,66.0,44.2,54.93333333333333,3.0,2.0,2.2,2.1333333333333333,0,0,0
193,0,166,39.0,61,1,0,1,1,3,13,0.2036417511401777,-0.9790454724845838,170.0,189.0,150.8,132.6,47.0,35.9,36.6,35.95333333333333,36.0,80.0,40.4,54.13333333333333,1.0,4.0,2.0,2.2,1,2,0
194,0,174,30.2,53,0,1,1,0,2,14,0.19936793441719725,-0.9799247046208296,166.0,150.0,155.6,137.86666666666667,39.0,27.3,37.18,36.36,61.0,40.0,43.0,51.666666666666664,3.0,1.0,2.2,2.2666666666666666,0,1,1
195,0,120,30.5,84,0,0,1,0,1,15,0.19509032201612816,-0.9807852804032304,174.0,72.0,165.2,133.93333333333334,30.2,22.8,38.720000000000006,36.38,53.0,35.0,52.8,52.8,2.0,2.0,2.0,2.1333333333333333,1,2,1
196,0,122,41.8,38,1,1,1,0,3,16,0.19080899537654497,-0.9816271834476639,120.0,196.0,150.4,131.4,30.5,46.9,37.7,37.60666666666667,84.0,30.0,54.4,51.8,1.0,3.0,2.0,2.1333333333333333,1,2,0
197,0,67,46.9,32,1,0,1,1,3,17,0.18652403600873463,-0.9824503977255097,122.0,170.0,129.8,127.0,41.8,47.0,37.68,37.55333333333333,38.0,36.0,53.6,48.93333333333333,3.0,1.0,2.4,2.3333333333333335,1,3,0
198,0,148,46.6,87,0,0,0,1,1,18,0.18223552549214728,-0.9832549075639546,67.0,166.0,126.2,131.33333333333334,46.9,39.0,39.2,37.57333333333334,32.0,61.0,58.8,50.86666666666667,3.0,3.0,2.0,2.2666666666666666,0,1,1
199,0,64,43.4,54,0,0,1,1,2,19,0.17794354547384186,-0.9840406976462909,148.0,174.0,104.2,128.86666666666667,46.6,30.2,41.839999999999996,38.62,87.0,53.0,59.0,52.06666666666667,1.0,2.0,2.0,2.2,0,1,0
200,0,65,39.3,74,1,1,0,0,2,20,0.17364817766693028,-0.984807753012208,64.0,120.0,93.2,124.73333333333333,43.4,30.5,43.599999999999994,38.58666666666667,54.0,84.0,57.0,53.8,2.0,1.0,2.2,2.2,1,2,1
201,0,130,22.5,48,1,1,0,0,2,21,0.16934950384902525,-0.9855560590580776,65.0,122.0,94.8,129.46666666666667,39.3,41.8,39.739999999999995,37.120000000000005,74.0,38.0,59.0,54.53333333333333,2.0,3.0,2.0,2.1333333333333333,1,3,1
202,0,113,24.8,83,0,1,1,0,2,22,0.16504760586067765,-0.9862856015372314,130.0,67.0,104.0,129.73333333333332,22.5,46.9,35.32,36.32666666666667,48.0,32.0,69.2,55.666666666666664,2.0,3.0,1.8,2.1333333333333333,1,2,1
203,0,57,47.0,55,0,0,0,1,1,23,0.16074256560382638,-0.9869963665602318,113.0,148.0,85.8,120.93333333333334,24.8,46.6,35.4,37.06666666666667,83.0,87.0,62.8,54.0,2.0,1.0,1.8,1.9333333333333333,1,3,0
204,0,195,38.2,54,1,0,0,0,1,24,0.15643446504023054,-0.9876883405951378,57.0,64.0,112.0,123.93333333333334,47.0,43.4,34.36,37.79333333333333,55.0,54.0,62.8,54.93333333333333,1.0,2.0,1.6,1.9333333333333333,0,1,0
205,0,112,20.3,47,0,1,0,1,2,25,0.15212338618991708,-0.9883615104677607,195.0,65.0,121.4,126.6,38.2,39.3,30.560000000000002,37.626666666666665,54.0,74.0,57.4,55.733333333333334,1.0,2.0,1.6,1.9333333333333333,0,1,1
206,0,62,23.0,89,0,1,1,0,2,26,0.14780941112961038,-0.9890158633619168,112.0,130.0,107.8,117.66666666666667,20.3,22.5,30.660000000000004,36.03333333333333,47.0,48.0,65.6,59.666666666666664,2.0,2.0,1.6,1.8666666666666667,1,2,1
207,0,140,39.9,68,1,1,0,0,2,27,0.1434926219911798,-0.9896513868196701,62.0,113.0,113.2,115.66666666666667,23.0,24.8,33.68,35.559999999999995,89.0,83.0,62.6,61.8,2.0,2.0,1.6,1.9333333333333333,1,2,1
208,0,54,20.2,75,0,1,1,1,3,28,0.13917310096006574,-0.9902680687415703,140.0,57.0,112.6,108.2,39.9,47.0,28.32,34.306666666666665,68.0,55.0,66.6,62.733333333333334,2.0,1.0,2.0,1.9333333333333333,0,1,1
209,0,151,24.8,41,0,0,0,0,0,29,0.13485093027372316,-0.9908658973868822,54.0,195.0,103.8,106.66666666666667,20.2,38.2,25.639999999999997,33.946666666666665,75.0,54.0,64.0,61.93333333333333,3.0,1.0,1.8,1.8,0,1,0
210,0,197,36.5,40,1,0,0,0,1,30,0.130526192220052,-0.9914448613738104,151.0,112.0,120.8,111.8,24.8,20.3,28.880000000000003,34.346666666666664,41.0,47.0,62.6,59.0,0.0,2.0,1.6,1.8,1,3,0
211,0,142,40.8,74,0,1,1,0,2,31,0.12619896913582956,-0.992004949679715,197.0,62.0,136.8,113.13333333333334,36.5,23.0,32.44,34.28,40.0,89.0,59.6,61.4,1.0,2.0,1.6,1.7333333333333334,1,2,1
212,0,108,39.6,79,1,0,1,1,3,32,0.12186934340514755,-0.992546151641322,142.0,140.0,130.4,115.86666666666666,40.8,39.9,32.38,33.79333333333333,74.0,68.0,61.8,64.53333333333333,2.0,2.0,1.8,1.7333333333333334,1,2,1
213,0,150,26.7,36,0,1,0,1,2,33,0.11753739745783798,-0.9930684569549263,108.0,54.0,149.6,116.0,39.6,20.2,33.68,32.46666666666667,79.0,75.0,54.0,61.13333333333333,3.0,3.0,1.6,1.8,0,1,0
214,0,153,41.4,40,0,0,0,1,1,34,0.11320321376790689,-0.9935718556765875,150.0,151.0,150.0,121.93333333333334,26.7,24.8,37.0,32.333333333333336,36.0,41.0,53.8,60.2,2.0,0.0,1.8,1.7333333333333334,0,1,0
215,0,125,27.1,90,0,1,1,0,2,35,0.10886687485196457,-0.9940563382223196,153.0,197.0,135.6,125.93333333333334,41.4,36.5,35.12,31.52,40.0,40.0,63.8,61.266666666666666,1.0,1.0,2.0,1.7333333333333334,0,0,1
216,0,52,29.8,74,1,1,0,0,2,36,0.10452846326765373,-0.9945218953682733,125.0,142.0,117.6,120.73333333333333,27.1,40.8,32.92,32.00666666666667,90.0,74.0,63.8,63.0,2.0,2.0,2.0,1.7333333333333334,0,1,1
217,0,97,42.4,74,0,0,1,1,2,37,0.10018806161207638,-0.9949685182509117,52.0,108.0,115.4,119.66666666666667,29.8,39.6,33.48,33.18,74.0,79.0,62.8,62.4,2.0,3.0,1.8,1.7333333333333334,1,2,1
218,0,113,39.5,60,1,1,1,0,3,38,0.09584575252022391,-0.9953961983671789,97.0,150.0,108.0,123.4,42.4,26.7,36.04,32.68,74.0,36.0,67.6,62.733333333333334,2.0,2.0,2.0,1.8666666666666667,1,3,0
219,0,198,45.5,55,0,1,1,1,3,39,0.09150161866340258,-0.9958049275746617,113.0,153.0,117.0,123.6,39.5,41.4,36.86,33.166666666666664,60.0,40.0,70.6,62.8,3.0,1.0,2.4,2.0,1,2,0
220,0,109,39.7,33,0,1,0,0,1,40,0.0871557427476582,-0.9961946980917455,198.0,125.0,113.8,123.4,45.5,27.1,39.38,34.46,55.0,90.0,59.2,61.86666666666667,3.0,2.0,2.2,1.9333333333333333,0,1,0
221,0,130,37.0,49,0,0,0,1,1,41,0.08280820751220419,-0.9965655024977614,109.0,52.0,129.4,127.93333333333334,39.7,29.8,40.82,35.39333333333333,33.0,74.0,54.2,59.2,1.0,2.0,2.0,1.8666666666666667,1,2,0
222,0,83,22.8,50,0,1,0,0,1,42,0.07845909572784551,-0.996917333733128,130.0,97.0,126.6,124.13333333333334,37.0,42.4,36.9,34.25333333333333,49.0,74.0,49.4,58.0,1.0,2.0,1.8,1.8,0,1,1
223,0,137,31.0,80,1,0,1,0,2,43,0.07410849019539918,-0.9972501850994857,83.0,113.0,131.4,129.66666666666666,22.8,39.5,35.2,34.973333333333336,50.0,60.0,53.4,58.333333333333336,1.0,3.0,1.6,1.7333333333333334,0,1,1
224,0,180,28.0,59,0,0,0,1,1,44,0.06975647374412597,-0.9975640502598242,137.0,198.0,127.8,131.6,31.0,45.5,31.7,35.18666666666666,80.0,55.0,54.2,59.53333333333333,2.0,3.0,1.2,1.8,0,0,1
225,0,119,27.3,39,0,0,1,0,1,45,0.06540312923014312,-0.9978589232386035,180.0,109.0,129.8,126.4,28.0,39.7,29.22,34.57333333333334,59.0,33.0,55.4,59.46666666666667,1.0,1.0,1.2,1.8,0,0,0
226,0,96,49.2,88,0,0,1,1,2,46,0.06104853953485675,-0.998134798421867,119.0,130.0,123.0,123.33333333333333,27.3,37.0,31.660000000000004,35.13333333333333,39.0,49.0,63.2,60.4,1.0,1.0,1.4,1.8,0,1,1
227,0,175,31.8,35,0,0,1,1,2,47,0.056692787563378096,-0.9983916705573488,96.0,83.0,141.4,127.8,49.2,22.8,33.459999999999994,34.61333333333334,88.0,50.0,60.2,57.46666666666667,2.0,1.0,1.6,1.7333333333333334,1,2,0
228,0,199,46.8,49,1,1,0,0,2,48,0.05233595624294381,-0.9986295347545738,175.0,137.0,153.8,131.06666666666666,31.8,31.0,36.62,35.95333333333334,35.0,80.0,54.0,58.333333333333336,2.0,2.0,1.6,1.7333333333333334,1,2,0
229,0,68,38.9,31,0,1,0,0,1,49,0.04797812852134419,-0.9988483864849507,199.0,180.0,131.4,125.4,46.8,28.0,38.8,35.78666666666666,49.0,59.0,48.4,57.733333333333334,2.0,1.0,1.6,1.7333333333333334,1,2,0
230,0,190,43.8,41,1,1,1,0,3,50,0.043619387365335625,-0.9990482215818578,68.0,119.0,145.6,129.73333333333332,38.9,27.3,42.1,36.9,31.0,39.0,48.8,54.46666666666667,1.0,1.0,2.0,1.8,1,2,0
231,0,142,35.1,56,1,0,0,1,2,51,0.03925981575906895,-0.9992290362407229,190.0,96.0,154.8,135.73333333333332,43.8,49.2,39.279999999999994,37.25333333333333,41.0,88.0,42.4,53.266666666666666,3.0,2.0,2.0,1.8,1,3,0
232,0,138,37.3,70,1,0,0,1,2,52,0.0348994967025007,-0.9993908270190958,142.0,175.0,147.4,138.46666666666667,35.1,31.8,40.38,36.91333333333333,56.0,35.0,49.4,53.0,2.0,2.0,2.0,1.8,1,3,1
233,0,199,34.8,66,0,1,1,0,2,53,0.030538513209823103,-0.9995335908367129,138.0,199.0,147.4,144.2,37.3,46.8,37.98,36.6,70.0,49.0,52.8,53.4,2.0,2.0,2.0,1.7333333333333334,1,2,1
234,0,128,25.9,71,0,1,1,1,3,54,0.026176948307873423,-0.9996573249755573,199.0,68.0,159.4,139.53333333333333,34.8,38.9,35.379999999999995,35.29333333333333,66.0,31.0,60.8,54.46666666666667,2.0,1.0,2.4,1.7333333333333334,0,1,1
235,0,53,41.7,74,1,0,0,1,2,55,0.021814885034561218,-0.9997620270799091,128.0,190.0,132.0,135.8,25.9,43.8,34.96,35.42666666666666,71.0,41.0,67.4,57.2,3.0,3.0,2.2,1.8,0,0,1
236,0,110,28.4,89,0,0,0,0,0,56,0.017452406437283883,-0.9998476951563913,53.0,142.0,125.6,134.46666666666667,41.7,35.1,33.61999999999999,34.85333333333333,74.0,56.0,74.0,59.86666666666667,2.0,2.0,1.8,1.7333333333333334,0,1,1
237,0,135,20.7,72,1,0,1,1,3,57,0.013089595571344636,-0.999914327574007,110.0,138.0,125.0,137.93333333333334,28.4,37.3,30.3,34.71333333333333,89.0,70.0,74.4,61.333333333333336,0.0,2.0,2.0,1.8666666666666667,1,2,1
238,0,165,39.4,71,1,0,1,1,3,58,0.008726535498373959,-0.9999619230641713,135.0,199.0,118.2,139.8,20.7,34.8,31.22,35.273333333333326,72.0,66.0,75.4,60.733333333333334,3.0,2.0,2.2,1.9333333333333333,0,1,1
239,0,168,25.3,36,0,1,1,0,2,59,0.004363309284746866,-0.9999904807207345,165.0,128.0,126.2,139.0,39.4,25.9,31.1,35.093333333333334,71.0,71.0,68.4,59.2,3.0,3.0,2.0,2.0,1,2,0
240,0,53,48.2,44,1,1,0,0,2,0,1.2246467991473532e-16,-1.0,168.0,53.0,126.2,134.6,25.3,41.7,32.4,36.486666666666665,36.0,74.0,62.4,59.53333333333333,2.0,2.0,2.0,2.066666666666667,1,2,0
241,0,200,48.6,64,0,0,1,0,1,1,-0.0043633092847466205,-0.9999904807207345,53.0,110.0,144.2,141.53333333333333,48.2,28.4,36.44,36.446666666666665,44.0,89.0,57.4,57.93333333333333,2.0,0.0,2.2,2.0,0,1,0
242,0,111,47.4,87,1,0,1,0,2,2,-0.008726535498373713,-0.9999619230641713,200.0,135.0,139.4,137.26666666666668,48.6,20.7,41.78,37.486666666666665,64.0,72.0,60.4,61.4,1.0,3.0,2.0,2.0,0,1,1
243,0,145,31.1,40,0,1,1,0,2,3,-0.013089595571344391,-0.999914327574007,111.0,165.0,135.4,133.66666666666666,47.4,39.4,40.12,36.43999999999999,87.0,71.0,54.2,60.8,2.0,3.0,1.8,2.0,0,1,0
244,0,124,20.5,62,1,0,0,0,1,4,-0.017452406437283637,-0.9998476951563913,145.0,168.0,126.6,137.4,31.1,25.3,39.16,35.21333333333333,40.0,36.0,59.4,62.86666666666667,2.0,2.0,1.6,2.0,1,2,1
245,0,158,47.8,84,0,1,0,1,2,5,-0.021814885034560975,-0.9997620270799091,124.0,53.0,147.6,135.26666666666668,20.5,48.2,39.08,35.480000000000004,62.0,44.0,67.4,65.73333333333333,1.0,2.0,1.6,1.9333333333333333,1,2,1
246,0,115,32.8,46,0,1,0,0,1,6,-0.026176948307873177,-0.9996573249755573,158.0,200.0,130.6,133.46666666666667,47.8,48.6,35.92,35.32666666666667,84.0,64.0,63.8,65.06666666666666,2.0,1.0,1.6,1.8666666666666667,1,3,0
247,0,62,49.0,51,1,1,1,1,4,7,-0.030538513209822857,-0.9995335908367129,115.0,111.0,120.8,128.4,32.8,47.4,36.239999999999995,36.10666666666667,46.0,87.0,56.6,63.8,1.0,2.0,2.0,2.0,0,0,0
248,0,163,48.9,65,0,0,0,1,1,8,-0.034899496702500456,-0.9993908270190958,62.0,145.0,124.4,126.0,49.0,31.1,39.8,37.04666666666667,51.0,40.0,61.6,63.733333333333334,4.0,2.0,1.8,1.9333333333333333,1,2,0
249,0,150,45.6,77,0,1,1,0,2,9,-0.03925981575906871,-0.9992290362407229,163.0,124.0,129.6,127.46666666666667,48.9,20.5,44.82,38.36000000000001,65.0,62.0,64.6,64.13333333333334,1.0,1.0,2.0,1.8666666666666667,0,1,1
250,0,195,28.8,69,0,1,1,0,2,10,-0.04361938736533538,-0.9990482215818578,150.0,158.0,137.0,136.93333333333334,45.6,47.8,41.019999999999996,37.5,77.0,84.0,61.6,63.8,2.0,2.0,2.0,1.8666666666666667,1,2,1
251,0,116,31.6,84,0,0,0,1,1,11,-0.04797812852134395,-0.9988483864849507,195.0,115.0,137.2,137.33333333333334,28.8,32.8,40.78,37.71333333333334,69.0,46.0,69.2,63.46666666666667,2.0,1.0,2.0,1.9333333333333333,1,2,1
252,0,77,45.5,44,1,1,1,0,3,12,-0.052335956242943564,-0.9986295347545738,116.0,62.0,140.2,133.46666666666667,31.6,49.0,40.08,39.36666666666667,84.0,51.0,67.8,61.6,1.0,4.0,1.8,1.9333333333333333,1,2,0
253,0,124,29.5,65,1,1,0,0,2,13,-0.05669278756337785,-0.9983916705573488,77.0,163.0,132.4,130.73333333333332,45.5,48.9,36.2,38.70666666666667,44.0,65.0,67.8,61.2,3.0,1.0,2.0,1.8666666666666667,0,1,1
254,0,121,25.1,32,1,0,1,0,2,14,-0.0610485395348565,-0.998134798421867,124.0,150.0,126.6,127.6,29.5,45.6,32.1,38.69333333333334,65.0,77.0,58.8,60.93333333333333,2.0,2.0,2.0,1.8666666666666667,0,1,0
255,0,69,36.7,64,0,1,0,0,1,15,-0.06540312923014287,-0.9978589232386035,121.0,195.0,101.4,128.66666666666666,25.1,28.8,33.68,37.92666666666666,32.0,69.0,57.8,62.266666666666666,2.0,2.0,1.8,1.8,0,1,1
256,0,95,48.1,75,1,1,0,0,2,16,-0.06975647374412572,-0.9975640502598242,69.0,116.0,97.2,121.66666666666667,36.7,31.6,36.980000000000004,37.89333333333333,64.0,84.0,56.0,63.0,1.0,1.0,2.0,1.8666666666666667,0,0,1
257,0,90,40.9,73,1,1,0,0,2,17,-0.07410849019539895,-0.9972501850994857,95.0,77.0,99.8,120.26666666666667,48.1,45.5,36.06,37.46,75.0,44.0,61.8,62.06666666666667,2.0,3.0,1.8,1.8666666666666667,1,2,1
258,0,175,37.1,46,1,1,1,0,3,18,-0.07845909572784526,-0.996917333733128,90.0,124.0,110.0,122.26666666666667,40.9,29.5,37.58,37.86,73.0,65.0,58.0,62.46666666666667,2.0,2.0,2.0,1.9333333333333333,0,1,0
259,0,199,22.9,41,1,0,0,1,2,19,-0.08280820751220395,-0.9965655024977614,175.0,121.0,125.6,127.26666666666667,37.1,25.1,37.14,38.019999999999996,46.0,32.0,59.8,61.06666666666667,3.0,2.0,2.0,2.0,1,2,0
260,0,153,38.5,55,1,0,0,0,1,20,-0.08715574274765794,-0.9961946980917455,199.0,69.0,142.4,126.93333333333334,22.9,36.7,37.5,37.4,41.0,64.0,58.0,59.13333333333333,2.0,1.0,2.0,1.9333333333333333,1,2,0
261,0,88,49.7,39,1,0,1,0,2,21,-0.09150161866340234,-0.9958049275746618,153.0,95.0,141.0,125.13333333333334,38.5,48.1,37.82,38.526666666666664,55.0,75.0,50.8,58.666666666666664,1.0,2.0,2.0,2.0,1,2,0
262,0,165,24.2,70,0,0,0,1,1,22,-0.09584575252022366,-0.9953961983671789,88.0,90.0,156.0,132.0,49.7,40.9,34.480000000000004,36.87333333333333,39.0,73.0,50.2,59.93333333333333,2.0,2.0,1.8,1.8,0,1,1
263,0,118,35.5,38,0,0,0,1,1,23,-0.10018806161207613,-0.9949685182509117,165.0,175.0,144.6,129.0,24.2,37.1,34.160000000000004,35.98,70.0,46.0,48.6,58.13333333333333,1.0,3.0,1.4,1.8,1,2,0
264,0,194,46.3,71,1,0,1,1,3,24,-0.1045284632676535,-0.9945218953682733,118.0,199.0,143.6,131.93333333333334,35.5,22.9,38.839999999999996,36.026666666666664,38.0,41.0,54.6,57.733333333333334,1.0,2.0,1.6,1.8666666666666667,0,1,1
265,0,108,42.2,88,0,0,1,1,2,25,-0.10886687485196432,-0.9940563382223196,194.0,153.0,134.6,126.13333333333334,46.3,38.5,39.58,36.919999999999995,71.0,55.0,61.2,59.0,3.0,1.0,1.8,1.8666666666666667,1,2,1
266,0,65,40.9,68,0,0,1,0,1,26,-0.11320321376790664,-0.9935718556765875,108.0,88.0,130.0,122.73333333333333,42.2,49.7,37.82,37.54,88.0,39.0,67.0,57.93333333333333,2.0,2.0,1.6,1.8666666666666667,0,1,1
267,0,113,41.1,55,1,0,1,0,2,27,-0.11753739745783774,-0.9930684569549263,65.0,165.0,119.6,125.13333333333334,40.9,24.2,41.2,37.24666666666666,68.0,70.0,64.0,58.666666666666664,1.0,1.0,1.8,1.8,1,2,0
268,0,113,30.8,73,1,1,0,1,3,28,-0.12186934340514731,-0.9925461516413221,113.0,118.0,118.6,124.4,41.1,35.5,40.26,37.333333333333336,55.0,38.0,71.0,59.2,2.0,1.0,2.2,1.8666666666666667,0,1,1
269,0,142,28.8,51,1,1,0,0,2,29,-0.12619896913582931,-0.9920049496797151,113.0,194.0,108.2,125.8,30.8,46.3,36.760000000000005,37.58,73.0,71.0,67.0,60.46666666666667,3.0,3.0,2.0,1.8666666666666667,0,1,0
270,0,112,44.3,76,1,1,1,0,3,30,-0.13052619222005177,-0.9914448613738104,142.0,108.0,109.0,128.66666666666666,28.8,42.2,37.18,38.08666666666667,51.0,88.0,64.6,61.266666666666666,2.0,2.0,2.2,2.0,0,0,1
271,0,58,44.3,66,1,0,0,1,2,31,-0.1348509302737229,-0.9908658973868822,112.0,65.0,107.6,126.2,44.3,40.9,37.86,37.833333333333336,76.0,68.0,64.2,60.666666666666664,3.0,1.0,2.4,2.0,1,2,0
272,0,160,46.0,74,1,0,1,0,2,32,-0.13917310096006552,-0.9902680687415703,58.0,113.0,117.0,130.86666666666667,44.3,41.1,38.839999999999996,38.17333333333333,66.0,55.0,68.0,60.733333333333334,2.0,2.0,2.4,2.0,1,2,1
273,0,99,47.4,49,1,0,1,1,3,33,-0.14349262199117954,-0.9896513868196701,160.0,113.0,114.2,125.8,46.0,30.8,42.160000000000004,38.86,74.0,73.0,63.2,60.93333333333333,2.0,3.0,2.4,2.0,1,2,0
274,0,87,35.3,44,0,0,1,1,2,34,-0.14780941112961016,-0.9890158633619169,99.0,142.0,103.2,118.33333333333333,47.4,28.8,43.459999999999994,39.68666666666666,49.0,51.0,61.8,61.13333333333333,3.0,2.0,2.4,2.0,0,1,0
275,0,188,35.0,30,1,1,1,1,4,35,-0.15212338618991683,-0.9883615104677607,87.0,112.0,118.4,120.66666666666667,35.3,44.3,41.6,39.45333333333333,44.0,76.0,52.6,59.46666666666667,2.0,3.0,2.6,2.2,1,2,0
276,0,109,43.9,70,0,1,1,0,2,36,-0.1564344650402303,-0.9876883405951378,188.0,58.0,128.6,122.06666666666666,35.0,44.3,41.519999999999996,39.06666666666667,30.0,66.0,53.4,61.53333333333333,4.0,2.0,2.6,2.2,1,2,1
277,0,61,39.5,81,0,1,0,0,1,37,-0.16074256560382613,-0.9869963665602319,109.0,160.0,108.8,115.13333333333334,43.9,46.0,40.22,40.08666666666667,70.0,74.0,54.8,62.266666666666666,2.0,2.0,2.4,2.2,1,2,1
278,0,149,41.1,66,0,0,1,0,1,38,-0.16504760586067743,-0.9862856015372314,61.0,99.0,118.8,117.2,39.5,47.4,38.959999999999994,40.46000000000001,81.0,49.0,58.2,64.13333333333334,1.0,3.0,2.0,2.2,1,3,1
279,0,112,43.9,53,0,1,0,1,2,39,-0.169349503849025,-0.9855560590580776,149.0,87.0,123.8,111.73333333333333,41.1,35.3,40.68,40.3,66.0,44.0,60.0,62.93333333333333,1.0,2.0,2.0,2.1333333333333333,0,0,0
280,0,91,46.7,83,1,1,1,0,3,40,-0.17364817766693003,-0.9848077530122081,112.0,188.0,104.4,110.6,43.9,35.0,43.019999999999996,40.6,53.0,30.0,70.6,62.6,2.0,4.0,1.8,2.2,1,2,1
281,0,94,30.1,78,1,1,0,0,2,41,-0.1779435454738416,-0.9840406976462909,91.0,109.0,101.4,112.53333333333333,46.7,43.9,40.260000000000005,39.879999999999995,83.0,70.0,72.2,63.266666666666666,3.0,2.0,1.8,2.2666666666666666,1,2,1
282,0,84,31.3,56,0,1,1,0,2,42,-0.18223552549214703,-0.9832549075639546,94.0,61.0,106.0,110.6,30.1,39.5,38.62,39.226666666666674,78.0,81.0,67.2,63.333333333333336,2.0,1.0,2.0,2.2666666666666666,0,1,1
283,0,79,22.8,87,0,0,1,0,1,43,-0.18652403600873438,-0.9824503977255098,84.0,149.0,92.0,108.33333333333333,31.3,41.1,34.96,38.693333333333335,56.0,66.0,71.4,64.26666666666667,2.0,1.0,2.0,2.1333333333333333,0,1,1
284,0,135,37.3,32,1,0,1,1,3,44,-0.19080899537654472,-0.981627183447664,79.0,112.0,96.6,107.86666666666666,22.8,43.9,33.64,39.26,87.0,53.0,67.2,63.0,1.0,2.0,2.2,2.2,1,3,0
285,0,154,21.1,64,0,1,0,1,2,45,-0.19509032201612792,-0.9807852804032305,135.0,91.0,109.2,110.66666666666667,37.3,46.7,28.520000000000003,37.71333333333333,32.0,83.0,63.4,62.2,3.0,3.0,2.0,2.1333333333333333,0,1,1
286,0,85,34.0,70,1,1,0,0,2,46,-0.199367934417197,-0.9799247046208297,154.0,94.0,107.4,112.46666666666667,21.1,30.1,29.3,37.026666666666664,64.0,78.0,61.8,62.46666666666667,2.0,2.0,2.0,2.1333333333333333,1,3,1
287,0,171,36.3,36,1,1,1,1,4,47,-0.20364175114017746,-0.9790454724845838,85.0,84.0,124.8,113.2,34.0,31.3,30.3,36.38,70.0,56.0,57.8,59.93333333333333,2.0,2.0,2.4,2.2666666666666666,1,2,0
288,0,174,28.6,33,0,0,1,0,1,48,-0.20791169081775907,-0.9781476007338057,171.0,79.0,143.8,118.2,36.3,22.8,31.459999999999997,35.126666666666665,36.0,87.0,47.0,58.86666666666667,4.0,1.0,2.4,2.1333333333333333,0,1,0
289,0,163,37.7,88,0,1,1,0,2,49,-0.21217767215644617,-0.9772311064626789,174.0,135.0,149.4,123.26666666666667,28.6,37.3,31.540000000000003,35.28666666666666,33.0,32.0,58.2,61.8,1.0,3.0,2.2,2.1333333333333333,1,2,1
290,0,104,20.9,33,0,1,1,0,2,50,-0.21643961393810293,-0.9762960071199334,163.0,154.0,139.4,117.66666666666667,37.7,21.1,31.5,34.34666666666667,88.0,64.0,52.0,62.0,2.0,2.0,2.2,2.0,0,1,0
291,0,146,21.1,80,1,1,0,0,2,51,-0.22069743502150088,-0.9753423205085128,104.0,85.0,151.6,120.13333333333334,20.9,34.0,28.919999999999998,32.82666666666667,33.0,70.0,54.0,62.666666666666664,2.0,2.0,2.2,2.0,0,0,1
292,0,125,44.7,81,1,1,1,1,4,52,-0.22495105434386498,-0.9743700647852352,146.0,171.0,142.4,124.4,21.1,36.3,30.6,33.17333333333333,80.0,36.0,63.0,62.666666666666664,2.0,4.0,2.2,2.2,1,2,1
293,0,141,30.8,30,0,1,0,1,2,53,-0.2292003909224143,-0.9733792584604485,125.0,174.0,135.8,123.86666666666666,44.7,28.6,31.040000000000003,32.486666666666665,81.0,33.0,62.4,60.266666666666666,4.0,1.0,2.4,2.2666666666666666,1,3,0
294,0,199,23.8,70,0,1,1,0,2,54,-0.23344536385590528,-0.9723699203976767,141.0,163.0,143.0,129.66666666666666,30.8,37.7,28.26,31.14666666666667,30.0,88.0,58.8,61.4,2.0,2.0,2.4,2.2666666666666666,0,1,1
295,0,54,35.7,39,1,0,0,1,2,55,-0.2376858923261727,-0.9713420698132615,199.0,104.0,133.0,127.2,23.8,20.9,31.220000000000006,30.413333333333334,70.0,33.0,60.0,58.46666666666667,2.0,2.0,2.4,2.2,1,3,0
296,0,129,43.1,32,0,1,1,0,2,56,-0.24192189559966792,-0.9702957262759965,54.0,146.0,129.6,129.53333333333333,35.7,21.1,35.620000000000005,31.280000000000005,39.0,80.0,50.4,55.4,2.0,2.0,2.4,2.2,0,1,0
297,0,167,26.5,73,0,0,1,0,1,57,-0.24615329302899255,-0.9692309097067545,129.0,125.0,138.0,135.06666666666666,43.1,44.7,31.98,30.96,32.0,81.0,48.8,56.53333333333333,2.0,4.0,1.8,2.1333333333333333,1,2,1
298,0,146,38.7,89,1,1,0,1,3,58,-0.25038000405444155,-0.9681476403781077,167.0,141.0,139.0,139.53333333333333,26.5,30.8,33.56,32.02,73.0,30.0,60.6,56.666666666666664,1.0,2.0,2.0,2.2666666666666666,0,0,1
299,0,195,22.6,42,0,0,0,1,1,59,-0.254601948205527,-0.9670459389139433,146.0,199.0,138.2,143.53333333333333,38.7,23.8,33.32000000000001,31.040000000000003,89.0,70.0,55.0,57.333333333333336,3.0,2.0,1.8,2.1333333333333333,0,1,0
300,0,109,21.6,90,1,0,0,0,1,0,-0.2588190451025208,-0.9659258262890683,195.0,54.0,149.2,140.53333333333333,22.6,35.7,30.500000000000007,31.073333333333334,42.0,39.0,65.2,59.06666666666667,1.0,2.0,1.6,2.066666666666667,0,1,1
301,0,130,35.9,48,1,1,0,1,3,1,-0.26303121445797495,-0.9647873238288129,109.0,129.0,149.4,143.53333333333333,21.6,43.1,29.060000000000002,31.2,90.0,32.0,68.4,57.6,1.0,2.0,1.8,2.1333333333333333,0,1,0
302,0,198,36.2,72,1,0,0,0,1,2,-0.26723837607825635,-0.9636304532086232,130.0,167.0,155.6,145.33333333333334,35.9,26.5,31.0,31.193333333333335,48.0,73.0,68.2,60.0,3.0,1.0,1.8,1.9333333333333333,0,1,1
303,0,63,39.1,37,0,1,0,1,2,3,-0.2714404498650743,-0.9624552364536473,198.0,146.0,139.0,137.93333333333334,36.2,38.7,31.080000000000002,31.89333333333333,72.0,89.0,57.8,60.266666666666666,1.0,3.0,1.6,2.0,1,2,0
304,0,62,41.8,50,1,0,0,0,1,4,-0.275637355816999,-0.9612616959383189,63.0,195.0,112.4,131.2,39.1,22.6,34.92,32.166666666666664,37.0,42.0,59.4,57.733333333333334,2.0,1.0,1.6,1.9333333333333333,1,2,0
305,0,142,49.3,53,1,1,0,0,2,5,-0.2798290140309925,-0.9600498543859286,62.0,109.0,119.0,133.73333333333332,41.8,21.6,40.459999999999994,34.06,50.0,90.0,52.0,59.06666666666667,1.0,1.0,1.8,1.9333333333333333,1,2,0
306,0,183,35.5,53,1,0,1,1,3,6,-0.28401534470392237,-0.9588197348681932,142.0,130.0,129.6,136.2,49.3,35.9,40.379999999999995,35.019999999999996,53.0,48.0,53.0,57.266666666666666,2.0,3.0,1.8,2.0,1,3,0
307,0,86,29.7,34,1,1,1,0,3,7,-0.2881962681340892,-0.9575713608048144,183.0,198.0,107.2,133.6,35.5,36.2,39.08,34.02,53.0,72.0,45.4,54.13333333333333,3.0,1.0,2.2,1.9333333333333333,0,1,0
308,0,155,43.9,84,0,1,1,1,3,8,-0.2923717047227364,-0.9563047559630355,86.0,63.0,125.6,134.53333333333333,29.7,39.1,40.04,34.89333333333333,34.0,37.0,54.8,57.733333333333334,3.0,2.0,2.4,2.0,1,2,1
309,0,83,28.1,64,0,0,0,1,1,9,-0.29654157497557077,-0.9550199444571867,155.0,62.0,129.8,126.8,43.9,41.8,37.3,35.18,84.0,50.0,57.6,57.333333333333336,3.0,1.0,2.4,1.9333333333333333,1,2,1
310,0,72,33.2,76,0,0,1,1,2,10,-0.30070579950427306,-0.9537169507482269,83.0,142.0,115.8,128.0,28.1,49.3,34.08,35.013333333333335,64.0,53.0,62.2,59.8,1.0,2.0,2.4,1.9333333333333333,0,1,1
311,0,170,22.4,76,1,0,0,0,1,11,-0.3048642990280105,-0.9523957996432785,72.0,183.0,113.2,130.73333333333332,33.2,35.5,31.46,33.63333333333333,76.0,53.0,66.8,62.733333333333334,2.0,3.0,2.0,1.8666666666666667,1,2,1
312,0,140,20.8,40,1,0,1,0,2,12,-0.3090169943749473,-0.9510565162951536,170.0,86.0,124.0,128.93333333333334,22.4,29.7,29.68,33.25333333333334,76.0,34.0,68.0,60.53333333333333,1.0,3.0,1.8,1.9333333333333333,1,2,0
313,0,93,48.9,84,1,0,0,0,1,13,-0.3131638064837496,-0.949699126201877,140.0,155.0,111.6,125.4,20.8,43.9,30.68,33.93333333333333,40.0,84.0,68.0,60.2,2.0,3.0,1.4,1.8,1,2,1
314,0,188,45.1,83,1,1,1,0,3,14,-0.3173046564050919,-0.9483236552061994,93.0,83.0,132.6,124.93333333333334,48.9,28.1,34.08,35.43333333333333,84.0,64.0,71.8,62.93333333333333,1.0,1.0,1.8,1.9333333333333333,1,3,1
315,0,122,40.9,60,1,0,0,1,2,15,-0.32143946530316153,-0.9469301294951057,188.0,72.0,142.6,125.8,45.1,33.2,35.62,36.72,83.0,76.0,68.6,60.93333333333333,3.0,2.0,1.8,2.0,1,2,0
316,0,159,32.3,69,1,0,1,1,3,16,-0.32556815445715676,-0.9455185755993167,122.0,170.0,140.4,127.73333333333333,40.9,22.4,37.6,36.480000000000004,60.0,76.0,67.2,62.333333333333336,2.0,1.0,2.2,2.0,1,2,1
317,0,86,25.2,71,0,1,0,0,1,17,-0.32969064526278713,-0.9440890203927843,159.0,140.0,129.6,120.26666666666667,32.3,20.8,38.480000000000004,35.74666666666666,69.0,40.0,73.4,62.266666666666666,3.0,2.0,2.0,2.0,0,1,1
318,0,167,24.7,69,0,0,1,1,2,18,-0.33380685923377096,-0.9426414910921784,86.0,93.0,144.4,127.2,25.2,48.9,33.64,34.78666666666667,71.0,84.0,70.4,64.4,1.0,1.0,2.2,2.0,1,3,1
319,0,82,27.5,80,1,0,0,0,1,19,-0.3379167180033272,-0.9411760152563705,167.0,188.0,123.2,128.53333333333333,24.7,45.1,30.119999999999997,33.833333333333336,69.0,83.0,69.8,66.4,2.0,3.0,1.8,2.0,0,1,1
320,0,180,36.5,80,0,0,0,1,1,20,-0.34202014332566866,-0.9396926207859084,82.0,122.0,134.8,131.06666666666666,27.5,40.9,29.24,32.98,80.0,60.0,73.8,68.2,1.0,2.0,1.6,1.9333333333333333,0,1,1
321,0,72,41.4,75,1,1,0,1,3,21,-0.34611705707749263,-0.9381913359224843,180.0,159.0,117.4,123.66666666666667,36.5,32.3,31.060000000000002,33.373333333333335,80.0,69.0,75.0,69.66666666666667,1.0,3.0,1.6,1.9333333333333333,1,2,1
322,0,59,39.8,54,0,0,1,1,2,22,-0.3502073812594677,-0.9366721892483976,72.0,86.0,112.0,121.86666666666666,41.4,25.2,33.980000000000004,34.04666666666667,75.0,71.0,71.6,71.0,3.0,1.0,1.8,1.8666666666666667,1,3,0
323,0,126,28.4,81,0,1,1,0,2,23,-0.3542910379977154,-0.9351352096860118,59.0,167.0,103.8,119.93333333333334,39.8,24.7,34.72,33.013333333333335,54.0,69.0,74.0,70.8,2.0,2.0,1.8,1.8,0,1,1
324,0,128,48.6,60,0,1,0,0,1,24,-0.35836794954530043,-0.9335804264972016,126.0,82.0,113.0,122.93333333333334,28.4,27.5,38.94,34.38,81.0,80.0,70.0,70.53333333333333,2.0,1.0,1.8,1.8,1,3,0
325,0,76,42.1,57,0,0,0,0,0,25,-0.36243803828370114,-0.9320078692827987,128.0,180.0,92.2,123.2,48.6,36.5,40.059999999999995,34.973333333333336,60.0,80.0,65.4,69.26666666666667,1.0,1.0,1.6,1.6666666666666667,1,2,0
326,0,169,36.6,70,1,1,1,0,3,26,-0.36650122672429736,-0.9304175679820245,76.0,72.0,111.6,123.13333333333334,42.1,41.4,39.1,35.919999999999995,57.0,75.0,64.4,68.86666666666666,0.0,3.0,1.6,1.8,1,2,1
327,0,180,38.4,90,0,0,0,1,1,27,-0.37055743750983605,-0.9288095528719243,169.0,59.0,135.8,125.8,36.6,39.8,38.82,37.093333333333334,70.0,54.0,71.6,72.2,3.0,2.0,1.4,1.7333333333333334,1,2,1
328,0,174,32.6,49,1,1,1,1,4,28,-0.37460659341591157,-0.9271838545667875,180.0,126.0,145.4,131.2,38.4,28.4,39.660000000000004,36.00666666666667,90.0,81.0,65.2,69.86666666666666,1.0,2.0,1.8,1.9333333333333333,1,2,0
329,0,199,27.4,77,1,0,1,0,2,29,-0.3786486173524327,-0.9255405040175665,174.0,128.0,159.6,131.93333333333334,32.6,48.6,35.42,34.82666666666667,49.0,60.0,68.6,69.46666666666667,4.0,1.0,2.0,1.8666666666666667,0,1,1
330,0,187,30.7,75,1,1,1,0,3,30,-0.38268343236508967,-0.9238795325112868,199.0,76.0,181.8,136.26666666666668,27.4,42.1,33.14,34.14666666666667,77.0,57.0,72.2,70.46666666666667,2.0,0.0,2.6,1.9333333333333333,1,2,1
331,0,180,42.7,90,1,1,1,1,4,31,-0.38671096163682106,-0.9222009716704517,187.0,169.0,184.0,137.66666666666666,30.7,36.6,34.36,34.84,75.0,70.0,76.2,71.86666666666666,3.0,3.0,2.8,2.0,1,2,1
332,0,61,20.4,69,1,1,0,0,2,32,-0.39073112848927355,-0.9205048534524404,180.0,180.0,160.2,136.0,42.7,38.4,30.76,34.519999999999996,90.0,90.0,72.0,71.73333333333333,4.0,1.0,3.0,2.066666666666667,0,1,1
333,0,116,23.5,64,1,1,0,1,3,33,-0.3947438563842672,-0.9187912101488983,61.0,174.0,148.6,132.6,20.4,32.6,28.939999999999998,34.440000000000005,69.0,49.0,75.0,71.4,2.0,4.0,2.8,2.1333333333333333,0,1,1
334,0,59,21.4,36,0,0,1,1,2,34,-0.3987490689252459,-0.9170600743851242,116.0,199.0,120.6,131.06666666666666,23.5,27.4,27.74,34.03333333333333,64.0,77.0,66.8,68.46666666666667,3.0,2.0,2.8,2.2,0,1,0
335,0,105,21.2,54,0,0,0,0,0,35,-0.4027466898587371,-0.9153114791194472,59.0,187.0,104.2,126.06666666666666,21.4,30.7,25.839999999999996,33.013333333333335,36.0,75.0,62.6,66.73333333333333,2.0,3.0,2.2,2.1333333333333333,0,1,1
336,0,141,45.7,77,1,0,0,1,2,36,-0.4067366430758002,-0.9135454576426009,105.0,180.0,96.4,130.66666666666666,21.2,42.7,26.439999999999998,33.3,54.0,90.0,60.0,66.86666666666666,0.0,4.0,1.8,2.066666666666667,1,2,1
337,0,160,41.1,58,1,1,1,0,3,37,-0.410718852613477,-0.9117620435770887,141.0,61.0,116.2,137.4,45.7,20.4,30.580000000000002,33.38666666666667,77.0,69.0,57.8,67.13333333333334,2.0,2.0,2.0,2.1333333333333333,1,3,0
338,0,56,34.2,46,0,1,0,1,2,38,-0.41469324265623897,-0.9099612708765432,160.0,116.0,104.2,132.73333333333332,41.1,23.5,32.72,33.77333333333333,58.0,64.0,54.2,64.8,3.0,3.0,1.8,2.1333333333333333,1,2,0
339,0,129,22.9,42,1,1,0,1,3,39,-0.41865973753742813,-0.9081431738250813,56.0,59.0,118.2,132.8,34.2,21.4,33.019999999999996,32.06,46.0,36.0,55.4,63.6,2.0,2.0,2.0,2.2666666666666666,1,2,0
340,0,144,34.7,50,1,0,1,0,2,40,-0.4226182617406993,-0.90630778703665,129.0,105.0,126.0,137.33333333333334,22.9,21.2,35.720000000000006,31.566666666666666,42.0,54.0,54.6,63.13333333333333,3.0,0.0,2.4,2.4,0,0,0
341,0,113,34.2,71,0,1,1,1,3,41,-0.4265687399014583,-0.904455145454368,144.0,141.0,120.4,133.6,34.7,45.7,33.42,31.406666666666663,50.0,77.0,53.4,63.2,2.0,2.0,2.6,2.4,1,3,1
342,0,200,25.2,77,0,0,0,1,1,42,-0.43051109680829447,-0.902585284349861,113.0,160.0,128.4,134.93333333333334,34.2,41.1,30.24,30.526666666666664,71.0,58.0,57.2,62.333333333333336,3.0,3.0,2.2,2.4,0,1,1
343,0,93,33.0,73,0,0,0,0,0,43,-0.434445257404417,-0.900698239322588,200.0,56.0,135.8,129.53333333333333,25.2,34.2,30.0,30.55333333333333,77.0,46.0,62.6,63.93333333333333,1.0,2.0,1.8,2.1333333333333333,1,3,1
344,0,145,32.0,69,1,1,1,0,3,44,-0.43837114678907707,-0.8987940462991671,93.0,129.0,139.0,125.93333333333334,33.0,22.9,31.820000000000004,30.86,73.0,42.0,68.0,63.4,0.0,3.0,1.8,2.2,0,1,1
345,0,69,38.5,34,0,0,0,0,0,45,-0.44228869021900147,-0.8968727415326881,145.0,144.0,124.0,118.06666666666666,32.0,34.7,32.58,31.380000000000003,69.0,50.0,64.8,60.666666666666664,3.0,2.0,1.4,2.0,1,2,0
346,0,141,39.1,89,0,0,0,1,1,46,-0.44619781310980877,-0.8949343616020251,69.0,113.0,129.6,115.46666666666667,38.5,34.2,33.559999999999995,31.14,34.0,71.0,68.4,60.6,0.0,3.0,1.0,1.8,0,0,1
347,0,96,21.4,44,1,0,0,1,2,47,-0.45009844103743474,-0.8929789434111371,141.0,200.0,108.8,117.8,39.1,25.2,32.8,31.206666666666667,89.0,77.0,61.8,58.93333333333333,1.0,1.0,1.2,1.8,1,2,0
348,0,169,31.2,84,1,0,0,0,1,48,-0.4539904997395471,-0.8910065241883677,96.0,93.0,124.0,121.33333333333333,21.4,33.0,32.44,31.720000000000002,44.0,73.0,64.0,60.266666666666666,2.0,0.0,1.4,1.6666666666666667,1,3,1
349,0,186,38.8,58,0,0,1,0,1,49,-0.4578739151169564,-0.8890171414857366,169.0,145.0,132.2,129.8,31.2,32.0,33.8,32.88,84.0,69.0,61.8,61.733333333333334,1.0,3.0,1.0,1.6,1,3,0
350,0,156,35.1,65,1,0,1,1,3,50,-0.46174861323503413,-0.8870108331782216,186.0,69.0,149.6,133.2,38.8,38.5,33.12,33.806666666666665,58.0,34.0,68.0,62.46666666666667,1.0,0.0,1.6,1.8,0,0,1
351,0,193,45.7,33,0,1,0,0,1,51,-0.46561452032511097,-0.8849876374630421,156.0,141.0,160.0,136.66666666666666,35.1,39.1,34.440000000000005,33.806666666666665,65.0,89.0,56.8,59.53333333333333,3.0,1.0,1.6,1.7333333333333334,0,1,0
352,0,186,39.8,85,0,0,0,1,1,52,-0.46947156278589086,-0.8829475928589269,193.0,96.0,178.0,138.4,45.7,21.4,38.12,33.72,33.0,44.0,65.0,61.333333333333336,1.0,2.0,1.4,1.6,1,2,1
353,0,165,24.9,79,0,1,1,0,2,53,-0.47331966718484325,-0.8808907382053857,186.0,169.0,177.2,145.66666666666666,39.8,31.2,36.86,33.1,85.0,84.0,64.0,63.53333333333333,1.0,1.0,1.6,1.6,1,2,1
354,0,163,22.1,87,1,0,0,0,1,54,-0.477158760259608,-0.8788171126619656,165.0,186.0,172.6,147.93333333333334,24.9,38.8,33.519999999999996,33.04666666666667,79.0,58.0,69.8,66.53333333333333,2.0,1.0,1.6,1.4666666666666666,1,2,1
355,0,64,39.3,34,1,0,0,1,2,55,-0.4809887689193874,-0.8767267557075078,163.0,156.0,154.2,142.6,22.1,35.1,34.36,33.35333333333333,87.0,65.0,63.6,65.46666666666667,1.0,3.0,1.4,1.4666666666666666,1,3,0
356,0,135,20.8,42,1,0,0,1,2,56,-0.48480962024633695,-0.8746197071393959,64.0,193.0,142.6,144.06666666666666,39.3,45.7,29.379999999999995,32.46,34.0,33.0,65.4,63.53333333333333,2.0,1.0,1.6,1.4,1,3,0
357,0,157,37.6,63,0,0,1,0,1,57,-0.48862124149695463,-0.8724960070727973,135.0,186.0,136.8,141.2,20.8,39.8,28.939999999999998,33.28666666666667,42.0,85.0,61.0,62.6,2.0,1.0,1.6,1.4,1,2,1
358,0,102,48.2,74,0,0,1,0,1,58,-0.49242356010346694,-0.8703556959398998,157.0,165.0,124.2,141.8,37.6,24.9,33.6,34.3,63.0,79.0,60.0,62.666666666666664,1.0,2.0,1.4,1.4666666666666666,0,1,1
359,0,75,37.3,62,1,0,0,0,1,59,-0.4962165036752082,-0.8681988144891423,102.0,163.0,106.6,137.13333333333333,48.2,22.1,36.64,34.65333333333333,74.0,87.0,55.0,62.2,1.0,1.0,1.4,1.3333333333333333,0,1,1
360,0,138,31.6,83,0,1,1,0,2,0,-0.4999999999999998,-0.8660254037844388,75.0,64.0,121.4,141.73333333333332,37.3,39.3,35.1,34.193333333333335,62.0,34.0,64.8,65.46666666666667,1.0,2.0,1.4,1.4666666666666666,0,1,1
361,0,134,39.3,90,0,1,0,1,2,1,-0.5037739770455262,-0.8638355052043958,138.0,135.0,121.2,141.26666666666668,31.6,20.8,38.8,34.20666666666667,83.0,42.0,74.4,65.53333333333333,2.0,2.0,1.4,1.5333333333333334,0,1,1
362,0,105,33.7,67,0,1,0,0,1,2,-0.5075383629607042,-0.8616291604415257,134.0,157.0,110.8,141.86666666666667,39.3,37.6,38.019999999999996,35.026666666666664,90.0,63.0,75.2,67.06666666666666,2.0,1.0,1.4,1.4666666666666666,0,1,1
363,0,163,36.4,58,1,1,1,1,4,3,-0.5112930860770519,-0.8594064115014528,105.0,102.0,123.0,141.46666666666667,33.7,48.2,35.660000000000004,35.373333333333335,67.0,74.0,72.0,65.33333333333333,1.0,1.0,2.0,1.6666666666666667,1,2,0
364,0,97,48.2,63,0,1,0,0,1,4,-0.5150380749100542,-0.8571673007021123,163.0,75.0,127.4,135.53333333333333,36.4,37.3,37.839999999999996,36.0,58.0,62.0,72.2,65.66666666666667,4.0,1.0,2.0,1.6666666666666667,1,3,0
365,0,153,31.6,54,0,1,0,1,2,5,-0.5187732581605216,-0.8549118706729465,97.0,138.0,130.4,135.33333333333334,48.2,31.6,37.839999999999996,35.766666666666666,63.0,83.0,66.4,64.93333333333334,1.0,2.0,2.0,1.6,1,2,0
366,0,77,48.8,53,1,0,0,0,1,6,-0.5224985647159488,-0.8526401643540923,153.0,134.0,119.0,127.6,31.6,39.3,39.74,35.973333333333336,54.0,90.0,59.0,66.26666666666667,2.0,2.0,1.8,1.6,1,3,0
367,0,116,47.2,64,0,0,1,0,1,7,-0.5262139236518696,-0.8503522249955628,77.0,105.0,121.2,122.93333333333334,48.8,33.7,42.44,36.46666666666667,53.0,67.0,58.4,64.86666666666666,1.0,1.0,1.8,1.6,1,2,0
368,0,51,25.9,61,0,0,0,1,1,8,-0.5299192642332043,-0.8480480961564263,116.0,163.0,98.8,115.33333333333333,47.2,36.4,40.34,36.53333333333333,64.0,58.0,59.0,63.666666666666664,1.0,4.0,1.2,1.5333333333333334,1,2,1
369,0,191,22.1,78,0,0,0,0,0,9,-0.5336145159156115,-0.8457278217039733,51.0,97.0,117.6,117.2,25.9,48.2,35.12,36.53333333333333,61.0,63.0,62.0,63.06666666666667,1.0,1.0,1.0,1.4666666666666666,1,2,1
370,0,176,23.0,60,0,1,1,1,3,10,-0.5372996083468236,-0.8433914458128859,191.0,153.0,122.2,124.66666666666667,22.1,31.6,33.4,35.44666666666667,78.0,54.0,63.2,64.8,0.0,2.0,1.2,1.5333333333333334,0,1,1
371,0,93,20.5,90,1,1,0,0,2,11,-0.5409744713679941,-0.8410390129643923,176.0,77.0,125.4,121.86666666666666,23.0,48.8,27.74,35.42666666666666,60.0,53.0,70.6,68.0,3.0,1.0,1.4,1.5333333333333334,0,1,1
372,0,120,22.8,67,0,0,1,0,1,12,-0.5446390350150268,-0.8386705679454243,93.0,116.0,126.2,119.4,20.5,47.2,22.860000000000003,34.440000000000005,90.0,64.0,71.2,68.26666666666667,2.0,1.0,1.4,1.5333333333333334,1,2,1
373,0,119,40.5,73,1,1,0,0,2,13,-0.548293229519914,-0.8362861558477594,120.0,51.0,139.8,120.53333333333333,22.8,25.9,25.78,33.92666666666666,67.0,61.0,73.6,68.2,1.0,1.0,1.6,1.6,0,0,1
374,0,71,22.1,53,0,1,0,0,1,14,-0.5519369853120577,-0.8338858220671685,119.0,191.0,115.8,120.26666666666667,40.5,22.1,25.78,32.913333333333334,73.0,78.0,68.6,67.6,2.0,0.0,1.8,1.6,1,2,1
375,0,198,29.6,48,0,0,1,1,2,15,-0.555570233019602,-0.8314696123025455,71.0,176.0,120.2,124.26666666666667,22.1,23.0,27.1,32.78,53.0,60.0,66.2,65.26666666666667,1.0,3.0,1.6,1.6,1,3,0
376,0,132,45.3,60,0,0,0,0,0,16,-0.559192903470747,-0.8290375725550415,198.0,93.0,128.0,124.13333333333334,29.6,20.5,32.06,33.18,48.0,90.0,60.2,63.266666666666666,2.0,2.0,1.2,1.4666666666666666,0,1,0
377,0,123,20.7,59,1,1,0,1,3,17,-0.5628049276950682,-0.8265897491271889,132.0,120.0,128.6,125.33333333333333,45.3,22.8,31.639999999999997,32.31333333333333,60.0,67.0,58.6,62.733333333333334,0.0,1.0,1.6,1.6,0,1,1
378,0,91,44.4,34,1,0,0,1,2,18,-0.5664062369248329,-0.8241261886220156,123.0,119.0,123.0,120.53333333333333,20.7,40.5,32.42,32.84666666666667,59.0,73.0,50.8,61.13333333333333,3.0,2.0,1.6,1.4666666666666666,0,0,0
379,0,139,28.5,60,0,0,1,1,2,19,-0.5699967625963029,-0.8216469379421637,91.0,71.0,136.6,123.33333333333333,44.4,22.1,33.7,31.533333333333335,34.0,53.0,52.2,60.93333333333333,2.0,1.0,1.8,1.5333333333333334,0,0,1
380,0,147,23.5,89,1,0,1,0,2,20,-0.5735764363510458,-0.819152044288992,139.0,198.0,126.4,122.93333333333334,28.5,29.6,32.48,30.993333333333332,60.0,48.0,60.4,63.266666666666666,2.0,2.0,1.8,1.5333333333333334,1,2,1
381,0,113,40.9,41,0,1,1,0,2,21,-0.5771451900372334,-0.816641555161679,147.0,132.0,122.6,125.33333333333333,23.5,45.3,31.6,30.466666666666665,89.0,60.0,56.6,62.46666666666667,2.0,0.0,2.2,1.6,0,1,0
382,0,157,38.9,49,0,1,1,1,3,22,-0.5807029557109398,-0.8141155183563192,113.0,123.0,129.4,128.06666666666666,40.9,20.7,35.239999999999995,29.913333333333334,41.0,59.0,54.6,61.46666666666667,2.0,3.0,2.2,1.7333333333333334,1,3,0
383,0,58,46.3,31,0,0,1,0,1,23,-0.5842496656374342,-0.8115739819650125,157.0,91.0,122.8,128.53333333333333,38.9,44.4,35.62,31.27333333333333,49.0,34.0,54.0,59.46666666666667,3.0,2.0,2.0,1.7333333333333334,1,2,0
384,0,101,42.1,34,1,1,1,1,4,24,-0.587785252292473,-0.8090169943749475,58.0,139.0,115.2,122.53333333333333,46.3,28.5,38.339999999999996,32.60666666666667,31.0,60.0,48.8,56.53333333333333,1.0,2.0,2.4,2.0,0,1,0
385,0,120,44.1,74,0,0,1,0,1,25,-0.5913096483635824,-0.8064446042674825,101.0,147.0,109.8,118.8,42.1,23.5,42.46,34.013333333333335,34.0,89.0,45.8,57.46666666666667,4.0,2.0,2.2,1.8666666666666667,0,0,1
386,0,170,28.5,33,1,1,1,1,4,26,-0.5948227867513411,-0.8038568606172175,120.0,113.0,121.2,123.93333333333334,44.1,40.9,39.98,34.54666666666667,74.0,41.0,44.2,53.666666666666664,1.0,2.0,2.6,2.0,1,2,0
387,0,71,25.3,80,0,1,1,0,2,27,-0.598324600570659,-0.8012538126910607,170.0,157.0,104.0,120.66666666666667,28.5,38.9,37.260000000000005,34.71333333333334,33.0,49.0,50.4,54.53333333333333,4.0,3.0,2.4,2.066666666666667,0,0,1
388,0,126,42.5,73,1,1,0,0,2,28,-0.6018150231520484,-0.7986355100472928,71.0,58.0,117.6,121.13333333333334,25.3,46.3,36.5,34.84666666666667,80.0,31.0,58.8,54.53333333333333,2.0,1.0,2.6,2.066666666666667,0,1,1
389,0,127,44.2,64,1,1,0,0,2,29,-0.6052939880428939,-0.7960020025346224,126.0,101.0,122.8,124.86666666666666,42.5,42.1,36.92,36.32,73.0,34.0,64.8,55.266666666666666,2.0,4.0,2.2,2.1333333333333333,1,2,0
390,0,150,49.7,40,1,0,0,0,1,30,-0.6087614290087207,-0.7933533402912352,127.0,120.0,128.8,121.66666666666667,44.2,44.1,38.04,37.66,64.0,74.0,58.0,54.733333333333334,2.0,1.0,2.2,2.066666666666667,1,2,0
391,0,136,32.4,72,1,0,0,0,1,31,-0.6122172800344494,-0.7906895737438432,150.0,170.0,122.0,121.93333333333334,49.7,28.5,38.82,36.8,40.0,33.0,65.8,55.53333333333333,1.0,4.0,1.6,2.1333333333333333,0,1,1
392,0,84,31.2,30,0,0,1,1,2,32,-0.6156614753256582,-0.788010753606722,136.0,71.0,124.6,119.33333333333333,32.4,25.3,40.0,37.5,72.0,80.0,55.8,53.6,1.0,2.0,1.6,2.066666666666667,0,1,0
393,0,187,43.3,62,0,0,0,1,1,33,-0.6190939493098341,-0.7853169308807448,84.0,126.0,136.8,125.73333333333333,31.2,42.5,40.160000000000004,37.42666666666666,30.0,73.0,53.6,55.46666666666667,2.0,2.0,1.4,2.0,0,0,0
394,0,54,30.2,73,1,1,1,1,4,34,-0.6225146366376191,-0.7826081568524144,187.0,127.0,122.2,120.06666666666666,43.3,44.2,37.36,37.53999999999999,62.0,64.0,55.4,56.333333333333336,1.0,2.0,1.8,2.1333333333333333,1,2,1
395,0,198,47.9,88,0,0,1,0,1,35,-0.6259234721840591,-0.7798844830928818,54.0,150.0,131.8,123.46666666666667,30.2,49.7,37.0,39.166666666666664,73.0,40.0,65.0,56.266666666666666,4.0,1.0,1.8,2.066666666666667,1,2,1
396,0,67,45.8,56,0,0,0,0,0,36,-0.6293203910498373,-0.7771459614569711,198.0,136.0,118.0,120.4,47.9,32.4,39.67999999999999,39.49333333333333,88.0,72.0,61.8,57.266666666666666,1.0,1.0,1.6,1.9333333333333333,1,2,0
397,0,185,32.9,44,0,1,1,0,2,37,-0.6327053285625164,-0.7743926440821854,67.0,84.0,138.2,122.26666666666667,45.8,31.2,40.019999999999996,39.093333333333334,56.0,30.0,64.6,56.93333333333333,0.0,2.0,1.6,1.8666666666666667,1,2,0
398,0,99,42.5,34,1,0,0,1,2,38,-0.6360782202777636,-0.7716245833877202,185.0,187.0,120.6,125.0,32.9,43.3,39.86,38.839999999999996,44.0,62.0,59.0,57.13333333333333,2.0,1.0,1.8,1.9333333333333333,1,2,0
399,0,61,42.6,67,1,1,0,0,2,39,-0.6394390019805849,-0.7688418320734594,99.0,54.0,122.0,122.33333333333333,42.5,30.2,42.339999999999996,38.873333333333335,34.0,73.0,57.8,59.333333333333336,2.0,4.0,1.4,1.8,1,3,1
400,0,165,23.1,48,1,0,0,0,1,40,-0.6427876096865389,-0.7660444431189783,61.0,198.0,115.4,125.33333333333333,42.6,47.9,37.38,37.473333333333336,67.0,88.0,49.8,57.6,2.0,1.0,1.4,1.8,0,0,1
401,0,65,47.1,86,1,0,0,1,2,41,-0.6461239796429636,-0.763232469782529,165.0,67.0,115.0,118.33333333333333,23.1,45.8,37.64,38.71333333333334,48.0,56.0,55.8,61.13333333333333,1.0,0.0,1.8,1.6666666666666667,1,2,1
402,0,140,35.2,63,1,0,0,1,2,42,-0.6494480483301835,-0.760405965600031,65.0,185.0,106.0,122.93333333333334,47.1,32.9,38.1,39.37333333333333,86.0,44.0,59.6,60.0,2.0,2.0,1.8,1.6666666666666667,1,3,1
403,0,167,44.8,86,0,1,0,0,1,43,-0.6527597524627221,-0.7575649843840498,140.0,99.0,119.6,125.66666666666667,35.2,42.5,38.56,39.526666666666664,63.0,34.0,70.0,60.86666666666667,2.0,2.0,1.6,1.6,1,2,1
404,0,194,29.6,87,0,1,0,1,2,44,-0.656059028990507,-0.7547095802227721,167.0,61.0,146.2,130.13333333333333,44.8,42.6,35.96,38.55333333333333,86.0,67.0,74.0,62.4,1.0,2.0,1.6,1.6,1,2,1
405,0,118,46.9,32,1,1,0,1,3,45,-0.6593458151000688,-0.7518398074789775,194.0,165.0,136.8,128.0,29.6,23.1,40.720000000000006,38.36666666666667,87.0,48.0,70.8,61.86666666666667,2.0,1.0,2.0,1.7333333333333334,0,1,0
406,0,197,31.7,61,1,0,1,0,2,46,-0.6626200482157372,-0.7489557207890024,118.0,65.0,163.2,132.06666666666666,46.9,47.1,37.64,38.32,32.0,86.0,65.8,61.13333333333333,3.0,2.0,2.0,1.8,0,1,1
407,0,196,20.3,78,0,1,1,0,2,47,-0.6658816660008342,-0.7460573750616996,197.0,140.0,174.4,139.53333333333333,31.7,35.2,34.660000000000004,37.593333333333334,61.0,63.0,68.8,64.33333333333333,2.0,2.0,2.0,1.8,1,2,1
408,0,157,47.2,81,0,0,1,0,1,48,-0.6691306063588582,-0.7431448254773942,196.0,167.0,172.4,137.53333333333333,20.3,44.8,35.14,37.85333333333333,78.0,86.0,67.8,65.6,2.0,1.0,2.0,1.8,1,2,1
409,0,107,22.7,71,1,1,0,0,2,49,-0.6723668074346678,-0.7402181274868322,157.0,194.0,155.0,141.06666666666666,47.2,29.6,33.76,37.35333333333334,81.0,87.0,64.6,65.46666666666667,1.0,2.0,2.0,1.6666666666666667,0,1,1
410,0,139,29.6,31,1,1,0,0,2,50,-0.6755902076156601,-0.7372773368101241,107.0,118.0,159.2,137.13333333333333,22.7,46.9,30.3,36.13333333333333,71.0,32.0,64.4,61.666666666666664,2.0,3.0,1.8,1.7333333333333334,0,1,0
411,0,184,48.5,67,1,0,1,1,3,51,-0.6788007455329418,-0.7343225094356854,139.0,197.0,156.6,144.93333333333334,29.6,31.7,33.660000000000004,36.31333333333334,31.0,61.0,65.6,62.4,2.0,2.0,2.0,1.9333333333333333,1,2,0
412,0,77,48.5,79,1,0,1,1,3,52,-0.6819983600624984,-0.7313537016191706,184.0,196.0,132.8,137.73333333333332,48.5,20.3,39.3,37.35333333333334,67.0,78.0,65.8,64.73333333333333,3.0,2.0,2.2,2.0,1,2,1
413,0,64,37.2,66,0,0,0,1,1,53,-0.6851829903263591,-0.7283709698824002,77.0,157.0,114.2,135.4,48.5,47.2,37.3,37.0,79.0,81.0,62.8,66.86666666666666,3.0,1.0,2.2,1.9333333333333333,0,1,1
414,0,53,39.0,54,0,1,0,0,1,54,-0.6883545756937541,-0.7253743710122875,64.0,107.0,103.4,134.86666666666667,37.2,22.7,40.56,36.76,66.0,71.0,59.4,66.0,1.0,2.0,2.0,1.8666666666666667,1,2,0
415,0,159,33.5,36,1,1,0,0,2,55,-0.691513055782269,-0.722363962059756,53.0,139.0,107.4,134.46666666666667,39.0,29.6,41.339999999999996,37.45333333333333,54.0,31.0,60.4,65.2,1.0,2.0,2.0,1.9333333333333333,1,2,0
416,0,119,28.8,65,0,0,1,0,1,56,-0.6946583704589974,-0.7193398003386511,159.0,184.0,94.4,138.06666666666666,33.5,48.5,37.4,36.233333333333334,36.0,67.0,60.0,63.8,2.0,3.0,1.6,1.8666666666666667,1,2,1
417,0,183,29.9,58,0,1,1,0,2,57,-0.6977904598416796,-0.7163019434246547,119.0,77.0,115.6,140.93333333333334,28.8,48.5,33.67999999999999,35.88,65.0,79.0,55.8,63.46666666666667,1.0,3.0,1.4,1.8666666666666667,0,1,1
418,0,66,40.2,42,1,0,0,0,1,58,-0.7009092642998509,-0.7132504491541817,183.0,64.0,116.0,134.2,29.9,37.2,34.28,35.57333333333334,58.0,66.0,51.0,60.53333333333333,2.0,1.0,1.4,1.8666666666666667,0,1,0
419,0,120,42.6,66,0,1,1,0,2,59,-0.7040147244559681,-0.7101853756232857,66.0,53.0,129.4,129.26666666666668,40.2,39.0,35.0,36.440000000000005,42.0,54.0,53.4,59.13333333333333,1.0,1.0,1.6,1.8666666666666667,0,1,1
420,0,159,43.7,77,1,0,1,0,2,0,-0.7071067811865471,-0.7071067811865479,120.0,159.0,129.4,132.0,42.6,33.5,37.040000000000006,36.22666666666667,66.0,36.0,61.6,62.13333333333333,2.0,2.0,1.6,1.8,0,1,1
421,0,83,43.7,68,1,1,1,0,3,1,-0.7101853756232854,-0.7040147244559684,159.0,119.0,122.2,124.4,43.7,28.8,40.019999999999996,37.02666666666667,77.0,65.0,62.2,62.6,2.0,1.0,2.0,1.8666666666666667,1,3,1
422,0,135,22.7,30,0,0,0,1,1,2,-0.7132504491541815,-0.7009092642998511,83.0,183.0,112.6,120.33333333333333,43.7,29.9,38.580000000000005,37.18666666666666,68.0,58.0,56.6,59.4,3.0,2.0,1.8,1.8,0,0,0
423,0,164,34.8,50,0,1,1,0,2,3,-0.7163019434246545,-0.6977904598416799,135.0,66.0,132.2,120.8,22.7,40.2,37.5,36.36000000000001,30.0,42.0,58.2,57.333333333333336,1.0,1.0,2.0,1.8666666666666667,1,2,0
424,0,176,21.7,40,1,1,0,1,3,4,-0.7193398003386509,-0.6946583704589975,164.0,120.0,143.4,125.4,34.8,42.6,33.32,36.29333333333333,50.0,66.0,53.0,55.266666666666666,2.0,2.0,2.2,1.9333333333333333,1,3,0
425,0,102,36.5,49,1,0,1,1,3,5,-0.7223639620597557,-0.6915130557822692,176.0,159.0,132.0,122.93333333333334,21.7,43.7,31.879999999999995,36.75333333333333,40.0,77.0,47.4,56.46666666666667,3.0,2.0,2.4,2.0,1,2,0
426,0,163,33.2,85,1,0,0,1,2,6,-0.7253743710122873,-0.6883545756937544,102.0,83.0,148.0,121.53333333333333,36.5,43.7,29.78,35.733333333333334,49.0,68.0,50.8,57.666666666666664,3.0,3.0,2.2,1.9333333333333333,0,1,1
427,0,140,46.6,42,1,0,0,1,2,7,-0.7283709698824,-0.6851829903263593,163.0,135.0,149.0,125.73333333333333,33.2,22.7,34.56,35.60666666666667,85.0,30.0,53.2,55.2,2.0,1.0,2.4,1.8666666666666667,1,2,0
428,0,177,30.5,66,0,0,1,1,2,8,-0.7313537016191703,-0.6819983600624986,140.0,164.0,151.6,133.26666666666668,46.6,34.8,33.7,35.16,42.0,50.0,56.4,55.2,2.0,2.0,2.4,1.9333333333333333,1,2,1
429,0,139,23.5,79,0,1,0,1,2,9,-0.7343225094356853,-0.678800745532942,177.0,176.0,144.2,139.0,30.5,21.7,34.06,34.126666666666665,66.0,40.0,64.2,56.86666666666667,2.0,3.0,2.2,2.0,0,1,1
430,0,71,24.3,53,0,0,1,1,2,10,-0.7372773368101239,-0.6755902076156604,139.0,102.0,138.0,133.13333333333333,23.5,36.5,31.619999999999997,33.513333333333335,79.0,49.0,65.0,58.0,2.0,3.0,2.0,2.0,0,1,1
431,0,193,42.8,59,1,1,1,0,3,11,-0.7402181274868321,-0.672366807434668,71.0,163.0,144.0,138.06666666666666,24.3,33.2,33.54,34.44666666666667,53.0,85.0,59.8,57.6,2.0,2.0,2.2,2.1333333333333333,0,1,0
432,0,174,38.5,85,1,1,0,1,3,12,-0.743144825477394,-0.6691306063588585,193.0,140.0,150.8,137.46666666666667,42.8,46.6,31.920000000000005,35.019999999999996,59.0,42.0,68.4,59.4,3.0,2.0,2.4,2.2,0,1,1
433,0,56,23.0,69,1,1,1,0,3,13,-0.7460573750616994,-0.6658816660008344,174.0,177.0,126.6,136.8,38.5,30.5,30.420000000000005,33.873333333333335,85.0,66.0,69.0,61.2,3.0,2.0,2.6,2.3333333333333335,0,0,1
434,0,104,22.5,32,0,0,1,1,2,14,-0.7489557207890022,-0.6626200482157374,56.0,139.0,119.6,135.73333333333332,23.0,23.5,30.220000000000006,32.53333333333333,69.0,79.0,59.6,58.93333333333333,3.0,2.0,2.6,2.3333333333333335,0,1,0
435,0,183,41.0,57,1,1,1,0,3,15,-0.7518398074789773,-0.6593458151000691,104.0,71.0,142.0,137.33333333333334,22.5,24.3,33.56,32.35333333333333,32.0,53.0,60.4,57.6,2.0,2.0,2.8,2.4,0,1,0
436,0,123,22.2,30,0,1,0,1,2,16,-0.754709580222772,-0.6560590289905073,183.0,193.0,128.0,140.0,41.0,42.8,29.439999999999998,30.92,57.0,59.0,54.6,55.06666666666667,3.0,3.0,2.6,2.3333333333333335,0,1,0
437,0,178,44.7,60,0,1,1,1,3,17,-0.7575649843840494,-0.6527597524627227,123.0,174.0,128.8,142.86666666666667,22.2,38.5,30.68,32.38666666666667,30.0,85.0,49.6,57.06666666666667,2.0,3.0,2.6,2.466666666666667,0,1,0
438,0,157,41.2,38,1,0,1,1,3,18,-0.7604059656000312,-0.6494480483301834,178.0,56.0,149.0,142.4,44.7,23.0,34.32000000000001,32.81333333333334,60.0,69.0,43.4,56.266666666666666,3.0,3.0,2.6,2.533333333333333,1,2,0
439,0,159,22.4,30,1,1,1,0,3,19,-0.7632324697825289,-0.6461239796429639,157.0,104.0,160.0,141.26666666666668,41.2,22.5,34.3,32.86,38.0,32.0,43.0,55.6,3.0,2.0,2.8,2.533333333333333,0,1,0
440,0,182,22.5,33,1,0,1,1,3,20,-0.7660444431189779,-0.6427876096865395,159.0,183.0,159.8,146.6,22.4,41.0,30.6,31.92666666666667,30.0,57.0,38.2,54.53333333333333,3.0,3.0,2.8,2.533333333333333,0,1,0
441,0,148,49.6,53,1,1,1,0,3,21,-0.7688418320734591,-0.6394390019805851,182.0,123.0,164.8,145.6,22.5,22.2,36.080000000000005,33.02,33.0,30.0,42.8,52.4,3.0,2.0,3.0,2.6,0,0,0
442,0,72,31.2,46,1,0,1,1,3,22,-0.77162458338772,-0.6360782202777638,148.0,178.0,143.6,141.06666666666666,49.6,44.7,33.38,31.993333333333336,53.0,60.0,40.0,52.666666666666664,3.0,3.0,3.0,2.6666666666666665,0,1,0
443,0,59,31.1,79,0,1,1,0,2,23,-0.7743926440821856,-0.6327053285625162,72.0,157.0,124.0,133.2,31.2,41.2,31.360000000000003,32.03333333333333,46.0,38.0,48.2,53.53333333333333,3.0,3.0,2.8,2.6666666666666665,1,2,1
444,0,117,44.4,46,0,0,1,1,2,24,-0.7771459614569711,-0.6293203910498371,59.0,159.0,115.6,131.73333333333332,31.1,22.4,35.760000000000005,33.42666666666667,79.0,30.0,51.4,51.333333333333336,2.0,3.0,2.6,2.6666666666666665,1,2,0
445,0,148,48.4,49,1,1,0,0,2,25,-0.7798844830928814,-0.6259234721840596,117.0,182.0,108.8,136.86666666666667,44.4,22.5,40.94,35.03333333333333,46.0,33.0,54.6,51.06666666666667,2.0,3.0,2.4,2.6666666666666665,0,0,0
446,0,66,49.6,32,1,1,0,1,3,26,-0.7826081568524138,-0.6225146366376196,148.0,148.0,92.4,128.4,48.4,49.6,40.94,35.486666666666665,49.0,53.0,50.4,49.266666666666666,2.0,3.0,2.4,2.6666666666666665,1,2,0
447,0,197,42.6,40,0,1,0,0,1,27,-0.7853169308807447,-0.6190939493098343,66.0,72.0,117.4,129.93333333333334,49.6,31.2,43.220000000000006,35.76,32.0,46.0,49.2,46.266666666666666,3.0,3.0,2.0,2.533333333333333,1,2,0
448,0,127,31.3,55,1,1,1,1,4,28,-0.7880107536067216,-0.6156614753256588,197.0,59.0,131.0,134.66666666666666,42.6,31.1,43.26,36.31333333333334,40.0,79.0,44.4,45.333333333333336,1.0,2.0,2.4,2.6,0,1,1
449,0,149,22.5,62,0,0,1,0,1,29,-0.7906895737438433,-0.6122172800344493,127.0,117.0,137.4,137.66666666666666,31.3,44.4,38.879999999999995,36.31333333333334,55.0,46.0,47.6,47.333333333333336,4.0,2.0,2.2,2.533333333333333,1,3,1
450,0,167,43.3,35,1,1,1,1,4,30,-0.7933533402912349,-0.6087614290087209,149.0,148.0,141.2,136.6,22.5,48.4,37.86,36.46666666666667,62.0,49.0,44.8,45.86666666666667,1.0,2.0,2.6,2.6,1,2,0
451,0,63,36.8,70,1,1,0,1,3,31,-0.7960020025346223,-0.6052939880428941,167.0,66.0,140.6,132.6,43.3,49.6,35.3,37.440000000000005,35.0,32.0,52.4,48.53333333333333,4.0,3.0,2.6,2.6666666666666665,0,1,1
452,0,69,32.7,70,1,1,1,0,3,32,-0.7986355100472928,-0.6018150231520483,63.0,197.0,115.0,125.33333333333333,36.8,42.6,33.32,36.64,70.0,40.0,58.4,49.2,3.0,1.0,3.0,2.6666666666666665,0,1,1
453,0,145,47.2,47,0,1,1,1,3,33,-0.8012538126910606,-0.5983246005706593,69.0,127.0,118.6,124.53333333333333,32.7,31.3,36.5,37.04,70.0,55.0,56.8,49.8,3.0,4.0,2.8,2.6666666666666665,1,2,0
454,0,179,23.3,72,1,0,1,0,2,34,-0.8038568606172171,-0.5948227867513417,145.0,149.0,124.6,125.86666666666666,47.2,22.5,36.660000000000004,37.1,47.0,62.0,58.8,52.6,3.0,1.0,3.0,2.6,1,2,1
455,0,198,34.8,75,0,0,1,0,1,35,-0.8064446042674827,-0.5913096483635822,179.0,167.0,130.8,126.93333333333334,23.3,43.3,34.96,37.919999999999995,72.0,35.0,66.8,55.4,2.0,4.0,2.4,2.466666666666667,0,1,1
456,0,166,20.3,36,1,0,0,0,1,36,-0.8090169943749473,-0.5877852522924732,198.0,63.0,151.4,128.13333333333333,34.8,36.8,31.659999999999997,35.96666666666667,75.0,70.0,60.0,54.266666666666666,1.0,3.0,2.0,2.3333333333333335,1,2,0
457,0,55,34.1,37,0,0,0,1,1,37,-0.8115739819650121,-0.5842496656374347,166.0,69.0,148.6,127.0,20.3,32.7,31.939999999999998,36.16,36.0,70.0,53.4,53.666666666666664,1.0,3.0,1.6,2.2,1,2,0
458,0,117,21.7,53,1,0,0,0,1,38,-0.8141155183563193,-0.5807029557109396,55.0,145.0,143.0,130.86666666666667,34.1,47.2,26.839999999999996,35.53333333333333,37.0,47.0,54.6,51.93333333333333,1.0,3.0,1.2,2.1333333333333333,1,3,1
459,0,171,23.6,62,1,1,1,1,4,39,-0.8166415551616789,-0.5771451900372337,117.0,179.0,141.4,134.46666666666667,21.7,23.3,26.9,34.14666666666667,53.0,72.0,52.6,53.0,1.0,2.0,1.6,2.2666666666666666,1,2,1
460,0,149,23.5,39,1,1,1,0,3,40,-0.8191520442889916,-0.5735764363510464,171.0,198.0,131.6,134.53333333333333,23.6,34.8,24.64,32.486666666666665,62.0,75.0,45.4,52.333333333333336,4.0,1.0,2.0,2.3333333333333335,1,3,0
461,0,61,39.5,75,1,1,1,1,4,41,-0.8216469379421638,-0.5699967625963028,149.0,166.0,110.6,134.2,23.5,20.3,28.48,31.813333333333333,39.0,36.0,53.2,55.2,3.0,1.0,2.6,2.4,0,1,1
462,0,50,42.4,70,1,1,0,1,3,42,-0.8241261886220151,-0.5664062369248336,61.0,55.0,109.6,124.4,39.5,34.1,30.139999999999997,31.8,75.0,37.0,59.8,57.2,4.0,1.0,3.0,2.533333333333333,0,1,1
463,0,197,37.5,85,1,1,1,1,4,43,-0.8265897491271884,-0.5628049276950688,50.0,117.0,125.6,129.06666666666666,42.4,21.7,33.3,32.21333333333333,70.0,53.0,66.2,59.2,3.0,1.0,3.6,2.533333333333333,0,1,1
464,0,172,48.9,88,0,0,0,0,0,44,-0.8290375725550414,-0.5591929034707472,197.0,171.0,125.8,130.6,37.5,23.6,38.36,33.973333333333336,85.0,62.0,71.4,60.93333333333333,4.0,4.0,2.8,2.466666666666667,0,1,1
465,0,116,31.2,85,0,0,1,0,1,45,-0.8314696123025452,-0.5555702330196022,172.0,149.0,119.2,127.2,48.9,23.5,39.89999999999999,33.166666666666664,88.0,39.0,80.6,64.26666666666667,0.0,3.0,2.4,2.2666666666666666,1,2,1
466,0,111,28.6,42,1,0,1,0,2,46,-0.8338858220671681,-0.5519369853120584,116.0,61.0,129.2,130.4,31.2,39.5,37.720000000000006,32.62,85.0,75.0,74.0,62.4,1.0,4.0,2.0,2.2,0,0,0
467,0,107,46.1,53,1,1,1,0,3,47,-0.8362861558477592,-0.5482932295199142,111.0,50.0,140.6,132.93333333333334,28.6,42.4,38.46,33.513333333333335,42.0,70.0,70.6,61.266666666666666,2.0,3.0,2.0,2.2,0,1,0
468,0,137,26.7,37,0,1,0,1,2,48,-0.8386705679454242,-0.544639035015027,107.0,197.0,128.6,132.4,46.1,37.5,36.3,32.14666666666667,53.0,85.0,61.0,60.6,3.0,4.0,1.6,2.1333333333333333,0,1,0
469,0,64,48.9,54,0,1,1,1,3,49,-0.8410390129643924,-0.540974471367994,137.0,172.0,107.0,124.73333333333333,26.7,48.9,36.3,33.85333333333333,37.0,88.0,54.2,59.4,2.0,0.0,2.2,2.2,1,2,0
470,0,123,20.4,52,1,0,0,0,1,50,-0.8433914458128859,-0.5372996083468234,64.0,116.0,108.4,119.73333333333333,48.9,31.2,34.14,32.89333333333333,54.0,85.0,47.6,57.86666666666667,3.0,1.0,2.2,2.2,0,0,1
471,0,57,49.1,38,1,1,1,1,4,51,-0.8457278217039729,-0.533614515915612,123.0,111.0,97.6,112.46666666666667,20.4,28.6,38.239999999999995,34.813333333333325,52.0,42.0,46.8,58.0,1.0,2.0,2.6,2.4,0,1,0
472,0,193,21.3,33,1,1,0,0,2,52,-0.848048096156426,-0.529919264233205,57.0,107.0,114.8,121.66666666666667,49.1,46.1,33.28,33.96,38.0,53.0,42.8,57.733333333333334,4.0,3.0,2.4,2.466666666666667,1,2,0
473,0,56,46.7,60,0,0,0,0,0,53,-0.8503522249955627,-0.5262139236518698,193.0,137.0,98.6,117.6,21.3,26.7,37.28,35.626666666666665,33.0,37.0,47.4,58.2,2.0,2.0,2.0,2.4,1,2,0
474,0,107,35.8,71,0,0,1,0,1,54,-0.8526401643540918,-0.5224985647159494,56.0,64.0,107.2,113.33333333333333,46.7,48.9,34.660000000000004,36.440000000000005,60.0,54.0,50.8,58.8,0.0,3.0,1.6,2.2,1,3,1
475,0,154,49.8,44,0,0,1,0,1,55,-0.8549118706729466,-0.5187732581605214,107.0,123.0,113.4,113.66666666666667,35.8,20.4,40.54,38.193333333333335,71.0,52.0,49.2,59.13333333333333,1.0,1.0,1.6,2.066666666666667,1,2,0
476,0,161,22.2,36,1,0,0,0,1,56,-0.8571673007021121,-0.5150380749100544,154.0,57.0,134.2,120.33333333333333,49.8,49.1,35.16,37.04,44.0,38.0,48.8,56.53333333333333,1.0,4.0,1.0,1.8666666666666667,1,2,0
477,0,102,36.6,82,1,1,1,0,3,57,-0.8594064115014524,-0.5112930860770525,161.0,193.0,116.0,123.8,22.2,21.3,38.21999999999999,36.65333333333333,36.0,33.0,58.6,57.333333333333336,1.0,2.0,1.2,1.8666666666666667,1,2,1
478,0,188,49.1,88,0,0,0,0,0,58,-0.8616291604415258,-0.5075383629607041,102.0,56.0,142.4,123.2,36.6,46.7,38.7,37.42666666666666,82.0,60.0,64.2,57.53333333333333,3.0,0.0,1.2,1.6,0,1,1
479,0,190,35.7,86,1,0,0,1,2,59,-0.8638355052043956,-0.5037739770455264,188.0,107.0,159.0,124.4,49.1,35.8,38.67999999999999,36.54666666666667,88.0,71.0,67.2,57.4,0.0,1.0,1.4,1.7333333333333334,0,1,1
480,0,151,38.9,69,1,1,1,0,3,0,-0.8660254037844384,-0.5000000000000004,190.0,154.0,158.4,126.73333333333333,35.7,49.8,36.5,37.059999999999995,86.0,44.0,72.2,56.333333333333336,2.0,1.0,1.8,1.8666666666666667,0,0,1
481,0,110,40.9,79,0,0,1,0,1,1,-0.8681988144891424,-0.4962165036752081,151.0,161.0,148.2,126.66666666666667,38.9,22.2,40.24,37.879999999999995,69.0,36.0,80.8,58.8,3.0,1.0,1.8,1.8,1,2,1
482,0,55,33.6,76,1,1,1,0,3,2,-0.8703556959399,-0.49242356010346644,110.0,102.0,138.8,123.2,40.9,36.6,39.64,37.04666666666666,79.0,82.0,79.6,60.333333333333336,1.0,3.0,1.8,1.8,1,2,1
483,0,200,38.8,46,1,0,1,0,2,3,-0.872496007072797,-0.4886212414969553,55.0,188.0,141.2,127.4,33.6,49.1,37.58,37.85333333333333,76.0,88.0,71.2,60.93333333333333,3.0,0.0,2.2,1.8,1,2,0
484,0,159,37.5,49,1,0,1,0,2,4,-0.874619707139396,-0.48480962024633684,200.0,190.0,135.0,133.73333333333332,38.8,35.7,37.94,37.09333333333334,46.0,86.0,63.8,60.6,2.0,2.0,2.2,1.7333333333333334,0,0,0
485,0,182,47.0,34,0,1,0,0,1,5,-0.8767267557075072,-0.48098876891938847,159.0,151.0,141.2,137.66666666666666,37.5,38.9,39.56,38.86666666666667,49.0,69.0,56.8,59.4,2.0,3.0,1.8,1.7333333333333334,1,3,0
486,0,163,21.4,65,1,1,0,1,3,6,-0.8788171126619653,-0.4771587602596087,182.0,110.0,151.8,144.73333333333332,47.0,40.9,35.66,37.02,34.0,79.0,54.0,61.2,1.0,1.0,2.2,1.6666666666666667,1,2,1
487,0,68,28.4,58,0,0,1,0,1,7,-0.8808907382053857,-0.47331966718484314,163.0,55.0,154.4,136.4,21.4,33.6,34.62,37.49333333333333,65.0,76.0,50.4,62.86666666666667,3.0,3.0,1.8,1.6,0,1,1
488,0,118,48.5,85,1,1,1,1,4,8,-0.8829475928589265,-0.4694715627858915,68.0,200.0,138.0,140.53333333333333,28.4,38.8,36.56,37.61333333333334,58.0,46.0,58.2,64.53333333333333,1.0,2.0,2.2,1.8666666666666667,1,2,1
489,0,122,46.7,33,0,1,0,0,1,9,-0.8849876374630418,-0.46561452032511164,118.0,159.0,130.6,141.53333333333333,48.5,37.5,38.4,38.339999999999996,85.0,49.0,55.0,62.0,4.0,2.0,2.0,1.8666666666666667,0,0,0
490,0,82,33.7,86,1,1,1,1,4,10,-0.8870108331782218,-0.4617486132350336,122.0,182.0,110.6,136.73333333333332,46.7,47.0,35.74,37.266666666666666,33.0,34.0,65.4,64.8,1.0,1.0,2.6,2.066666666666667,1,3,1
491,0,150,38.6,62,1,1,1,1,4,11,-0.8890171414857365,-0.4578739151169567,82.0,163.0,108.0,136.0,33.7,21.4,39.18,38.36,86.0,65.0,64.8,66.53333333333333,4.0,3.0,2.8,2.2666666666666666,0,1,1
492,0,98,28.3,37,1,1,1,1,4,12,-0.8910065241883678,-0.45399049973954697,150.0,68.0,114.0,135.73333333333332,38.6,28.4,39.160000000000004,37.80666666666666,62.0,58.0,60.6,63.53333333333333,4.0,1.0,3.4,2.3333333333333335,1,2,0
493,0,191,25.6,54,0,0,0,0,0,13,-0.8929789434111368,-0.4500984410374354,98.0,118.0,128.6,135.93333333333334,28.3,48.5,34.58,36.24,37.0,85.0,54.4,61.266666666666666,4.0,4.0,2.6,2.3333333333333335,0,0,1
494,0,152,33.9,30,1,0,1,0,2,14,-0.8949343616020251,-0.44619781310980866,191.0,122.0,134.6,133.4,25.6,46.7,32.02,36.12,54.0,33.0,53.8,57.53333333333333,0.0,1.0,2.8,2.3333333333333335,1,2,0
495,0,113,30.6,84,0,1,0,0,1,15,-0.8968727415326883,-0.44228869021900136,152.0,82.0,140.8,130.86666666666667,33.9,33.7,31.4,35.56666666666667,30.0,86.0,53.4,58.53333333333333,2.0,4.0,2.2,2.2,0,0,1
496,0,139,37.5,39,0,1,1,0,2,16,-0.8987940462991668,-0.43837114678907774,113.0,150.0,138.6,132.8,30.6,38.6,31.18,35.34,84.0,62.0,48.8,55.86666666666667,1.0,4.0,1.8,2.2666666666666666,0,1,0
497,0,156,22.3,47,1,0,0,1,2,17,-0.900698239322588,-0.43444525740441686,139.0,98.0,150.2,139.53333333333333,37.5,28.3,29.98,34.58666666666667,39.0,37.0,50.8,53.93333333333333,2.0,4.0,1.4,2.2,1,3,1
498,0,196,49.2,35,1,1,0,1,3,18,-0.9025852843498606,-0.43051109680829514,156.0,191.0,151.2,139.26666666666668,22.3,25.6,34.7,35.28,47.0,54.0,47.0,53.2,2.0,0.0,2.0,2.2666666666666666,1,2,0
499,0,57,49.6,81,1,0,1,0,2,19,-0.9044551454543679,-0.4265687399014586,196.0,152.0,132.2,132.46666666666667,49.2,33.9,37.84,36.08666666666667,35.0,30.0,57.2,55.333333333333336,3.0,2.0,2.0,2.2666666666666666,0,1,1
500,0,118,40.9,32,0,1,0,1,2,20,-0.9063077870366497,-0.42261826174069994,57.0,113.0,133.2,128.2,49.6,30.6,39.9,35.68,81.0,84.0,46.8,55.2,2.0,1.0,2.2,2.3333333333333335,1,2,0
501,0,80,36.1,43,0,0,1,1,2,21,-0.9081431738250814,-0.418659737537428,118.0,139.0,121.4,122.66666666666667,40.9,37.5,39.620000000000005,36.660000000000004,32.0,39.0,47.6,53.733333333333334,2.0,2.0,2.2,2.2666666666666666,0,1,0
502,0,102,29.3,85,1,1,1,0,3,22,-0.9099612708765431,-0.41469324265623925,80.0,156.0,110.6,124.93333333333334,36.1,22.3,41.019999999999996,36.720000000000006,43.0,47.0,55.2,55.53333333333333,2.0,2.0,2.4,2.4,0,0,1
503,0,60,44.4,78,0,0,1,1,2,23,-0.9117620435770883,-0.41071885261347774,102.0,196.0,83.4,121.06666666666666,29.3,49.2,40.059999999999995,36.44666666666667,85.0,35.0,63.8,55.06666666666667,3.0,3.0,2.2,2.2666666666666666,0,1,1
504,0,135,40.5,46,1,0,1,0,2,24,-0.9135454576426005,-0.40673664307580093,60.0,57.0,99.0,121.93333333333334,44.4,49.6,38.239999999999995,36.03333333333333,78.0,81.0,56.8,55.93333333333333,2.0,2.0,2.2,2.3333333333333335,1,2,0
505,0,193,24.9,64,1,1,0,1,3,25,-0.9153114791194471,-0.40274668985873735,135.0,118.0,114.0,129.33333333333334,40.5,40.9,35.040000000000006,35.44666666666667,46.0,32.0,63.2,54.46666666666667,2.0,2.0,2.4,2.2666666666666666,0,1,1
506,0,186,47.3,67,1,0,0,0,1,26,-0.9170600743851239,-0.3987490689252466,193.0,80.0,135.2,131.73333333333332,24.9,36.1,37.279999999999994,36.026666666666664,64.0,43.0,68.0,54.8,3.0,2.0,2.2,2.066666666666667,0,1,0
507,0,53,44.7,37,1,1,0,0,2,27,-0.9187912101488984,-0.39474385638426707,186.0,102.0,125.4,128.73333333333332,47.3,29.3,40.36,37.120000000000005,67.0,85.0,58.4,54.8,1.0,3.0,2.0,1.9333333333333333,0,1,0
508,0,53,48.5,66,0,1,0,1,2,28,-0.9205048534524399,-0.39073112848927466,53.0,60.0,124.0,119.53333333333333,44.7,44.4,41.18,38.64666666666667,37.0,78.0,56.0,55.6,2.0,2.0,2.0,2.066666666666667,0,0,0
509,0,59,41.8,72,1,1,1,0,3,29,-0.9222009716704517,-0.38671096163682095,53.0,135.0,108.8,113.33333333333333,48.5,40.5,41.44,39.17333333333333,66.0,46.0,61.2,58.4,2.0,2.0,2.2,2.1333333333333333,0,1,1
510,0,122,38.4,53,0,0,1,0,1,30,-0.9238795325112868,-0.3826834323650895,59.0,193.0,94.6,113.93333333333334,41.8,24.9,44.14,39.693333333333335,72.0,64.0,59.0,56.333333333333336,3.0,3.0,1.8,2.1333333333333333,0,1,0
511,0,116,32.5,55,0,1,1,1,3,31,-0.925540504017566,-0.3786486173524338,122.0,186.0,80.6,112.4,38.4,47.3,41.18,39.36,53.0,67.0,56.6,57.4,1.0,1.0,2.2,2.2,0,1,0
512,0,159,48.0,60,0,1,1,1,3,32,-0.9271838545667873,-0.3746065934159123,116.0,53.0,101.8,112.6,32.5,44.7,41.839999999999996,41.07333333333333,55.0,37.0,61.2,58.266666666666666,3.0,2.0,2.4,2.2666666666666666,0,1,0
513,0,83,46.0,34,1,1,1,0,3,33,-0.9288095528719243,-0.3705574375098359,159.0,53.0,107.8,105.06666666666666,48.0,48.5,41.339999999999996,40.86,60.0,66.0,54.8,58.2,3.0,2.0,2.6,2.2666666666666666,1,2,0
514,0,180,21.4,40,0,1,1,1,3,34,-0.9304175679820242,-0.366501226724298,83.0,59.0,132.0,113.26666666666667,46.0,41.8,37.260000000000005,38.980000000000004,34.0,72.0,48.4,55.46666666666667,3.0,3.0,2.6,2.3333333333333335,1,2,0
515,0,156,20.8,35,1,0,0,1,2,35,-0.9320078692827984,-0.3624380382837018,180.0,122.0,138.8,115.8,21.4,38.4,33.739999999999995,37.64,40.0,53.0,44.8,55.666666666666664,3.0,1.0,2.8,2.3333333333333335,0,0,0
516,0,162,31.3,49,0,1,1,1,3,36,-0.9335804264972019,-0.3583679495452999,156.0,116.0,148.0,121.26666666666667,20.8,32.5,33.5,37.32,35.0,55.0,43.6,56.06666666666667,2.0,3.0,2.8,2.4,1,2,0
517,0,154,44.3,50,0,1,0,1,2,37,-0.9351352096860117,-0.3542910379977157,162.0,159.0,147.0,124.73333333333333,31.3,48.0,32.760000000000005,38.32000000000001,49.0,60.0,41.6,53.733333333333334,3.0,3.0,2.6,2.3333333333333335,0,1,0
518,0,169,49.6,83,1,1,1,1,4,38,-0.9366721892483976,-0.3502073812594676,154.0,83.0,164.2,132.0,44.3,46.0,33.480000000000004,38.666666666666664,50.0,34.0,51.4,54.06666666666667,2.0,3.0,2.8,2.466666666666667,1,2,1
519,0,157,24.5,68,1,0,1,0,2,39,-0.938191335922484,-0.34611705707749335,169.0,180.0,159.6,133.46666666666667,49.6,21.4,34.1,37.6,83.0,40.0,57.0,55.53333333333333,4.0,3.0,2.6,2.466666666666667,0,1,1
520,0,193,37.8,31,0,1,1,1,3,40,-0.9396926207859084,-0.34202014332566855,157.0,156.0,167.0,133.46666666666667,24.5,20.8,37.5,38.46,68.0,35.0,56.2,53.333333333333336,2.0,2.0,2.8,2.466666666666667,1,2,0
521,0,100,31.4,63,1,1,1,0,3,41,-0.9411760152563706,-0.337916718003327,193.0,162.0,154.6,127.73333333333333,37.8,31.3,37.519999999999996,37.4,31.0,49.0,59.0,53.06666666666667,3.0,3.0,2.8,2.6,1,2,1
522,0,58,49.1,67,0,1,0,1,2,42,-0.9426414910921783,-0.33380685923377124,100.0,154.0,135.4,128.06666666666666,31.4,44.3,38.480000000000004,37.693333333333335,63.0,50.0,62.4,55.06666666666667,3.0,2.0,2.8,2.6,1,2,0
523,0,58,45.3,89,0,1,1,0,2,43,-0.9440890203927841,-0.32969064526278785,58.0,169.0,113.2,128.4,49.1,49.6,37.62,37.48,67.0,83.0,63.6,56.6,2.0,4.0,2.4,2.6,1,2,1
524,0,134,45.1,52,1,0,1,1,3,44,-0.9455185755993168,-0.32556815445715664,58.0,157.0,108.6,133.4,45.3,24.5,41.739999999999995,37.7,89.0,68.0,60.4,55.266666666666666,2.0,2.0,2.6,2.6,0,1,0
525,0,62,34.1,73,0,0,1,1,2,45,-0.9469301294951056,-0.3214394653031618,134.0,193.0,82.4,129.4,45.1,37.8,41.0,37.413333333333334,52.0,31.0,68.8,56.6,3.0,3.0,2.4,2.6666666666666665,1,2,1
526,0,81,32.4,74,0,0,0,1,1,46,-0.9483236552061992,-0.31730465640509264,62.0,100.0,78.6,127.06666666666666,34.1,31.4,41.2,37.406666666666666,73.0,63.0,71.0,57.86666666666667,2.0,3.0,2.0,2.533333333333333,0,0,1
527,0,155,28.2,53,1,0,0,0,1,47,-0.949699126201877,-0.3131638064837495,81.0,58.0,98.0,126.8,32.4,49.1,37.019999999999996,36.08666666666667,74.0,67.0,68.2,57.4,1.0,2.0,1.8,2.4,0,0,1
528,0,136,21.7,59,1,0,1,1,3,48,-0.9510565162951535,-0.30901699437494756,155.0,58.0,113.6,130.33333333333334,28.2,45.3,32.3,34.46666666666667,53.0,89.0,62.2,59.06666666666667,1.0,2.0,2.0,2.4,1,2,1
529,0,116,45.9,45,1,0,1,1,3,49,-0.9523957996432783,-0.3048642990280112,136.0,134.0,110.0,126.06666666666666,21.7,45.1,32.46,36.1,59.0,52.0,60.8,59.4,3.0,3.0,2.0,2.4,0,1,0
530,0,121,44.4,82,1,1,0,1,3,50,-0.9537169507482267,-0.3007057995042738,116.0,62.0,121.8,123.73333333333333,45.9,34.1,34.519999999999996,37.67333333333333,45.0,73.0,62.6,62.53333333333333,3.0,2.0,2.2,2.466666666666667,1,2,1
531,0,79,50.0,46,1,1,0,1,3,51,-0.9550199444571869,-0.2965415749755702,121.0,81.0,121.4,118.2,44.4,32.4,38.04,38.919999999999995,82.0,74.0,57.0,62.333333333333336,3.0,1.0,2.6,2.466666666666667,0,0,0
532,0,83,49.9,46,0,0,1,0,1,52,-0.9563047559630353,-0.2923717047227371,79.0,155.0,107.0,113.46666666666667,50.0,28.2,42.38,39.29333333333333,46.0,53.0,55.6,62.06666666666667,3.0,1.0,2.6,2.4,0,1,0
533,0,118,36.7,76,0,0,1,1,2,53,-0.9575713608048145,-0.2881962681340891,83.0,136.0,103.4,110.06666666666666,49.9,21.7,45.379999999999995,38.43333333333333,46.0,59.0,59.0,61.6,1.0,3.0,2.4,2.2666666666666666,0,1,1
534,0,51,43.1,47,1,0,1,0,2,54,-0.9588197348681928,-0.2840153447039235,118.0,116.0,90.4,103.0,36.7,45.9,44.82000000000001,39.67333333333333,76.0,45.0,59.4,60.2,2.0,3.0,2.2,2.2666666666666666,0,1,0
535,0,182,48.3,76,0,1,1,0,2,55,-0.9600498543859286,-0.27982901403099236,51.0,121.0,102.6,102.26666666666667,43.1,44.4,45.6,40.373333333333335,47.0,82.0,58.2,63.2,2.0,3.0,2.0,2.2,0,1,1
536,0,149,45.5,38,1,1,0,0,2,56,-0.961261695938319,-0.2756373558169989,182.0,79.0,116.6,105.53333333333333,48.3,50.0,44.7,41.313333333333325,76.0,46.0,56.6,61.53333333333333,2.0,3.0,1.8,2.1333333333333333,1,2,0
537,0,55,27.4,33,0,1,0,0,1,57,-0.9624552364536471,-0.27144044986507504,149.0,83.0,111.0,105.33333333333333,45.5,49.9,40.2,39.86666666666667,38.0,46.0,54.0,59.266666666666666,2.0,1.0,1.8,2.066666666666667,1,3,0
538,0,155,33.5,32,0,0,1,1,2,58,-0.963630453208623,-0.26723837607825707,55.0,118.0,118.4,111.8,27.4,36.7,39.56,39.08,33.0,76.0,45.2,55.46666666666667,1.0,2.0,1.8,2.066666666666667,1,2,0
539,0,133,23.9,33,0,0,0,1,1,59,-0.964787323828813,-0.2630312144579744,155.0,51.0,134.8,111.73333333333333,33.5,43.1,35.72,37.666666666666664,32.0,47.0,42.4,54.2,2.0,2.0,1.6,1.9333333333333333,1,2,0
540,0,52,48.6,59,0,1,1,0,2,0,-0.9659258262890683,-0.25881904510252063,133.0,182.0,108.8,111.06666666666666,23.9,48.3,35.78,38.63333333333333,33.0,76.0,39.0,53.266666666666666,1.0,2.0,1.6,1.9333333333333333,0,1,0
541,0,152,38.2,81,0,1,0,0,1,1,-0.9670459389139431,-0.25460194820552773,52.0,149.0,109.4,115.8,48.6,45.5,34.32000000000001,39.019999999999996,59.0,38.0,47.6,53.733333333333334,2.0,2.0,1.4,1.9333333333333333,1,3,1
542,0,101,26.9,78,0,1,0,0,1,2,-0.9681476403781079,-0.25038000405444094,152.0,55.0,118.6,112.2,38.2,27.4,34.22,38.93333333333333,81.0,33.0,56.6,55.4,1.0,1.0,1.4,1.9333333333333333,1,2,1
543,0,159,40.2,83,1,0,1,1,3,3,-0.9692309097067544,-0.24615329302899286,101.0,155.0,119.4,113.73333333333333,26.9,33.5,35.56,40.166666666666664,78.0,32.0,66.8,57.0,1.0,2.0,1.6,1.9333333333333333,1,3,1
544,0,104,38.5,73,0,1,1,1,3,4,-0.9702957262759965,-0.24192189559966779,159.0,133.0,113.6,112.93333333333334,40.2,23.9,38.480000000000004,39.67333333333333,83.0,33.0,74.8,58.86666666666667,3.0,1.0,2.0,1.9333333333333333,1,2,1
545,0,192,30.7,42,0,1,1,1,3,5,-0.9713420698132613,-0.23768589232617343,104.0,52.0,141.6,117.66666666666667,38.5,48.6,34.9,38.76,73.0,59.0,71.4,56.2,3.0,2.0,2.2,1.9333333333333333,0,1,0
546,0,125,23.4,73,1,0,1,0,2,6,-0.9723699203976767,-0.23344536385590514,192.0,152.0,136.2,120.73333333333333,30.7,38.2,31.940000000000005,36.98666666666667,42.0,81.0,69.8,58.0,3.0,1.0,2.4,1.8666666666666667,1,2,1
547,0,191,40.1,75,1,0,0,1,2,7,-0.9733792584604485,-0.22920039092241418,125.0,101.0,154.2,127.93333333333334,23.4,26.9,34.58,36.333333333333336,73.0,78.0,69.2,59.93333333333333,2.0,1.0,2.6,1.9333333333333333,1,2,1
548,0,111,35.6,88,1,0,0,1,2,8,-0.9743700647852351,-0.22495105434386525,191.0,159.0,144.6,127.46666666666667,40.1,40.2,33.66,36.26,75.0,83.0,70.2,60.733333333333334,2.0,3.0,2.4,1.9333333333333333,0,0,1
549,0,191,43.2,88,0,1,1,1,3,9,-0.9753423205085126,-0.22069743502150163,111.0,104.0,162.0,136.8,35.6,38.5,34.6,36.266666666666666,88.0,73.0,73.2,63.46666666666667,2.0,3.0,2.4,2.0,1,2,1
550,0,109,35.6,45,0,0,0,0,0,10,-0.9762960071199334,-0.21643961393810282,191.0,192.0,145.4,131.93333333333334,43.2,30.7,35.58,35.42,88.0,42.0,73.8,61.4,3.0,3.0,1.8,1.8666666666666667,1,2,0
551,0,64,45.6,78,0,0,1,0,1,11,-0.9772311064626789,-0.21217767215644648,109.0,125.0,133.2,126.26666666666667,35.6,23.4,40.019999999999996,35.42666666666666,45.0,73.0,74.8,64.06666666666666,0.0,2.0,1.6,1.8,1,2,1
552,0,122,36.6,69,1,1,0,1,3,12,-0.9781476007338056,-0.2079116908177598,64.0,191.0,119.4,130.73333333333332,45.6,40.1,39.32000000000001,36.04,78.0,75.0,73.6,66.46666666666667,1.0,2.0,1.8,1.9333333333333333,0,1,1
553,0,197,36.8,33,1,0,1,0,2,13,-0.9790454724845837,-0.2036417511401782,122.0,111.0,136.6,133.53333333333333,36.6,35.6,39.56,36.26,69.0,88.0,62.6,66.53333333333333,3.0,2.0,1.8,1.9333333333333333,1,2,0
554,0,180,46.3,85,0,0,0,0,0,14,-0.9799247046208296,-0.1993679344171973,197.0,191.0,134.4,136.66666666666666,36.8,43.2,40.17999999999999,37.75333333333333,33.0,88.0,62.0,70.0,2.0,3.0,1.2,1.8666666666666667,0,1,1
555,0,102,32.1,75,1,0,0,1,2,15,-0.9807852804032303,-0.19509032201612866,180.0,109.0,133.0,140.0,46.3,35.6,39.480000000000004,36.65333333333333,85.0,45.0,68.0,71.06666666666666,0.0,0.0,1.6,1.8666666666666667,0,0,1
556,0,188,24.0,47,1,0,1,0,2,16,-0.9816271834476639,-0.19080899537654547,102.0,64.0,157.8,142.4,32.1,45.6,35.160000000000004,35.70666666666667,75.0,78.0,61.8,68.8,2.0,1.0,1.8,1.9333333333333333,1,3,1
557,0,106,20.9,31,1,1,1,1,4,17,-0.9824503977255099,-0.18652403600873382,188.0,122.0,154.6,142.73333333333332,24.0,36.6,32.019999999999996,35.306666666666665,47.0,69.0,54.2,65.66666666666667,2.0,3.0,2.0,2.1333333333333333,1,2,0
558,0,137,42.7,67,0,1,1,0,2,18,-0.9832549075639545,-0.18223552549214778,106.0,197.0,142.6,141.26666666666668,20.9,36.8,33.2,35.473333333333336,31.0,33.0,61.0,64.6,4.0,2.0,2.0,2.066666666666667,1,2,1
559,0,84,38.6,48,1,0,1,0,2,19,-0.9840406976462909,-0.17794354547384147,137.0,180.0,123.4,139.93333333333334,42.7,46.3,31.660000000000004,35.48,67.0,85.0,53.6,62.93333333333333,2.0,0.0,2.4,2.0,1,2,0
560,0,72,41.1,38,1,0,0,0,1,20,-0.9848077530122079,-0.1736481776669312,84.0,102.0,117.4,131.93333333333334,38.6,32.1,33.46,36.17333333333333,48.0,75.0,46.2,62.666666666666664,2.0,2.0,2.2,1.8666666666666667,0,1,0
561,0,113,26.4,83,1,1,0,0,2,21,-0.9855560590580776,-0.16934950384902486,72.0,188.0,102.4,131.13333333333333,41.1,24.0,33.940000000000005,36.373333333333335,38.0,47.0,53.4,63.333333333333336,1.0,2.0,2.2,1.8666666666666667,0,1,1
562,0,148,24.1,59,1,1,1,0,3,22,-0.9862856015372314,-0.1650476058606773,113.0,106.0,110.8,128.26666666666668,26.4,20.9,34.58,35.306666666666665,83.0,31.0,59.0,62.266666666666666,2.0,4.0,2.0,1.9333333333333333,0,1,1
563,0,99,20.4,62,1,0,0,0,1,23,-0.9869963665602318,-0.16074256560382688,148.0,137.0,103.2,127.46666666666667,24.1,42.7,30.119999999999997,34.29333333333333,59.0,67.0,58.0,60.53333333333333,3.0,2.0,1.8,1.8666666666666667,1,2,1
564,0,122,30.5,59,1,1,0,0,2,24,-0.9876883405951377,-0.15643446504023104,99.0,84.0,110.8,122.86666666666666,20.4,38.6,28.5,33.446666666666665,62.0,48.0,60.2,58.6,1.0,2.0,1.8,1.8,1,3,1
565,0,186,37.7,50,0,0,0,1,1,25,-0.9883615104677608,-0.15212338618991628,122.0,72.0,133.6,128.0,30.5,41.1,27.82,33.586666666666666,59.0,38.0,62.6,58.93333333333333,2.0,1.0,1.8,1.8666666666666667,1,2,0
566,0,157,31.8,32,1,0,1,1,3,26,-0.9890158633619168,-0.14780941112961046,186.0,113.0,142.4,134.2,37.7,26.4,28.9,32.666666666666664,50.0,83.0,52.4,55.86666666666667,1.0,2.0,2.0,2.0,1,2,0
567,0,148,33.1,36,1,1,0,0,2,27,-0.9896513868196702,-0.1434926219911794,157.0,148.0,142.4,135.93333333333334,31.8,24.1,30.7,32.43333333333333,32.0,59.0,47.8,53.666666666666664,3.0,3.0,1.8,1.9333333333333333,0,1,0
568,0,67,47.1,73,1,1,0,1,3,28,-0.9902680687415703,-0.13917310096006583,148.0,99.0,136.0,127.26666666666667,33.1,20.4,36.04,33.12,36.0,62.0,50.0,56.333333333333336,2.0,1.0,2.2,2.0,1,2,1
569,0,120,30.4,84,1,1,0,0,2,29,-0.9908658973868822,-0.13485093027372277,67.0,122.0,135.6,123.26666666666667,47.1,30.5,36.019999999999996,32.059999999999995,73.0,59.0,55.0,56.266666666666666,3.0,2.0,2.2,2.1333333333333333,1,2,1
570,0,122,35.4,74,1,0,1,1,3,30,-0.9914448613738104,-0.13052619222005163,120.0,186.0,122.8,124.6,30.4,37.7,35.56,32.28,84.0,50.0,59.8,56.2,2.0,1.0,2.6,2.2,0,1,1
571,0,76,43.5,75,0,0,0,0,0,31,-0.992004949679715,-0.12619896913583006,122.0,157.0,106.6,117.13333333333334,35.4,31.8,37.9,33.58,74.0,32.0,68.4,58.06666666666667,3.0,3.0,2.0,2.066666666666667,1,2,1
572,0,104,31.9,43,0,0,1,0,1,32,-0.9925461516413221,-0.12186934340514717,76.0,148.0,97.8,117.0,43.5,33.1,37.660000000000004,34.31333333333334,75.0,36.0,69.8,58.86666666666667,0.0,2.0,1.8,1.8666666666666667,0,0,0
573,0,110,38.7,70,1,1,1,1,4,33,-0.9930684569549263,-0.1175373974578376,104.0,67.0,106.4,115.2,31.9,47.1,35.980000000000004,34.04666666666667,43.0,73.0,69.2,59.06666666666667,1.0,3.0,2.0,2.0,0,1,1
574,0,166,45.9,82,0,0,0,0,0,34,-0.9935718556765875,-0.11320321376790694,110.0,120.0,115.6,120.66666666666667,38.7,30.4,39.08,34.53333333333333,70.0,84.0,68.8,61.333333333333336,4.0,2.0,1.6,1.8666666666666667,0,1,1
575,0,50,48.5,50,0,1,0,0,1,35,-0.9940563382223195,-0.10886687485196507,166.0,122.0,101.2,119.2,45.9,35.4,41.7,35.026666666666664,82.0,74.0,64.0,62.13333333333333,0.0,3.0,1.2,1.8666666666666667,0,1,0
576,0,156,24.4,50,1,1,0,1,3,36,-0.9945218953682734,-0.10452846326765336,50.0,76.0,117.2,122.06666666666666,48.5,43.5,37.879999999999995,34.89333333333333,50.0,75.0,59.0,59.93333333333333,1.0,0.0,1.8,1.9333333333333333,0,1,1
577,0,102,47.8,35,0,0,0,0,0,37,-0.9949685182509117,-0.10018806161207644,156.0,104.0,116.8,119.0,24.4,31.9,41.06,36.47333333333333,50.0,43.0,57.4,58.333333333333336,3.0,1.0,1.6,1.7333333333333334,0,1,0
578,0,173,34.8,36,1,0,0,0,1,38,-0.9953961983671787,-0.09584575252022441,102.0,110.0,129.4,123.93333333333334,47.8,38.7,40.279999999999994,37.43333333333333,35.0,70.0,50.6,56.6,0.0,4.0,1.0,1.7333333333333334,0,1,0
579,0,134,27.7,48,0,1,0,1,2,39,-0.9958049275746617,-0.09150161866340308,173.0,166.0,123.0,124.73333333333333,34.8,45.9,36.64,37.24666666666666,36.0,82.0,43.8,55.86666666666667,1.0,0.0,1.4,1.7333333333333334,0,0,0
580,0,181,33.8,42,1,1,0,0,2,40,-0.9961946980917455,-0.08715574274765825,134.0,50.0,149.2,124.4,27.7,48.5,33.7,36.986666666666665,48.0,50.0,42.2,55.333333333333336,2.0,1.0,1.6,1.8,1,3,0
581,0,77,49.4,63,1,1,0,1,3,41,-0.9965655024977614,-0.08280820751220469,181.0,156.0,133.4,119.06666666666666,33.8,24.4,38.7,38.16,42.0,50.0,44.8,57.4,2.0,3.0,1.6,1.8,1,2,0
582,0,105,34.8,42,0,1,0,0,1,42,-0.996917333733128,-0.07845909572784557,77.0,102.0,134.0,116.2,49.4,47.8,36.1,38.273333333333326,63.0,35.0,46.2,57.8,3.0,0.0,1.8,1.7333333333333334,0,1,0
583,0,90,29.9,53,1,0,0,0,1,43,-0.9972501850994856,-0.07410849019540014,105.0,173.0,117.4,117.73333333333333,34.8,34.8,35.11999999999999,37.126666666666665,42.0,36.0,49.6,56.46666666666667,1.0,1.0,1.8,1.6,1,3,0
584,0,93,39.0,31,0,1,0,0,1,44,-0.9975640502598242,-0.06975647374412558,90.0,134.0,109.2,115.93333333333334,29.9,27.7,37.379999999999995,37.7,53.0,48.0,46.2,52.93333333333333,1.0,2.0,1.6,1.5333333333333334,1,3,0
585,0,145,27.2,81,0,0,1,0,1,45,-0.9978589232386035,-0.06540312923014273,93.0,181.0,102.0,117.46666666666667,39.0,33.8,36.059999999999995,37.15333333333333,31.0,42.0,54.0,53.4,1.0,2.0,1.4,1.4,0,1,1
586,0,120,22.3,47,1,0,1,0,2,46,-0.9981347984218669,-0.06104853953485769,145.0,77.0,110.6,120.4,27.2,49.4,30.639999999999997,35.74,81.0,63.0,50.8,51.53333333333333,1.0,3.0,1.2,1.5333333333333334,0,1,1
587,0,189,23.9,36,1,0,0,1,2,47,-0.9983916705573488,-0.056692787563377714,120.0,105.0,127.4,126.06666666666666,22.3,34.8,28.459999999999997,35.20666666666667,47.0,42.0,49.6,51.06666666666667,2.0,1.0,1.4,1.6,1,2,0
588,0,199,23.8,81,0,0,0,0,0,48,-0.9986295347545739,-0.052335956242943425,189.0,90.0,149.2,132.0,23.9,29.9,27.24,34.21333333333333,36.0,53.0,55.2,51.8,2.0,1.0,1.2,1.3333333333333333,0,1,1
589,0,140,24.6,81,1,0,0,0,1,49,-0.9988483864849507,-0.0479781285213447,199.0,93.0,158.6,130.26666666666668,23.8,39.0,24.36,32.79333333333333,81.0,31.0,65.2,51.733333333333334,0.0,1.0,1.2,1.4,0,1,1
590,0,167,24.2,44,1,0,0,1,2,50,-0.9990482215818578,-0.04361938736533613,140.0,145.0,163.0,138.06666666666666,24.6,27.2,23.759999999999998,31.173333333333332,81.0,81.0,57.8,51.333333333333336,1.0,1.0,1.4,1.4666666666666666,0,0,0
591,0,182,39.2,61,1,0,0,1,2,51,-0.9992290362407229,-0.039259815759068124,167.0,120.0,175.4,139.8,24.2,22.3,27.139999999999997,32.16,44.0,47.0,60.6,52.06666666666667,2.0,2.0,1.4,1.4,1,2,0
592,0,196,25.5,56,0,0,0,1,1,52,-0.9993908270190958,-0.03489949670250076,182.0,189.0,176.8,146.06666666666666,39.2,23.9,27.46,30.673333333333336,61.0,36.0,64.6,53.46666666666667,2.0,2.0,1.2,1.4666666666666666,1,2,1
593,0,195,30.4,42,1,1,0,1,3,53,-0.9995335908367129,-0.030538513209822718,196.0,199.0,176.0,147.53333333333333,25.5,23.8,28.78,30.38,56.0,81.0,56.8,53.86666666666667,1.0,0.0,1.8,1.6,0,1,0
594,0,73,46.9,59,1,0,0,0,1,54,-0.9996573249755573,-0.026176948307873482,195.0,140.0,162.6,143.46666666666667,30.4,24.6,33.239999999999995,31.66,42.0,81.0,52.4,54.6,3.0,1.0,1.8,1.5333333333333334,1,2,0
595,0,94,34.2,30,1,1,0,0,2,55,-0.9997620270799091,-0.021814885034560836,73.0,167.0,148.0,137.66666666666666,46.9,24.2,35.24,31.686666666666664,59.0,44.0,49.6,53.8,1.0,2.0,1.8,1.5333333333333334,1,2,0
596,0,88,40.0,81,1,0,0,0,1,56,-0.9998476951563913,-0.017452406437283498,94.0,182.0,129.2,138.4,34.2,39.2,35.4,31.06,30.0,61.0,53.6,55.0,2.0,2.0,1.6,1.4,1,3,1
597,0,79,25.2,70,0,1,1,0,2,57,-0.999914327574007,-0.013089595571344698,88.0,196.0,105.8,136.66666666666666,40.0,25.5,35.339999999999996,30.42,81.0,56.0,56.4,56.86666666666667,1.0,1.0,1.8,1.4666666666666666,1,3,1
598,0,53,25.8,39,1,1,0,1,3,58,-0.9999619230641713,-0.008726535498374464,79.0,195.0,77.4,134.2,25.2,30.4,34.42,30.14666666666667,70.0,42.0,55.8,55.93333333333333,2.0,3.0,1.8,1.6,0,1,0
599,0,100,21.2,65,0,0,0,1,1,59,-0.9999904807207345,-0.004363309284746483,53.0,73.0,82.8,134.66666666666666,25.8,46.9,29.28,28.96,39.0,59.0,57.0,58.2,3.0,1.0,1.8,1.6,0,1,1
600,0,193,25.1,53,0,0,1,0,1,0,-1.0,-1.8369701987210297e-16,100.0,94.0,102.6,137.86666666666667,21.2,34.2,27.46,28.82,65.0,30.0,61.6,56.333333333333336,1.0,2.0,1.6,1.6,0,1,1
601,0,58,28.4,86,1,0,1,1,3,1,-0.9999904807207345,0.004363309284746116,193.0,88.0,96.6,133.73333333333332,25.1,40.0,25.14,29.22666666666667,53.0,81.0,62.6,58.93333333333333,1.0,1.0,2.0,1.6666666666666667,1,2,1
602,0,186,25.3,85,0,1,1,1,3,2,-0.9999619230641713,0.008726535498374096,58.0,79.0,118.0,133.53333333333333,28.4,25.2,25.16,29.319999999999997,86.0,70.0,65.6,62.2,3.0,2.0,2.2,1.7333333333333334,1,3,1
603,0,68,22.7,30,0,1,0,1,2,3,-0.999914327574007,0.01308959557134433,186.0,53.0,121.0,124.8,25.3,25.8,24.54,29.24666666666667,85.0,39.0,63.8,58.8,3.0,3.0,2.0,1.8666666666666667,0,1,0
604,0,126,23.6,38,0,1,0,1,2,4,-0.9998476951563913,0.01745240643728313,68.0,100.0,126.2,123.86666666666666,22.7,21.2,25.02,29.18,30.0,65.0,58.4,55.93333333333333,2.0,1.0,2.2,1.9333333333333333,1,2,0
605,0,138,33.8,33,1,1,0,1,3,5,-0.9997620270799091,0.021814885034560468,126.0,193.0,115.2,121.93333333333334,23.6,25.1,26.76,29.82,38.0,53.0,54.4,55.2,2.0,1.0,2.6,2.0,1,2,0
606,0,111,26.2,71,1,1,0,1,3,6,-0.9996573249755573,0.026176948307873114,138.0,58.0,125.8,117.2,33.8,28.4,26.32,28.953333333333333,33.0,86.0,51.4,55.86666666666667,3.0,3.0,2.6,2.066666666666667,0,1,1
607,0,75,30.9,85,0,1,1,0,2,7,-0.999533590836713,0.030538513209822354,111.0,186.0,103.6,109.13333333333334,26.2,25.3,27.439999999999998,29.313333333333333,71.0,85.0,51.4,57.8,3.0,3.0,2.4,2.1333333333333333,0,1,1
608,0,176,35.1,33,1,0,0,1,2,8,-0.9993908270190958,0.03489949670250039,75.0,68.0,125.2,107.86666666666666,30.9,22.7,29.919999999999998,29.626666666666665,85.0,30.0,52.0,57.2,2.0,2.0,2.4,2.066666666666667,1,2,0
609,0,189,40.7,72,1,1,1,0,3,9,-0.999229036240723,0.03925981575906776,176.0,126.0,137.8,115.6,35.1,23.6,33.339999999999996,29.213333333333335,33.0,38.0,58.8,58.06666666666667,2.0,2.0,2.6,2.2,0,0,1
610,0,127,21.2,63,1,1,1,1,4,10,-0.9990482215818578,0.043619387365335764,189.0,138.0,135.6,117.8,40.7,33.8,30.82,28.346666666666668,72.0,33.0,64.8,60.266666666666666,3.0,3.0,2.8,2.3333333333333335,0,1,1
611,0,107,44.0,50,0,0,1,0,1,11,-0.9988483864849507,0.04797812852134433,127.0,111.0,134.8,119.06666666666666,21.2,26.2,34.38,28.613333333333337,63.0,71.0,60.6,58.2,4.0,3.0,2.4,2.3333333333333335,1,2,0
612,0,131,38.8,54,1,1,0,0,2,12,-0.9986295347545739,0.05233595624294306,107.0,75.0,146.0,122.53333333333333,44.0,30.9,35.96,29.519999999999996,50.0,85.0,54.4,57.13333333333333,1.0,2.0,2.4,2.3333333333333335,1,2,0
613,0,194,22.5,46,0,0,0,0,0,13,-0.9983916705573488,0.056692787563377346,131.0,176.0,149.6,131.93333333333334,38.8,35.1,33.44,29.3,54.0,33.0,57.0,57.6,2.0,2.0,2.0,2.1333333333333333,0,0,1
614,0,69,46.2,35,0,0,1,1,2,14,-0.9981347984218669,0.061048539534857324,194.0,189.0,125.6,129.86666666666667,22.5,40.7,34.54,30.966666666666665,46.0,72.0,49.6,55.6,0.0,3.0,1.8,2.2,0,1,0
615,0,87,47.6,57,0,1,1,0,2,15,-0.9978589232386036,0.06540312923014237,69.0,127.0,117.6,122.8,46.2,21.2,39.82000000000001,32.46666666666667,35.0,63.0,48.4,55.86666666666667,2.0,4.0,1.4,2.2666666666666666,1,2,0
616,0,163,21.8,45,0,1,1,1,3,16,-0.9975640502598243,0.06975647374412522,87.0,107.0,128.8,129.8,47.6,44.0,35.38,32.026666666666664,57.0,50.0,47.4,53.13333333333333,2.0,1.0,1.8,2.2666666666666666,1,3,1
617,0,164,28.3,70,0,1,0,1,2,17,-0.9972501850994856,0.07410849019539976,163.0,131.0,135.4,128.33333333333334,21.8,38.8,33.28,32.22666666666667,45.0,54.0,50.6,52.13333333333333,3.0,2.0,1.8,2.2,1,3,1
618,0,174,44.2,35,0,1,0,0,1,18,-0.996917333733128,0.07845909572784521,164.0,194.0,131.4,135.4,28.3,22.5,37.620000000000005,33.66,70.0,46.0,48.4,52.46666666666667,2.0,0.0,2.0,2.1333333333333333,0,1,0
619,0,193,42.4,56,0,1,0,1,2,19,-0.9965655024977614,0.08280820751220433,174.0,69.0,156.2,139.86666666666667,44.2,46.2,36.86,34.913333333333334,35.0,35.0,52.6,53.666666666666664,1.0,2.0,2.0,2.1333333333333333,0,1,0
620,0,113,25.5,72,0,0,1,0,1,20,-0.9961946980917455,0.08715574274765789,193.0,87.0,161.4,138.2,42.4,47.6,32.44,34.36,56.0,57.0,55.6,56.266666666666666,2.0,2.0,1.8,2.0,0,1,1
621,0,53,26.3,90,1,1,1,1,4,21,-0.9958049275746617,0.09150161866340271,113.0,163.0,139.4,134.33333333333334,25.5,21.8,33.34,34.36666666666667,72.0,45.0,64.6,57.53333333333333,1.0,3.0,2.0,2.066666666666667,0,1,1
622,0,70,31.1,85,0,0,0,1,1,22,-0.9953961983671789,0.09584575252022405,53.0,164.0,120.6,134.0,26.3,28.3,33.9,34.38,90.0,70.0,67.6,57.53333333333333,4.0,2.0,1.8,2.0,0,1,1
623,0,133,34.5,46,1,1,0,1,3,23,-0.9949685182509117,0.10018806161207608,70.0,174.0,112.4,131.13333333333333,31.1,44.2,31.96,34.34,85.0,35.0,69.8,58.4,1.0,1.0,2.2,2.066666666666667,0,1,0
624,0,157,38.5,37,0,1,0,1,2,24,-0.9945218953682734,0.10452846326765299,133.0,193.0,105.2,129.0,34.5,42.4,31.179999999999996,34.193333333333335,46.0,56.0,66.0,56.06666666666667,3.0,2.0,2.2,2.0,0,1,0
625,0,84,31.1,44,0,1,1,1,3,25,-0.9940563382223196,0.10886687485196471,157.0,113.0,99.4,126.13333333333334,38.5,25.5,32.3,34.85333333333333,37.0,72.0,60.4,54.8,2.0,1.0,2.6,1.9333333333333333,1,2,0
626,0,106,33.9,43,1,0,1,0,2,26,-0.9935718556765876,0.11320321376790658,84.0,53.0,110.0,126.06666666666666,31.1,26.3,33.82000000000001,34.18,44.0,90.0,51.0,54.333333333333336,3.0,4.0,2.2,2.0,0,0,0
627,0,191,42.4,63,1,0,1,0,2,27,-0.9930684569549263,0.11753739745783724,106.0,70.0,134.2,130.06666666666666,33.9,31.1,36.08,34.42,43.0,85.0,46.6,54.93333333333333,2.0,1.0,2.4,2.0,0,1,0
628,0,90,21.1,37,1,0,0,1,2,28,-0.9925461516413221,0.12186934340514681,191.0,133.0,125.6,123.13333333333334,42.4,34.5,33.4,34.326666666666675,63.0,46.0,44.8,54.333333333333336,2.0,3.0,2.2,2.1333333333333333,0,1,0
629,0,57,27.6,32,1,1,0,0,2,29,-0.992004949679715,0.1261989691358297,90.0,157.0,105.6,122.33333333333333,21.1,38.5,31.22,33.086666666666666,37.0,37.0,43.8,54.13333333333333,2.0,2.0,2.2,2.1333333333333333,1,3,0
630,0,80,41.4,69,1,1,1,0,3,30,-0.9914448613738105,0.13052619222005127,57.0,84.0,104.8,121.86666666666666,27.6,31.1,33.279999999999994,32.67333333333333,32.0,44.0,48.8,54.93333333333333,2.0,3.0,2.2,2.2,1,2,1
631,0,105,46.9,43,1,1,1,1,4,31,-0.9908658973868824,0.1348509302737224,80.0,106.0,104.6,118.0,41.4,33.9,35.88,34.34666666666667,69.0,43.0,48.8,54.8,3.0,2.0,2.6,2.2666666666666666,1,2,0
632,0,179,35.4,37,1,1,1,0,3,32,-0.9902680687415704,0.13917310096006547,105.0,191.0,102.2,119.0,46.9,42.4,34.480000000000004,34.82,43.0,63.0,43.6,52.6,4.0,2.0,2.8,2.3333333333333335,1,3,0
633,0,124,36.0,53,0,1,1,0,2,33,-0.9896513868196702,0.14349262199117904,179.0,90.0,109.0,115.66666666666667,35.4,21.1,37.46,34.27333333333333,37.0,37.0,46.8,53.8,3.0,2.0,2.8,2.4,1,2,0
634,0,156,23.2,88,0,1,0,1,2,34,-0.9890158633619169,0.1478094111296101,124.0,57.0,128.8,113.2,36.0,27.6,36.58,32.99333333333333,53.0,32.0,58.0,55.93333333333333,2.0,2.0,2.8,2.4,0,1,1
635,0,79,33.4,70,1,0,1,1,3,35,-0.9883615104677609,0.15212338618991592,156.0,80.0,128.6,110.93333333333334,23.2,41.4,34.980000000000004,33.519999999999996,88.0,69.0,58.2,55.8,2.0,3.0,2.8,2.533333333333333,0,1,1
636,0,118,36.0,67,1,1,1,0,3,36,-0.9876883405951378,0.15643446504023067,79.0,105.0,131.2,115.26666666666667,33.4,46.9,32.8,34.166666666666664,70.0,43.0,63.0,54.266666666666666,3.0,4.0,2.6,2.466666666666667,1,3,1
637,0,79,27.3,87,0,1,1,0,2,37,-0.9869963665602318,0.16074256560382652,118.0,179.0,111.2,115.86666666666666,36.0,35.4,31.18,33.913333333333334,67.0,37.0,73.0,54.4,3.0,3.0,2.4,2.533333333333333,1,2,1
638,0,200,28.1,65,1,1,1,1,4,38,-0.9862856015372315,0.16504760586067693,79.0,124.0,126.4,120.33333333333333,27.3,36.0,29.6,33.486666666666665,87.0,53.0,75.4,55.666666666666664,2.0,2.0,2.8,2.6,1,3,1
639,0,74,31.3,47,1,1,1,1,4,39,-0.9855560590580777,0.1693495038490245,200.0,156.0,110.0,114.8,28.1,23.2,31.22,33.00666666666667,65.0,88.0,67.2,56.333333333333336,4.0,2.0,3.2,2.7333333333333334,0,1,0
640,0,175,20.6,40,1,0,1,0,2,40,-0.984807753012208,0.17364817766693083,74.0,79.0,129.2,120.86666666666666,31.3,33.4,28.660000000000004,32.306666666666665,47.0,70.0,61.2,56.06666666666667,4.0,3.0,3.0,2.6666666666666665,0,0,0
641,0,122,29.7,82,1,0,0,0,1,41,-0.984040697646291,0.1779435454738411,175.0,118.0,130.0,121.93333333333334,20.6,36.0,27.4,32.026666666666664,40.0,67.0,64.2,58.666666666666664,2.0,3.0,2.6,2.6,0,1,1
642,0,110,26.3,59,1,1,0,0,2,42,-0.9832549075639546,0.18223552549214742,122.0,79.0,136.2,116.53333333333333,29.7,27.3,27.2,30.953333333333333,82.0,87.0,58.6,58.4,1.0,2.0,2.6,2.6,1,2,1
643,0,196,29.8,84,0,0,1,1,2,43,-0.98245039772551,0.18652403600873346,110.0,200.0,135.4,123.6,26.3,28.1,27.54,31.533333333333335,59.0,65.0,62.4,61.53333333333333,2.0,4.0,2.2,2.6,0,1,1
644,0,90,23.6,30,0,1,0,1,2,44,-0.9816271834476639,0.1908089953765451,196.0,74.0,138.6,125.8,29.8,31.3,26.0,31.266666666666666,84.0,47.0,59.0,61.4,2.0,4.0,1.8,2.6,0,1,0
645,0,66,46.7,38,1,1,1,0,3,45,-0.9807852804032304,0.1950903220161283,90.0,175.0,116.8,124.86666666666666,23.6,20.6,31.220000000000006,31.62,30.0,40.0,58.6,59.333333333333336,2.0,2.0,2.0,2.6,0,1,0
646,0,132,37.8,41,1,1,1,1,4,46,-0.9799247046208297,0.19936793441719694,66.0,122.0,118.8,126.66666666666667,46.7,29.7,32.839999999999996,31.013333333333335,38.0,82.0,50.4,59.2,3.0,1.0,2.6,2.6,0,0,0
647,0,86,40.4,84,0,1,1,0,2,47,-0.9790454724845837,0.20364175114017785,132.0,110.0,114.0,120.46666666666667,37.8,26.3,35.66,31.346666666666668,41.0,59.0,55.4,62.333333333333336,4.0,2.0,2.6,2.533333333333333,0,1,1
648,0,145,43.7,66,1,0,0,1,2,48,-0.9781476007338056,0.20791169081775945,86.0,196.0,103.8,121.86666666666666,40.4,29.8,38.440000000000005,31.86,84.0,84.0,51.8,63.2,2.0,2.0,2.6,2.533333333333333,1,2,0
649,0,146,35.0,55,1,1,0,0,2,49,-0.9772311064626789,0.21217767215644612,145.0,90.0,115.0,121.2,43.7,23.6,40.72,32.64666666666667,66.0,30.0,56.8,61.0,2.0,2.0,2.6,2.533333333333333,1,3,0
650,0,197,22.6,32,1,1,1,1,4,50,-0.9762960071199335,0.21643961393810246,146.0,66.0,141.2,129.06666666666666,35.0,46.7,35.9,31.92666666666667,55.0,38.0,55.6,58.46666666666667,2.0,3.0,2.8,2.6,0,1,0
651,0,51,36.1,30,1,1,0,1,3,51,-0.9753423205085127,0.22069743502150127,197.0,132.0,125.0,124.6,22.6,37.8,35.559999999999995,31.933333333333334,32.0,41.0,53.4,56.0,4.0,4.0,2.6,2.6,1,2,0
652,0,153,37.6,46,1,1,0,1,3,52,-0.9743700647852352,0.22495105434386492,51.0,86.0,138.4,129.53333333333333,36.1,40.4,35.0,32.62,30.0,84.0,45.8,53.266666666666666,3.0,2.0,2.8,2.6666666666666665,0,1,0
653,0,108,42.4,84,0,0,1,1,2,53,-0.9733792584604486,0.22920039092241382,153.0,145.0,131.0,123.4,37.6,43.7,34.739999999999995,33.57333333333333,46.0,66.0,49.4,54.53333333333333,3.0,2.0,2.8,2.533333333333333,1,2,1
654,0,87,32.9,89,1,1,0,1,3,54,-0.9723699203976768,0.23344536385590478,108.0,146.0,119.2,124.26666666666667,42.4,35.0,34.32,33.68,84.0,55.0,56.2,57.333333333333336,2.0,2.0,3.0,2.466666666666667,1,2,1
655,0,108,23.8,43,0,0,1,1,2,55,-0.9713420698132614,0.23768589232617307,87.0,197.0,101.4,119.8,32.9,22.6,34.56,33.89333333333334,89.0,32.0,58.4,57.53333333333333,3.0,4.0,2.6,2.466666666666667,1,2,0
656,0,166,28.5,70,0,1,1,1,3,56,-0.9702957262759966,0.24192189559966745,108.0,51.0,124.4,122.73333333333333,23.8,36.1,33.040000000000006,33.81333333333334,43.0,30.0,66.4,56.733333333333334,2.0,3.0,2.6,2.6,1,2,1
657,0,82,30.9,30,1,1,1,1,4,57,-0.9692309097067545,0.2461532930289925,166.0,153.0,110.2,120.86666666666666,28.5,37.6,31.7,34.12,70.0,46.0,63.2,54.8,3.0,3.0,2.8,2.7333333333333334,1,2,0
658,0,107,39.4,74,1,0,0,0,1,58,-0.968147640378108,0.2503800040544406,82.0,108.0,110.0,114.93333333333334,30.9,42.4,31.1,34.76,30.0,84.0,61.2,54.13333333333333,4.0,2.0,2.6,2.6666666666666665,1,3,1
659,0,76,37.1,68,1,1,0,0,2,59,-0.9670459389139432,0.2546019482055274,107.0,87.0,107.8,114.0,39.4,32.9,31.939999999999998,35.66,74.0,89.0,57.0,56.666666666666664,1.0,3.0,2.4,2.6666666666666665,1,2,1
660,0,143,30.7,76,0,0,0,0,0,0,-0.9659258262890684,0.2588190451025203,76.0,108.0,114.8,119.13333333333334,37.1,23.8,33.32,34.593333333333334,68.0,43.0,63.6,59.2,2.0,2.0,2.0,2.466666666666667,1,2,1
661,0,132,49.6,89,0,0,0,0,0,1,-0.9647873238288132,0.26303121445797406,143.0,166.0,108.0,119.13333333333334,30.7,28.5,37.54,35.38,76.0,70.0,67.4,62.4,0.0,3.0,1.4,2.2,1,3,1
662,0,173,38.2,65,0,1,0,0,1,2,-0.9636304532086231,0.26723837607825673,132.0,82.0,126.2,124.93333333333334,49.6,30.9,39.0,35.233333333333334,89.0,30.0,74.4,61.13333333333333,0.0,4.0,0.8,2.1333333333333333,1,2,1
663,0,122,27.1,76,0,1,0,1,2,3,-0.9624552364536472,0.2714404498650747,173.0,107.0,129.2,123.4,38.2,39.4,36.540000000000006,34.12666666666667,65.0,74.0,74.8,61.8,1.0,1.0,1.0,2.1333333333333333,1,2,1
664,0,55,23.1,72,1,0,1,1,3,4,-0.961261695938319,0.2756373558169985,122.0,76.0,125.0,117.33333333333333,27.1,37.1,33.74,33.333333333333336,76.0,68.0,75.6,62.93333333333333,2.0,2.0,1.2,2.2,0,1,1
665,0,133,24.6,70,1,0,0,1,2,5,-0.9600498543859287,0.279829014030992,55.0,143.0,123.0,113.06666666666666,23.1,30.7,32.519999999999996,33.46666666666667,72.0,76.0,74.4,65.46666666666667,3.0,0.0,1.6,2.066666666666667,1,3,1
666,0,68,27.4,78,1,0,0,0,1,6,-0.9588197348681929,0.28401534470392314,133.0,132.0,110.2,114.2,24.6,49.6,28.080000000000002,32.88666666666667,70.0,89.0,72.2,68.66666666666667,2.0,0.0,1.8,1.9333333333333333,0,1,1
667,0,77,24.8,55,1,1,1,0,3,7,-0.9575713608048146,0.2881962681340887,68.0,173.0,91.0,109.13333333333334,27.4,38.2,25.4,32.03333333333333,78.0,65.0,70.2,69.26666666666667,1.0,1.0,2.2,1.9333333333333333,0,1,1
668,0,147,25.6,58,0,0,1,0,1,8,-0.9563047559630354,0.2923717047227367,77.0,122.0,96.0,111.73333333333333,24.8,27.1,25.1,30.913333333333338,55.0,76.0,66.6,67.53333333333333,3.0,2.0,2.0,1.8666666666666667,1,2,1
669,0,103,28.6,50,0,0,0,1,1,9,-0.955019944457187,0.2965415749755698,147.0,55.0,105.6,112.8,25.6,23.1,26.2,30.626666666666665,58.0,72.0,62.2,64.93333333333334,1.0,3.0,1.6,1.7333333333333334,0,1,0
670,0,192,25.2,76,0,0,1,0,1,10,-0.9537169507482268,0.30070579950427345,103.0,133.0,117.4,118.4,28.6,24.6,26.320000000000004,30.719999999999995,50.0,70.0,63.4,67.13333333333334,1.0,2.0,1.4,1.6666666666666667,0,1,1
671,0,171,46.9,52,0,0,1,0,1,11,-0.9523957996432784,0.3048642990280109,192.0,68.0,138.0,118.73333333333333,25.2,27.4,30.22,31.946666666666665,76.0,78.0,58.2,65.93333333333334,1.0,1.0,1.4,1.5333333333333334,1,2,0
672,0,83,22.4,46,0,1,0,0,1,12,-0.9510565162951536,0.30901699437494723,171.0,77.0,139.2,118.8,46.9,24.8,29.74,31.38,52.0,55.0,56.4,67.0,1.0,3.0,1.0,1.3333333333333333,1,2,0
673,0,114,35.7,64,1,1,1,1,4,13,-0.9496991262018771,0.3131638064837491,83.0,147.0,132.6,119.26666666666667,22.4,25.6,31.76,31.133333333333333,46.0,58.0,57.6,66.33333333333333,1.0,1.0,1.6,1.5333333333333334,0,0,1
674,0,83,32.3,51,0,1,1,0,2,14,-0.9483236552061993,0.31730465640509226,114.0,103.0,128.6,119.73333333333333,35.7,28.6,32.5,30.813333333333333,64.0,50.0,57.8,65.2,4.0,1.0,1.8,1.5333333333333334,0,0,0
675,0,51,49.5,58,1,0,0,0,1,15,-0.9469301294951057,0.3214394653031615,83.0,192.0,100.4,113.6,32.3,25.2,37.36,32.06666666666667,51.0,76.0,54.2,64.0,2.0,1.0,1.8,1.6,0,1,0
676,0,90,23.4,67,1,0,0,1,2,16,-0.945518575599317,0.3255681544571563,51.0,171.0,84.2,110.8,49.5,46.9,32.660000000000004,30.32,58.0,52.0,57.2,62.53333333333333,1.0,1.0,2.0,1.7333333333333334,0,1,1
677,0,85,31.9,68,1,0,0,1,2,17,-0.9440890203927842,0.3296906452627875,90.0,83.0,84.6,104.93333333333334,23.4,22.4,34.56,29.9,67.0,46.0,61.6,62.733333333333334,2.0,1.0,2.2,1.8,0,1,1
678,0,95,49.1,45,1,1,0,1,3,18,-0.9426414910921784,0.3338068592337709,85.0,114.0,80.8,103.13333333333334,31.9,35.7,37.24,31.366666666666667,68.0,64.0,57.8,60.666666666666664,2.0,4.0,2.0,1.8666666666666667,1,2,0
679,0,175,46.0,39,0,0,1,0,1,19,-0.9411760152563707,0.3379167180033267,95.0,83.0,99.2,111.13333333333334,49.1,32.3,39.980000000000004,32.89333333333334,45.0,51.0,55.4,58.46666666666667,3.0,2.0,1.8,1.7333333333333334,0,1,0
680,0,79,44.5,68,1,0,1,1,3,20,-0.9396926207859085,0.34202014332566816,175.0,51.0,104.8,107.53333333333333,46.0,49.5,38.980000000000004,34.22,39.0,58.0,57.4,58.333333333333336,1.0,1.0,2.2,1.8,0,1,0
681,0,79,27.7,35,0,0,0,1,1,21,-0.9381913359224842,0.346117057077493,79.0,90.0,102.6,108.26666666666667,44.5,23.4,39.839999999999996,34.24,68.0,67.0,51.0,55.46666666666667,3.0,2.0,2.0,1.8,1,3,0
682,0,76,25.1,34,1,0,1,0,2,22,-0.9366721892483977,0.3502073812594672,79.0,85.0,100.8,108.2,27.7,31.9,38.480000000000004,34.26,35.0,68.0,44.2,54.06666666666667,1.0,2.0,2.0,1.7333333333333334,0,1,0
683,0,118,40.1,66,1,1,1,1,4,23,-0.9351352096860119,0.35429103799771533,76.0,95.0,105.4,106.26666666666667,25.1,49.1,36.67999999999999,35.22666666666667,34.0,45.0,48.4,54.6,2.0,3.0,2.2,1.9333333333333333,0,0,1
684,0,184,47.9,63,0,0,1,1,2,24,-0.9335804264972021,0.35836794954529955,118.0,175.0,107.2,111.66666666666667,40.1,46.0,37.059999999999995,36.513333333333335,66.0,39.0,53.2,55.46666666666667,4.0,1.0,2.4,2.0,1,2,0
685,0,181,36.7,52,0,1,1,0,2,25,-0.9320078692827986,0.36243803828370147,184.0,79.0,127.6,110.93333333333334,47.9,44.5,35.5,37.279999999999994,63.0,68.0,50.0,53.86666666666667,2.0,3.0,2.2,2.066666666666667,1,2,0
686,0,155,37.1,85,0,1,1,0,2,26,-0.9304175679820244,0.3665012267242977,181.0,79.0,142.8,109.86666666666666,36.7,27.7,37.38,36.626666666666665,52.0,35.0,60.0,56.06666666666667,2.0,1.0,2.4,2.1333333333333333,0,1,1
687,0,100,28.4,49,1,1,1,1,4,27,-0.9288095528719245,0.37055743750983555,155.0,76.0,147.6,111.0,37.1,25.1,38.040000000000006,37.026666666666664,85.0,34.0,63.0,56.266666666666666,2.0,2.0,2.8,2.3333333333333335,0,1,0
688,0,150,43.1,30,1,1,0,0,2,28,-0.9271838545667874,0.37460659341591196,100.0,118.0,154.0,113.4,28.4,40.1,38.64,37.519999999999996,49.0,66.0,55.8,54.0,4.0,4.0,2.4,2.2,1,3,0
689,0,68,25.6,61,1,1,1,1,4,29,-0.9255405040175662,0.37864861735243344,150.0,184.0,130.8,112.4,43.1,47.9,34.18,37.07333333333334,30.0,63.0,55.4,54.666666666666664,2.0,2.0,2.8,2.3333333333333335,1,3,1
690,0,195,29.7,55,0,0,1,0,1,30,-0.923879532511287,0.38268343236508917,68.0,181.0,133.6,122.0,25.6,36.7,32.78,35.75333333333334,61.0,52.0,56.0,54.46666666666667,4.0,2.0,2.6,2.3333333333333335,0,1,1
691,0,86,32.8,45,0,0,0,1,1,31,-0.9222009716704518,0.3867109616368206,195.0,155.0,119.8,121.73333333333333,29.7,37.1,31.919999999999998,36.38,55.0,85.0,48.0,53.0,1.0,2.0,2.4,2.2666666666666666,0,1,0
692,0,167,35.2,48,1,0,1,0,2,32,-0.9205048534524402,0.39073112848927427,86.0,100.0,133.2,127.2,32.8,28.4,33.279999999999994,36.6,45.0,49.0,47.8,51.666666666666664,1.0,4.0,2.0,2.2666666666666666,0,1,0
693,0,78,27.3,80,1,1,1,1,4,33,-0.9187912101488985,0.39474385638426673,167.0,150.0,118.8,126.06666666666666,35.2,43.1,30.119999999999997,35.14666666666666,48.0,30.0,57.8,54.0,2.0,2.0,2.4,2.3333333333333335,0,1,1
694,0,60,23.4,82,0,0,0,1,1,34,-0.917060074385124,0.39874906892524625,78.0,68.0,117.2,118.4,27.3,25.6,29.68,33.64,80.0,61.0,62.0,56.86666666666667,4.0,4.0,1.8,2.3333333333333335,0,0,1
695,0,164,38.3,57,1,0,0,1,2,35,-0.9153114791194472,0.402746689858737,60.0,195.0,111.0,124.06666666666666,23.4,29.7,31.4,33.22666666666667,82.0,55.0,62.4,56.13333333333333,1.0,1.0,2.0,2.2666666666666666,1,2,0
696,0,68,28.7,33,0,0,1,0,1,36,-0.9135454576426008,0.40673664307580054,164.0,86.0,107.4,123.33333333333333,38.3,32.8,30.580000000000002,33.29333333333333,57.0,45.0,60.0,56.0,2.0,1.0,2.0,2.2666666666666666,1,3,0
697,0,124,37.4,41,1,1,1,1,4,37,-0.9117620435770885,0.4107188526134774,68.0,167.0,98.8,126.53333333333333,28.7,35.2,31.02,34.11333333333334,33.0,48.0,58.6,56.46666666666667,1.0,2.0,2.4,2.4,1,2,0
698,0,170,24.6,36,1,1,1,0,3,38,-0.9099612708765432,0.4146932426562389,124.0,78.0,117.2,130.0,37.4,27.3,30.48,33.08,41.0,80.0,49.8,54.46666666666667,4.0,4.0,2.2,2.3333333333333335,1,2,0
699,0,170,34.4,30,0,0,0,0,0,39,-0.9081431738250815,0.4186597375374277,170.0,60.0,139.2,129.06666666666666,24.6,23.4,32.67999999999999,32.18,36.0,82.0,39.4,52.266666666666666,3.0,1.0,2.0,2.2,0,1,0
700,0,63,36.0,80,1,0,1,0,2,40,-0.9063077870366498,0.4226182617406996,170.0,164.0,119.0,121.2,34.4,38.3,32.22,32.13333333333333,30.0,57.0,44.0,54.13333333333333,0.0,2.0,2.0,2.2,0,0,1
701,0,107,21.6,85,1,0,0,1,2,41,-0.904455145454368,0.42656873990145827,63.0,68.0,126.8,118.0,36.0,28.7,30.8,31.1,80.0,33.0,54.4,54.13333333333333,2.0,1.0,2.2,2.2,0,1,1
702,0,132,30.1,69,1,1,0,0,2,42,-0.9025852843498607,0.4305110968082948,107.0,124.0,128.4,120.13333333333334,21.6,37.4,29.339999999999996,31.21333333333333,85.0,41.0,60.0,55.46666666666667,2.0,4.0,1.8,2.066666666666667,1,2,1
703,0,91,24.0,51,1,1,0,1,3,43,-0.9006982393225881,0.43444525740441653,132.0,170.0,112.6,116.2,30.1,24.6,29.220000000000006,29.94,69.0,36.0,63.0,56.86666666666667,2.0,3.0,1.8,2.1333333333333333,0,1,1
704,0,196,21.9,33,0,1,0,1,2,44,-0.898794046299167,0.4383711467890774,91.0,170.0,117.8,124.73333333333333,24.0,34.4,26.72,29.69333333333333,51.0,30.0,63.6,55.0,3.0,0.0,2.2,2.0,0,1,0
705,0,195,49.7,39,1,0,1,1,3,45,-0.8968727415326885,0.442288690219001,196.0,63.0,144.2,124.73333333333333,21.9,36.0,29.46,31.026666666666664,33.0,80.0,55.4,53.93333333333333,2.0,2.0,2.4,2.1333333333333333,0,1,0
706,0,132,29.7,44,1,0,0,1,2,46,-0.8949343616020253,0.44619781310980833,195.0,107.0,149.2,127.8,49.7,21.6,31.080000000000002,30.82,39.0,85.0,47.2,53.86666666666667,3.0,2.0,2.4,2.2,0,1,0
707,0,110,44.3,72,0,0,1,1,2,47,-0.8929789434111369,0.45009844103743507,132.0,132.0,144.8,124.0,29.7,30.1,33.92,31.426666666666666,44.0,69.0,47.8,55.46666666666667,2.0,2.0,2.4,2.2,0,1,1
708,0,89,27.6,31,1,0,0,1,2,48,-0.8910065241883679,0.45399049973954664,110.0,91.0,144.4,124.73333333333333,44.3,24.0,34.64,31.446666666666665,72.0,51.0,43.8,52.2,2.0,3.0,2.2,2.066666666666667,0,1,0
709,0,145,40.4,59,1,0,1,1,3,49,-0.8890171414857366,0.45787391511695635,89.0,196.0,134.2,130.4,27.6,21.9,38.339999999999996,32.58,31.0,33.0,49.0,50.666666666666664,2.0,2.0,2.4,2.2,0,1,0
710,0,127,42.8,51,0,1,0,1,2,50,-0.887010833178222,0.46174861323503325,145.0,195.0,120.6,127.93333333333334,40.4,49.7,36.96,32.88,59.0,39.0,51.4,50.266666666666666,3.0,3.0,2.2,2.2,0,0,0
711,0,188,37.9,39,1,0,0,1,2,51,-0.8849876374630419,0.4656145203251113,127.0,132.0,131.8,135.93333333333334,42.8,29.7,38.599999999999994,33.49333333333333,51.0,44.0,50.4,50.666666666666664,2.0,2.0,2.2,2.2666666666666666,1,2,0
712,0,138,34.1,37,0,1,0,0,1,52,-0.8829475928589268,0.4694715627858912,188.0,110.0,137.4,136.86666666666667,37.9,44.3,36.56,33.27333333333333,39.0,72.0,43.4,50.4,2.0,2.0,2.0,2.066666666666667,0,0,0
713,0,135,32.4,32,0,0,1,0,1,53,-0.8808907382053859,0.4733196671848428,138.0,89.0,146.6,134.53333333333333,34.1,27.6,37.519999999999996,33.79333333333333,37.0,31.0,43.6,50.13333333333333,1.0,2.0,1.8,1.9333333333333333,0,1,0
714,0,93,30.5,54,1,1,0,0,2,54,-0.8788171126619654,0.47715876025960835,135.0,145.0,136.2,129.4,32.4,40.4,35.54,33.53333333333333,32.0,59.0,42.6,51.733333333333334,1.0,3.0,1.6,2.066666666666667,0,1,0
715,0,140,47.9,43,0,1,1,1,3,55,-0.8767267557075075,0.48098876891938813,93.0,127.0,138.8,134.53333333333333,30.5,42.8,36.559999999999995,34.32666666666667,54.0,51.0,41.0,49.266666666666666,2.0,2.0,1.8,2.1333333333333333,0,1,0
716,0,179,44.9,84,1,1,1,1,4,56,-0.8746197071393961,0.4848096202463365,140.0,188.0,137.0,139.33333333333334,47.9,37.9,37.96,35.88,43.0,39.0,50.0,49.2,3.0,2.0,2.2,2.2666666666666666,1,3,1
717,0,60,49.0,45,1,1,1,1,4,57,-0.8724960070727971,0.48862124149695496,179.0,138.0,121.4,134.53333333333333,44.9,34.1,40.94,37.14,84.0,37.0,51.6,47.6,4.0,1.0,2.8,2.4,1,3,0
718,0,110,23.7,33,0,1,0,0,1,58,-0.8703556959399003,0.4924235601034661,60.0,135.0,116.4,135.8,49.0,32.4,39.2,37.12,45.0,32.0,51.8,46.4,4.0,1.0,2.8,2.2666666666666666,0,1,0
719,0,194,41.9,49,0,1,0,1,2,59,-0.8681988144891425,0.49621650367520775,110.0,93.0,136.6,135.66666666666666,23.7,30.5,41.480000000000004,38.45333333333333,33.0,54.0,50.8,47.46666666666667,1.0,2.0,2.8,2.2666666666666666,0,1,0
720,0,97,48.2,48,0,0,1,0,1,0,-0.8660254037844386,0.5000000000000001,194.0,140.0,128.0,129.13333333333333,41.9,47.9,41.54,38.35333333333333,49.0,43.0,51.8,48.06666666666667,2.0,3.0,2.4,2.1333333333333333,0,1,0
721,0,73,25.4,77,0,0,0,0,0,1,-0.8638355052043958,0.5037739770455262,97.0,179.0,106.8,125.2,48.2,44.9,37.64,38.06666666666667,48.0,84.0,50.4,50.266666666666666,1.0,4.0,1.6,2.0,1,2,1
722,0,178,22.0,73,0,0,1,1,2,2,-0.8616291604415255,0.5075383629607045,73.0,60.0,130.4,129.73333333333332,25.4,49.0,32.239999999999995,36.58,77.0,45.0,56.0,50.333333333333336,0.0,4.0,1.2,2.0,0,0,1
723,0,135,42.2,43,1,1,1,1,4,3,-0.8594064115014526,0.5112930860770523,178.0,110.0,135.4,132.8,22.0,23.7,35.940000000000005,37.553333333333335,73.0,33.0,58.0,51.13333333333333,2.0,1.0,1.8,2.1333333333333333,1,3,0
724,0,137,37.2,51,1,0,0,1,2,4,-0.8571673007021123,0.5150380749100542,135.0,194.0,124.0,132.26666666666668,42.2,41.9,35.0,37.339999999999996,43.0,49.0,58.4,50.6,4.0,2.0,1.8,2.066666666666667,0,1,0
725,0,137,45.3,49,1,1,0,1,3,5,-0.8549118706729468,0.5187732581605211,137.0,97.0,132.0,132.93333333333334,37.2,48.2,34.42,37.50666666666667,51.0,48.0,58.6,50.46666666666667,2.0,1.0,2.2,2.1333333333333333,1,2,0
726,0,124,24.2,69,0,1,1,1,3,6,-0.8526401643540921,0.522498564715949,137.0,73.0,142.2,128.66666666666666,45.3,25.4,34.18,36.593333333333334,49.0,77.0,57.0,52.46666666666667,3.0,0.0,2.8,2.2,1,2,1
727,0,82,43.9,39,1,1,1,0,3,7,-0.8503522249955628,0.5262139236518696,124.0,178.0,123.0,124.93333333333334,24.2,22.0,38.56,37.24666666666667,69.0,73.0,50.2,52.6,3.0,2.0,3.0,2.3333333333333335,0,0,0
728,0,136,26.0,78,0,0,0,0,0,8,-0.8480480961564262,0.5299192642332047,82.0,135.0,123.2,125.0,43.9,42.2,35.32000000000001,36.82000000000001,39.0,43.0,57.2,55.666666666666664,3.0,4.0,2.2,2.2666666666666666,0,1,1
729,0,165,24.9,41,1,0,1,0,2,9,-0.8457278217039735,0.533614515915611,136.0,137.0,128.8,129.8,26.0,37.2,32.86,36.44666666666667,78.0,51.0,55.2,54.8,0.0,2.0,2.2,2.2666666666666666,1,3,0
730,0,92,24.9,64,0,1,1,1,3,10,-0.8433914458128857,0.5372996083468239,165.0,137.0,119.8,126.6,24.9,45.3,28.78,34.913333333333334,41.0,49.0,58.2,56.2,2.0,3.0,2.2,2.2666666666666666,1,2,1
731,0,79,44.4,75,1,1,0,0,2,11,-0.8410390129643925,0.5409744713679937,92.0,124.0,110.8,119.93333333333334,24.9,24.2,32.82,34.88,64.0,69.0,59.4,55.6,3.0,3.0,2.0,2.1333333333333333,1,2,1
732,0,74,40.0,35,1,0,0,1,2,12,-0.8386705679454243,0.5446390350150266,79.0,82.0,109.2,120.86666666666666,44.4,43.9,32.04,34.28,75.0,39.0,58.6,54.93333333333333,2.0,3.0,1.8,2.0,1,2,0
733,0,165,35.7,44,1,1,0,0,2,13,-0.8362861558477599,0.5482932295199132,74.0,136.0,115.0,124.53333333333333,40.0,26.0,33.980000000000004,35.080000000000005,35.0,78.0,51.8,55.666666666666664,2.0,0.0,2.2,2.066666666666667,1,3,0
734,0,179,30.8,82,1,0,0,0,1,14,-0.8338858220671683,0.551936985312058,165.0,165.0,117.8,123.53333333333333,35.7,24.9,35.16,34.34,44.0,41.0,60.0,57.86666666666667,2.0,2.0,2.0,2.0,1,2,1
735,0,150,46.3,80,0,1,1,1,3,15,-0.8314696123025455,0.5555702330196018,179.0,92.0,129.4,127.06666666666666,30.8,24.9,39.44,34.21333333333334,82.0,64.0,63.2,60.0,1.0,3.0,2.0,2.1333333333333333,0,1,1
736,0,139,31.8,58,0,0,0,0,0,16,-0.8290375725550421,0.5591929034707462,150.0,79.0,141.4,131.46666666666667,46.3,44.4,36.92,34.64,80.0,75.0,59.8,58.733333333333334,3.0,2.0,1.6,2.1333333333333333,1,2,1
737,0,92,44.5,72,0,0,0,1,1,17,-0.8265897491271886,0.5628049276950685,139.0,74.0,145.0,125.73333333333333,31.8,40.0,37.82000000000001,36.14,58.0,35.0,67.2,58.666666666666664,0.0,2.0,1.4,2.066666666666667,0,0,1
738,0,147,33.2,87,0,1,1,0,2,18,-0.8241261886220154,0.5664062369248333,92.0,165.0,141.4,126.53333333333333,44.5,35.7,37.32,35.54,72.0,44.0,75.8,61.6,1.0,2.0,1.4,1.9333333333333333,0,1,1
739,0,90,31.3,66,1,0,0,1,2,19,-0.821646937942164,0.5699967625963025,147.0,179.0,123.6,123.4,33.2,30.8,37.42,35.14666666666667,87.0,82.0,72.6,62.6,2.0,1.0,1.6,1.9333333333333333,0,1,1
740,0,119,33.9,37,0,1,1,0,2,20,-0.8191520442889918,0.573576436351046,90.0,150.0,117.4,122.2,31.3,46.3,34.94,34.38666666666666,66.0,80.0,64.0,61.8,2.0,3.0,1.4,1.8666666666666667,0,0,0
741,0,151,29.0,75,0,1,0,1,2,21,-0.8166415551616786,0.5771451900372342,119.0,139.0,119.8,124.0,33.9,31.8,34.379999999999995,34.70666666666667,37.0,58.0,67.4,62.2,2.0,0.0,1.8,1.8,1,2,1
742,0,109,42.4,36,1,0,1,1,3,22,-0.8141155183563196,0.5807029557109393,151.0,92.0,123.2,125.8,29.0,44.5,33.96,34.60666666666667,75.0,72.0,60.2,62.0,2.0,1.0,2.2,1.8,1,3,0
743,0,109,35.1,54,0,1,0,0,1,23,-0.8115739819650122,0.5842496656374345,109.0,147.0,115.6,124.0,42.4,33.2,34.34,35.21333333333334,36.0,87.0,53.6,60.4,3.0,2.0,2.0,1.8666666666666667,0,0,0
744,0,78,27.0,45,0,0,0,1,1,24,-0.8090169943749481,0.5877852522924722,109.0,90.0,113.2,118.2,35.1,31.3,33.480000000000004,35.35333333333333,54.0,66.0,49.4,60.666666666666664,1.0,2.0,1.8,1.8,0,0,0
745,0,158,47.0,44,0,1,1,0,2,25,-0.8064446042674829,0.591309648363582,78.0,119.0,121.0,122.6,27.0,33.9,36.1,36.82666666666667,45.0,37.0,50.8,59.333333333333336,1.0,2.0,1.8,1.7333333333333334,1,2,0
746,0,164,31.5,76,1,1,0,1,3,26,-0.8038568606172173,0.5948227867513414,158.0,151.0,123.6,128.26666666666668,47.0,29.0,36.6,35.96666666666667,44.0,75.0,51.0,59.4,2.0,2.0,2.0,1.8,0,1,1
747,0,170,36.3,87,1,1,1,1,4,27,-0.8012538126910608,0.598324600570659,164.0,109.0,135.8,134.66666666666666,31.5,42.4,35.379999999999995,35.720000000000006,76.0,36.0,61.2,62.86666666666667,3.0,3.0,2.2,1.9333333333333333,1,2,1
748,0,97,47.2,36,1,0,1,1,3,28,-0.7986355100472932,0.6018150231520479,170.0,109.0,133.4,130.13333333333333,36.3,35.1,37.8,36.486666666666665,87.0,54.0,57.6,62.333333333333336,4.0,1.0,2.6,2.0,0,1,0
749,0,181,38.7,33,1,1,0,0,2,29,-0.7960020025346219,0.6052939880428946,97.0,78.0,154.0,130.26666666666668,47.2,27.0,40.14,37.013333333333335,36.0,45.0,55.2,59.06666666666667,3.0,1.0,2.8,2.066666666666667,1,2,0
750,0,121,23.5,66,0,0,0,1,1,30,-0.7933533402912357,0.6087614290087199,181.0,158.0,146.6,128.33333333333334,38.7,47.0,35.44,35.49333333333333,33.0,44.0,59.6,58.13333333333333,2.0,2.0,2.6,1.9333333333333333,1,2,1
751,0,126,48.2,58,0,1,1,0,2,31,-0.7906895737438435,0.612217280034449,121.0,164.0,139.0,127.46666666666667,23.5,31.5,38.78,36.586666666666666,66.0,76.0,56.0,58.13333333333333,1.0,3.0,2.4,2.066666666666667,0,0,0
752,0,123,38.8,73,0,1,0,1,2,32,-0.7880107536067218,0.6156614753256585,126.0,170.0,129.6,129.53333333333333,48.2,36.3,39.28000000000001,36.20666666666667,58.0,87.0,53.2,58.2,2.0,4.0,2.0,2.1333333333333333,0,1,1
753,0,163,30.0,39,0,1,0,0,1,33,-0.785316930880745,0.619093949309834,123.0,97.0,142.8,130.6,38.8,47.2,35.839999999999996,35.99333333333333,73.0,36.0,53.8,55.0,2.0,3.0,1.6,2.066666666666667,1,2,0
754,0,182,24.2,61,1,0,1,0,2,34,-0.782608156852414,0.6225146366376194,163.0,181.0,143.0,136.73333333333332,30.0,38.7,32.940000000000005,35.519999999999996,39.0,33.0,59.4,54.666666666666664,1.0,2.0,1.6,2.066666666666667,0,1,1
755,0,155,43.8,77,0,0,0,1,1,35,-0.7798844830928816,0.6259234721840593,182.0,121.0,149.8,139.13333333333333,24.2,23.5,37.0,36.18,61.0,66.0,61.6,57.333333333333336,2.0,1.0,1.6,2.0,1,2,1
756,0,55,38.6,30,1,0,1,0,2,36,-0.7771459614569702,0.6293203910498383,155.0,126.0,135.6,132.73333333333332,43.8,48.2,35.08,36.82000000000001,77.0,58.0,56.0,54.333333333333336,1.0,2.0,1.6,2.0,0,1,0
757,0,187,36.0,44,1,1,0,0,2,37,-0.7743926440821857,0.6327053285625159,55.0,123.0,148.4,137.93333333333334,38.6,38.8,34.52,36.39333333333333,30.0,73.0,50.2,54.86666666666667,2.0,2.0,1.6,1.9333333333333333,1,3,0
758,0,166,46.8,81,0,1,1,1,3,38,-0.7716245833877202,0.6360782202777636,187.0,163.0,149.0,141.73333333333332,36.0,30.0,37.88,37.17333333333333,44.0,39.0,58.6,56.666666666666664,2.0,1.0,2.0,2.066666666666667,0,0,1
759,0,122,43.7,65,1,1,1,1,4,39,-0.76884183207346,0.6394390019805842,166.0,182.0,137.0,144.66666666666666,46.8,24.2,41.78,38.28666666666666,81.0,61.0,59.4,58.0,3.0,2.0,2.4,2.2666666666666666,1,2,0
760,0,106,24.6,59,1,1,0,1,3,40,-0.7660444431189781,0.6427876096865393,122.0,155.0,127.2,141.2,43.7,43.8,37.940000000000005,36.79333333333333,65.0,77.0,55.8,59.0,4.0,1.0,2.8,2.3333333333333335,0,1,1
761,0,72,29.4,44,1,0,1,1,3,41,-0.7632324697825286,0.6461239796429643,106.0,55.0,130.6,135.06666666666666,24.6,38.6,36.1,36.65333333333333,59.0,30.0,58.6,56.86666666666667,3.0,2.0,3.0,2.3333333333333335,0,1,0
762,0,79,27.5,85,1,0,1,1,3,42,-0.7604059656000314,0.6494480483301832,72.0,187.0,109.0,129.0,29.4,36.0,34.4,36.06666666666667,44.0,44.0,66.8,56.733333333333334,3.0,2.0,3.2,2.2666666666666666,1,2,1
763,0,114,42.3,30,0,0,1,0,1,43,-0.7575649843840502,0.6527597524627218,79.0,166.0,98.6,130.13333333333333,27.5,46.8,33.5,35.74,85.0,81.0,56.6,56.333333333333336,3.0,3.0,2.8,2.1333333333333333,0,1,0
764,0,60,21.0,60,1,0,1,0,2,44,-0.7547095802227722,0.656059028990507,114.0,122.0,86.2,122.06666666666666,42.3,43.7,28.959999999999997,34.559999999999995,30.0,65.0,55.6,58.13333333333333,1.0,4.0,2.4,2.1333333333333333,0,0,1
765,0,118,37.1,40,1,1,1,1,4,45,-0.7518398074789772,0.6593458151000691,60.0,106.0,88.6,121.86666666666666,21.0,24.6,31.46,35.46666666666667,60.0,59.0,51.8,56.4,2.0,3.0,2.6,2.3333333333333335,0,1,0
766,0,182,42.9,48,0,0,0,1,1,46,-0.7489557207890021,0.6626200482157375,118.0,72.0,110.6,125.6,37.1,29.4,34.16,35.11333333333334,40.0,44.0,52.6,55.733333333333334,4.0,3.0,2.2,2.2666666666666666,1,2,0
767,0,176,46.3,87,1,1,1,0,3,47,-0.746057375061699,0.6658816660008348,182.0,79.0,130.0,129.13333333333333,42.9,27.5,37.92,35.61333333333333,48.0,85.0,53.0,56.666666666666664,1.0,3.0,2.2,2.3333333333333335,1,3,1
768,0,95,30.3,41,1,0,0,1,2,48,-0.7431448254773946,0.6691306063588578,176.0,114.0,126.2,124.6,46.3,42.3,35.519999999999996,35.63333333333333,87.0,30.0,55.2,56.8,3.0,1.0,2.4,2.4,1,3,0
769,0,58,44.6,34,1,1,1,1,4,49,-0.7402181274868327,0.6723668074346675,95.0,60.0,125.8,116.33333333333333,30.3,21.0,40.239999999999995,36.99333333333333,41.0,60.0,50.0,55.0,2.0,2.0,2.8,2.533333333333333,0,0,0
770,0,85,23.3,47,1,1,1,1,4,50,-0.7372773368101242,0.6755902076156601,58.0,118.0,119.2,111.66666666666667,44.6,37.1,37.48,35.626666666666665,34.0,40.0,51.4,53.0,4.0,4.0,2.8,2.7333333333333334,1,2,0
771,0,154,45.4,70,0,0,1,0,1,51,-0.7343225094356852,0.6788007455329421,85.0,182.0,113.6,118.26666666666667,23.3,42.9,37.980000000000004,36.080000000000005,47.0,48.0,55.8,55.666666666666664,4.0,1.0,2.8,2.6666666666666665,1,3,1
772,0,62,23.8,89,1,1,0,0,2,52,-0.7313537016191703,0.6819983600624987,154.0,176.0,90.8,109.93333333333334,45.4,46.3,33.480000000000004,35.266666666666666,70.0,87.0,56.2,58.666666666666664,1.0,3.0,2.6,2.6666666666666665,1,2,1
773,0,140,31.9,89,1,1,0,0,2,53,-0.7283709698824009,0.6851829903263584,62.0,95.0,99.8,108.2,23.8,30.3,33.8,34.27333333333333,89.0,41.0,65.8,59.2,2.0,2.0,2.6,2.6,0,1,1
774,0,155,43.9,32,0,0,1,1,2,54,-0.7253743710122879,0.6883545756937537,140.0,58.0,119.2,110.4,31.9,44.6,33.660000000000004,34.28666666666666,89.0,34.0,65.4,57.0,2.0,4.0,2.2,2.466666666666667,0,0,0
775,0,69,24.5,61,0,0,0,1,1,55,-0.7223639620597554,0.6915130557822696,155.0,85.0,116.0,107.93333333333334,43.9,23.3,33.9,34.28,32.0,47.0,68.2,57.13333333333333,2.0,4.0,1.6,2.3333333333333335,0,0,1
776,0,71,26.9,79,1,0,0,0,1,56,-0.7193398003386512,0.6946583704589973,69.0,154.0,99.4,107.86666666666666,24.5,45.4,30.2,34.11333333333333,61.0,70.0,70.0,59.46666666666667,1.0,1.0,1.6,2.2,1,2,1
777,0,87,41.7,79,0,1,1,0,2,57,-0.7163019434246545,0.69779045984168,71.0,62.0,104.4,108.4,26.9,23.8,33.78,35.059999999999995,79.0,89.0,68.0,59.06666666666667,1.0,2.0,1.6,2.1333333333333333,1,2,1
778,0,130,41.6,56,1,0,0,1,2,58,-0.7132504491541826,0.7009092642998499,87.0,140.0,102.4,109.46666666666667,41.7,31.9,35.72,35.013333333333335,79.0,89.0,61.4,60.8,2.0,2.0,1.6,2.2,1,2,0
779,0,183,39.2,35,1,0,0,1,2,59,-0.710185375623286,0.7040147244559678,130.0,155.0,108.0,117.66666666666667,41.6,43.9,34.779999999999994,36.22666666666667,56.0,32.0,62.0,59.13333333333333,2.0,2.0,1.6,2.2,1,3,0
780,0,106,40.8,30,1,1,1,0,3,0,-0.7071067811865477,0.7071067811865474,183.0,69.0,115.4,116.86666666666666,39.2,24.5,38.04,36.473333333333336,35.0,61.0,55.8,58.46666666666667,2.0,1.0,2.0,2.1333333333333333,0,1,0
781,0,189,36.3,79,0,1,1,1,3,1,-0.7040147244559687,0.7101853756232851,106.0,71.0,139.0,117.33333333333333,40.8,26.9,39.92,36.03333333333333,30.0,79.0,55.8,60.53333333333333,3.0,1.0,2.4,2.2666666666666666,1,2,1
782,0,146,27.6,68,1,0,1,1,3,2,-0.7009092642998508,0.7132504491541817,189.0,87.0,150.8,115.33333333333333,36.3,41.7,37.1,34.78666666666666,79.0,79.0,53.6,59.266666666666666,3.0,2.0,2.6,2.2666666666666666,1,2,1
783,0,122,30.4,56,0,1,0,0,1,3,-0.6977904598416802,0.7163019434246541,146.0,130.0,149.2,117.13333333333334,27.6,41.6,34.86,34.79333333333333,68.0,56.0,53.6,60.266666666666666,3.0,2.0,2.4,2.2,0,1,1
784,0,70,25.4,80,0,0,1,1,2,4,-0.6946583704589969,0.7193398003386514,122.0,183.0,126.6,117.93333333333334,30.4,39.2,32.1,33.513333333333335,56.0,35.0,62.6,63.333333333333336,1.0,2.0,2.4,2.066666666666667,0,1,1
785,0,68,47.3,52,1,0,1,0,2,5,-0.6915130557822698,0.7223639620597551,70.0,106.0,119.0,116.8,25.4,40.8,33.4,35.11333333333334,80.0,30.0,67.0,63.666666666666664,2.0,3.0,2.2,1.9333333333333333,1,2,0
786,0,159,37.5,66,1,1,1,1,4,6,-0.688354575693754,0.7253743710122876,68.0,189.0,113.0,117.13333333333334,47.3,36.3,33.64,34.58666666666667,52.0,79.0,64.4,63.4,2.0,3.0,2.4,2.1333333333333333,1,2,1
787,0,194,32.0,58,1,0,0,0,1,7,-0.6851829903263594,0.7283709698824,159.0,146.0,122.6,125.93333333333334,37.5,27.6,34.519999999999996,35.13333333333333,66.0,68.0,62.4,61.333333333333336,4.0,3.0,2.0,2.066666666666667,0,0,1
788,0,68,33.9,54,0,1,1,0,2,8,-0.6819983600624989,0.73135370161917,194.0,122.0,111.8,121.13333333333334,32.0,30.4,35.21999999999999,35.266666666666666,58.0,56.0,62.0,59.0,1.0,1.0,2.2,2.066666666666667,0,1,0
789,0,179,48.4,61,1,1,1,0,3,9,-0.6788007455329418,0.7343225094356856,68.0,70.0,133.6,122.73333333333333,33.9,25.4,39.82,35.56666666666667,54.0,80.0,58.2,60.93333333333333,2.0,2.0,2.4,2.1333333333333333,0,1,0
790,0,72,24.6,69,1,0,1,1,3,10,-0.6755902076156598,0.7372773368101244,179.0,68.0,134.4,122.93333333333334,48.4,47.3,35.279999999999994,35.57333333333334,61.0,52.0,61.6,61.46666666666667,3.0,2.0,2.6,2.2666666666666666,1,2,1
791,0,69,37.6,68,0,0,1,1,2,11,-0.6723668074346685,0.7402181274868317,72.0,159.0,116.4,122.8,24.6,37.5,35.3,36.28666666666667,69.0,66.0,62.0,60.733333333333334,3.0,4.0,2.2,2.3333333333333335,0,1,1
792,0,131,35.2,30,0,0,1,1,2,12,-0.6691306063588588,0.7431448254773937,69.0,194.0,103.8,125.73333333333333,37.6,32.0,35.94,35.85333333333333,68.0,58.0,56.4,57.46666666666667,2.0,1.0,2.4,2.3333333333333335,1,2,0
793,0,103,38.3,40,1,1,1,0,3,13,-0.6658816660008344,0.7460573750616993,131.0,68.0,110.8,123.93333333333334,35.2,33.9,36.82000000000001,35.63333333333333,30.0,54.0,53.6,56.4,2.0,2.0,2.6,2.4,1,2,0
794,0,151,20.5,32,1,0,0,0,1,14,-0.6626200482157372,0.7489557207890024,103.0,179.0,105.2,121.8,38.3,48.4,31.240000000000002,34.38666666666666,40.0,61.0,47.8,56.2,3.0,3.0,2.2,2.3333333333333335,0,1,0
795,0,182,46.2,80,1,1,1,1,4,15,-0.6593458151000687,0.7518398074789775,151.0,72.0,127.2,126.86666666666666,20.5,24.6,35.56,34.74666666666667,32.0,69.0,50.0,59.53333333333333,1.0,3.0,2.4,2.4,1,2,1
796,0,199,48.0,66,0,1,0,1,2,16,-0.656059028990508,0.7547095802227713,182.0,69.0,153.2,127.53333333333333,46.2,37.6,37.64,35.526666666666664,80.0,68.0,49.6,58.666666666666664,4.0,2.0,2.4,2.3333333333333335,1,3,0
797,0,195,37.0,79,1,0,1,1,3,17,-0.6527597524627228,0.7575649843840494,199.0,131.0,166.0,130.8,48.0,35.2,38.0,36.15333333333333,66.0,30.0,59.4,59.4,2.0,2.0,2.6,2.3333333333333335,1,2,1
798,0,115,40.9,78,1,0,1,0,2,18,-0.6494480483301834,0.760405965600031,195.0,103.0,168.4,130.33333333333334,37.0,38.3,38.519999999999996,36.85333333333333,79.0,40.0,67.0,60.86666666666667,3.0,3.0,2.4,2.4,0,1,1
799,0,167,47.7,67,1,1,0,0,2,19,-0.6461239796429639,0.7632324697825288,115.0,151.0,171.6,136.8,40.9,20.5,43.96,38.34,78.0,32.0,74.0,60.0,2.0,1.0,2.6,2.4,0,1,0
800,0,61,41.2,69,1,1,0,0,2,20,-0.6427876096865396,0.7660444431189778,167.0,182.0,147.4,136.33333333333334,47.7,46.2,42.96,37.93333333333333,67.0,80.0,71.8,61.13333333333333,2.0,4.0,2.2,2.4,0,0,1
801,0,86,24.6,87,0,0,0,1,1,21,-0.6394390019805846,0.7688418320734597,61.0,199.0,124.8,131.46666666666667,41.2,48.0,38.28,37.07333333333333,69.0,66.0,76.0,62.53333333333333,2.0,2.0,2.0,2.2,1,2,1
802,0,109,37.3,77,1,0,1,0,2,22,-0.6360782202777646,0.7716245833877194,86.0,195.0,107.6,125.8,24.6,37.0,38.34,37.42666666666666,87.0,79.0,75.6,63.8,1.0,3.0,1.8,2.2666666666666666,0,0,1
803,0,117,38.2,55,0,1,1,1,3,23,-0.6327053285625163,0.7743926440821854,109.0,115.0,108.0,129.06666666666666,37.3,40.9,37.8,37.71333333333333,77.0,78.0,71.0,63.86666666666667,2.0,2.0,2.0,2.3333333333333335,1,3,0
804,0,135,32.7,52,0,1,1,1,3,24,-0.6293203910498378,0.7771459614569706,117.0,167.0,101.6,126.13333333333334,38.2,47.7,34.800000000000004,36.666666666666664,55.0,67.0,68.0,63.266666666666666,3.0,2.0,2.2,2.3333333333333335,1,2,0
805,0,117,42.1,35,1,1,0,1,3,25,-0.625923472184059,0.7798844830928818,135.0,61.0,112.8,129.13333333333333,32.7,41.2,34.980000000000004,37.833333333333336,52.0,69.0,61.2,61.0,3.0,2.0,2.4,2.3333333333333335,1,2,0
806,0,185,48.0,84,0,0,1,1,2,26,-0.6225146366376197,0.7826081568524138,117.0,86.0,132.6,136.86666666666667,42.1,24.6,39.660000000000004,38.526666666666664,35.0,87.0,60.6,62.06666666666667,3.0,1.0,2.6,2.3333333333333335,1,2,1
807,0,183,47.8,40,1,1,1,0,3,27,-0.6190939493098336,0.7853169308807452,185.0,109.0,147.4,140.33333333333334,48.0,37.3,41.760000000000005,39.36666666666667,84.0,77.0,53.2,62.733333333333334,2.0,2.0,2.8,2.4,1,2,0
808,0,142,33.5,87,0,1,1,0,2,28,-0.6156614753256588,0.7880107536067215,183.0,117.0,152.4,142.93333333333334,47.8,38.2,40.82000000000001,39.04666666666666,40.0,55.0,59.6,65.86666666666666,3.0,3.0,2.6,2.3333333333333335,0,0,1
809,0,138,23.4,66,0,0,0,0,0,29,-0.6122172800344494,0.7906895737438433,142.0,135.0,153.0,142.06666666666666,33.5,32.7,38.959999999999994,39.239999999999995,87.0,52.0,62.4,68.13333333333334,2.0,3.0,2.0,2.2666666666666666,0,0,1
810,0,191,49.5,79,1,1,0,1,3,30,-0.6087614290087209,0.7933533402912349,138.0,117.0,167.8,142.66666666666666,23.4,42.1,40.44,39.46,66.0,35.0,71.2,68.06666666666666,0.0,3.0,2.0,2.2,0,1,1
811,0,119,45.2,69,0,1,1,1,3,31,-0.6052939880428949,0.7960020025346217,191.0,185.0,154.6,137.33333333333334,49.5,48.0,39.88,39.27333333333333,79.0,84.0,68.2,68.26666666666667,3.0,2.0,2.2,2.2666666666666666,0,1,1
812,0,69,23.7,66,1,0,0,0,1,32,-0.6018150231520483,0.7986355100472928,119.0,183.0,131.8,128.93333333333334,45.2,47.8,35.06,38.38666666666667,69.0,40.0,73.4,67.4,3.0,3.0,1.8,2.1333333333333333,0,1,1
813,0,136,47.6,39,1,0,0,1,2,33,-0.5983246005706586,0.801253812691061,69.0,142.0,130.6,130.33333333333334,23.7,33.5,37.88000000000001,38.833333333333336,66.0,87.0,63.8,64.8,1.0,2.0,1.8,2.1333333333333333,1,2,0
814,0,65,46.1,33,1,1,0,0,2,34,-0.5948227867513417,0.8038568606172171,136.0,138.0,116.0,123.53333333333333,47.6,23.4,42.42,38.72666666666667,39.0,66.0,57.2,62.53333333333333,2.0,0.0,2.2,2.1333333333333333,1,2,0
815,0,127,35.6,57,0,1,0,1,2,35,-0.591309648363583,0.8064446042674821,65.0,191.0,103.2,127.93333333333334,46.1,49.5,39.64,38.35333333333333,33.0,79.0,52.8,61.733333333333334,2.0,3.0,2.0,2.1333333333333333,0,1,0
816,0,108,37.7,50,0,0,0,0,0,36,-0.5877852522924734,0.8090169943749473,127.0,119.0,101.0,129.4,35.6,45.2,38.14,39.226666666666674,57.0,69.0,49.0,59.266666666666666,2.0,3.0,1.4,2.066666666666667,1,2,0
817,0,151,32.0,53,1,1,1,1,4,37,-0.5842496656374341,0.8115739819650125,108.0,69.0,117.4,132.2,37.7,23.7,39.8,38.873333333333335,50.0,66.0,46.4,57.666666666666664,0.0,1.0,2.0,2.2,1,3,0
818,0,125,21.6,50,0,0,0,1,1,38,-0.5807029557109397,0.8141155183563192,151.0,136.0,115.2,132.73333333333332,32.0,47.6,34.6,37.76666666666667,53.0,39.0,48.6,57.333333333333336,4.0,2.0,1.8,2.066666666666667,1,2,1
819,0,154,30.1,64,1,1,0,0,2,39,-0.5771451900372345,0.8166415551616784,125.0,65.0,133.0,134.0,21.6,46.1,31.4,37.593333333333334,50.0,33.0,54.8,58.13333333333333,1.0,2.0,1.8,2.0,1,2,1
820,0,144,44.1,63,1,1,0,1,3,40,-0.5735764363510465,0.8191520442889916,154.0,127.0,136.4,135.8,30.1,35.6,33.1,37.72666666666667,64.0,57.0,56.0,60.0,2.0,2.0,2.0,2.0,0,1,0
821,0,61,20.1,67,0,1,0,1,2,41,-0.5699967625963036,0.8216469379421633,144.0,108.0,127.0,127.53333333333333,44.1,37.7,29.580000000000002,35.86666666666667,63.0,50.0,59.4,58.86666666666667,3.0,0.0,2.4,2.0,1,3,1
822,0,186,30.0,83,1,0,1,0,2,42,-0.5664062369248329,0.8241261886220156,61.0,151.0,134.0,127.73333333333333,20.1,32.0,29.18,34.68,67.0,53.0,65.4,61.733333333333334,2.0,4.0,2.0,1.9333333333333333,1,2,1
823,0,118,31.9,59,1,0,1,1,3,43,-0.5628049276950688,0.8265897491271884,186.0,125.0,132.6,126.13333333333334,30.0,21.6,31.240000000000002,34.57333333333334,83.0,50.0,67.2,59.86666666666667,2.0,1.0,2.4,2.0,0,0,1
824,0,179,36.1,75,1,0,0,0,1,44,-0.5591929034707466,0.8290375725550418,118.0,154.0,137.6,128.86666666666667,31.9,30.1,32.44,35.419999999999995,59.0,64.0,69.4,60.46666666666667,3.0,2.0,2.2,2.066666666666667,1,2,1
825,0,189,47.6,68,1,0,0,1,2,45,-0.555570233019603,0.8314696123025448,179.0,144.0,146.6,128.73333333333332,36.1,44.1,33.14,35.29333333333333,75.0,63.0,70.4,59.733333333333334,1.0,3.0,2.0,2.0,0,1,0
826,0,157,30.4,85,1,0,1,1,3,46,-0.5519369853120584,0.833885822067168,189.0,61.0,165.8,131.26666666666668,47.6,20.1,35.2,34.306666666666665,68.0,67.0,74.0,60.8,2.0,2.0,2.2,2.0,1,3,1
827,0,199,30.4,69,1,0,1,0,2,47,-0.5482932295199135,0.8362861558477597,157.0,186.0,168.4,139.93333333333334,30.4,30.0,35.28,34.75333333333334,85.0,83.0,71.2,61.0,3.0,2.0,2.2,2.066666666666667,1,2,1
828,0,134,42.1,39,1,1,1,1,4,48,-0.544639035015027,0.838670567945424,199.0,118.0,171.6,139.8,30.4,31.9,37.32000000000001,34.38666666666666,69.0,59.0,67.2,61.0,2.0,3.0,2.4,2.2,1,3,0
829,0,100,33.6,79,0,0,0,1,1,49,-0.540974471367994,0.8410390129643923,134.0,179.0,155.8,142.13333333333333,42.1,36.1,36.82,33.553333333333335,39.0,75.0,68.0,64.06666666666666,4.0,1.0,2.4,2.1333333333333333,1,2,1
830,0,120,26.7,40,0,0,0,1,1,50,-0.537299608346825,0.8433914458128849,100.0,189.0,142.0,141.66666666666666,33.6,47.6,32.64,32.96,79.0,68.0,62.4,62.93333333333333,1.0,2.0,2.2,2.066666666666667,0,1,0
831,0,196,33.6,85,0,1,1,1,3,51,-0.5336145159156107,0.8457278217039738,120.0,157.0,149.8,147.53333333333333,26.7,30.4,33.28000000000001,32.686666666666675,40.0,85.0,62.4,65.26666666666667,1.0,3.0,2.2,2.2666666666666666,1,2,1
832,0,162,24.2,55,1,0,1,0,2,52,-0.529919264233205,0.8480480961564258,196.0,199.0,142.4,148.26666666666668,33.6,30.4,32.040000000000006,32.16666666666667,85.0,69.0,59.6,65.4,3.0,2.0,2.2,2.1333333333333333,1,3,1
833,0,62,25.3,81,0,1,0,1,2,53,-0.5262139236518699,0.8503522249955626,162.0,134.0,128.0,144.06666666666666,24.2,42.1,28.68,32.413333333333334,55.0,39.0,68.0,67.46666666666667,2.0,4.0,1.8,2.2,1,2,1
834,0,150,35.0,64,1,0,0,0,1,54,-0.5224985647159495,0.8526401643540918,62.0,100.0,138.0,143.8,25.3,33.6,28.96,32.74,81.0,79.0,65.0,67.46666666666667,2.0,1.0,1.8,2.1333333333333333,1,3,1
835,0,180,32.6,32,1,0,0,1,2,55,-0.5187732581605216,0.8549118706729466,150.0,120.0,150.0,146.2,35.0,26.7,30.140000000000004,31.973333333333336,64.0,40.0,63.4,65.4,1.0,1.0,2.0,2.066666666666667,0,1,0
836,0,99,47.4,85,0,0,0,0,0,56,-0.5150380749100537,0.8571673007021126,180.0,196.0,130.6,148.73333333333332,32.6,33.6,32.9,33.79333333333333,32.0,85.0,63.4,66.6,2.0,3.0,1.4,1.9333333333333333,0,1,1
837,0,68,30.9,89,1,0,1,0,2,57,-0.5112930860770526,0.8594064115014524,99.0,162.0,111.8,140.86666666666667,47.4,24.2,34.24,33.85333333333333,85.0,55.0,70.2,67.0,0.0,2.0,1.4,1.9333333333333333,1,3,1
838,0,87,37.4,79,1,0,0,0,1,58,-0.5075383629607049,0.8616291604415253,68.0,62.0,116.8,138.8,30.9,25.3,36.660000000000004,34.220000000000006,89.0,81.0,69.8,68.33333333333333,2.0,2.0,1.2,1.8,0,0,1
839,0,78,39.0,90,0,0,1,0,1,59,-0.5037739770455265,0.8638355052043956,87.0,150.0,102.4,132.06666666666666,37.4,35.0,37.46,34.413333333333334,79.0,64.0,75.0,69.33333333333333,1.0,1.0,1.2,1.8,0,1,1
840,0,87,20.4,41,1,1,1,1,4,0,-0.5000000000000004,0.8660254037844384,78.0,180.0,83.8,125.26666666666667,39.0,32.6,35.019999999999996,32.6,90.0,32.0,76.8,67.53333333333333,1.0,2.0,1.6,1.9333333333333333,1,2,0
841,0,82,39.9,50,1,0,0,1,2,1,-0.49621650367520814,0.8681988144891423,87.0,99.0,80.4,120.26666666666667,20.4,47.4,33.519999999999996,33.233333333333334,41.0,85.0,69.8,65.2,4.0,0.0,2.0,1.8666666666666667,0,1,0
842,0,53,25.3,80,0,1,1,0,2,2,-0.4924235601034665,0.8703556959399,82.0,68.0,77.4,110.53333333333333,39.9,30.9,32.4,32.89333333333334,50.0,89.0,68.0,65.93333333333334,2.0,2.0,2.0,1.8666666666666667,0,0,1
843,0,163,48.8,43,1,0,0,1,2,3,-0.48862124149695535,0.8724960070727968,53.0,87.0,92.6,112.46666666666667,25.3,37.4,34.67999999999999,33.34,80.0,79.0,60.8,66.2,2.0,1.0,2.2,1.7333333333333334,1,2,0
844,0,181,24.5,45,1,1,0,0,2,4,-0.48480962024633767,0.8746197071393954,163.0,78.0,113.2,117.86666666666666,48.8,39.0,31.779999999999994,32.733333333333334,43.0,90.0,51.8,63.93333333333333,2.0,1.0,2.4,1.8,1,2,0
845,0,178,32.4,78,1,1,1,0,3,5,-0.48098876891938774,0.8767267557075077,181.0,87.0,131.4,121.73333333333333,24.5,20.4,34.17999999999999,33.11333333333333,45.0,41.0,59.2,66.46666666666667,2.0,4.0,2.2,1.9333333333333333,1,2,1
846,0,100,22.6,36,1,1,1,1,4,6,-0.47715876025960796,0.8788171126619656,178.0,82.0,135.0,115.33333333333333,32.4,39.9,30.720000000000006,32.38,78.0,50.0,56.4,63.2,3.0,2.0,2.6,2.0,1,2,0
847,0,117,49.9,46,1,1,0,1,3,7,-0.4733196671848432,0.8808907382053857,100.0,53.0,147.8,112.33333333333333,22.6,25.3,35.64,34.093333333333334,36.0,80.0,49.6,62.6,4.0,2.0,2.8,2.066666666666667,1,2,0
848,0,96,35.1,77,1,0,1,1,3,8,-0.4694715627858916,0.8829475928589265,117.0,163.0,134.4,114.6,49.9,48.8,32.9,34.74666666666667,46.0,43.0,56.4,62.333333333333336,3.0,2.0,3.0,2.1333333333333333,1,2,1
849,0,89,37.9,69,1,0,1,1,3,9,-0.46561452032511247,0.8849876374630413,96.0,181.0,116.0,110.53333333333333,35.1,24.5,35.58,34.940000000000005,77.0,45.0,61.2,62.666666666666664,3.0,2.0,3.2,2.2666666666666666,1,2,1
850,0,146,22.0,47,1,1,0,1,3,10,-0.46174861323503363,0.8870108331782218,89.0,178.0,109.6,108.26666666666667,37.9,32.4,33.5,34.233333333333334,69.0,78.0,55.0,63.666666666666664,3.0,3.0,3.2,2.3333333333333335,1,2,1
851,0,115,42.5,90,0,1,0,1,2,11,-0.45787391511695674,0.8890171414857364,146.0,100.0,112.6,109.33333333333333,22.0,22.6,37.48,33.906666666666666,47.0,36.0,65.8,64.0,3.0,4.0,2.8,2.466666666666667,1,2,1
852,0,64,26.3,51,0,0,0,0,0,12,-0.45399049973954697,0.8910065241883678,115.0,117.0,102.0,109.06666666666666,42.5,49.9,32.760000000000005,33.6,90.0,46.0,66.8,61.46666666666667,2.0,3.0,2.2,2.3333333333333335,1,2,1
853,0,94,46.9,89,0,0,1,0,1,13,-0.45009844103743624,0.8929789434111364,64.0,96.0,101.6,109.53333333333333,26.3,35.1,35.11999999999999,34.233333333333334,51.0,77.0,69.2,62.13333333333333,0.0,3.0,1.8,2.3333333333333335,1,2,1
854,0,51,26.2,60,0,0,1,1,2,14,-0.4461978131098095,0.8949343616020247,94.0,89.0,94.0,107.73333333333333,46.9,37.9,32.78,33.38,89.0,69.0,67.4,60.13333333333333,1.0,3.0,1.6,2.4,0,1,1
855,0,80,25.7,50,0,1,0,1,2,15,-0.4422886902190014,0.8968727415326883,51.0,146.0,80.8,107.26666666666667,26.2,22.0,33.519999999999996,33.73333333333333,60.0,47.0,68.0,60.733333333333334,2.0,3.0,1.4,2.2666666666666666,0,0,1
856,0,172,21.1,67,0,0,1,1,2,16,-0.4383711467890778,0.8987940462991668,80.0,115.0,92.2,113.26666666666667,25.7,42.5,29.24,32.48,50.0,90.0,63.4,61.86666666666667,2.0,2.0,1.4,2.2666666666666666,1,2,1
857,0,156,34.2,59,0,1,0,1,2,17,-0.4344452574044169,0.900698239322588,172.0,64.0,110.6,120.13333333333334,21.1,26.3,30.82,33.07333333333333,67.0,51.0,65.0,60.46666666666667,2.0,0.0,1.8,2.2666666666666666,1,3,1
858,0,133,36.9,63,1,1,1,0,3,18,-0.43051109680829525,0.9025852843498606,156.0,94.0,118.4,118.13333333333334,34.2,46.9,28.82,32.28,59.0,89.0,59.8,61.8,2.0,1.0,2.2,2.3333333333333335,1,2,1
859,0,162,22.0,33,0,0,1,0,1,19,-0.4265687399014579,0.9044551454543682,133.0,51.0,140.6,116.86666666666666,36.9,26.2,27.98,32.11333333333334,63.0,60.0,54.4,61.0,3.0,2.0,2.0,2.2666666666666666,0,1,0
860,0,57,43.3,33,1,0,0,1,2,20,-0.4226182617407,0.9063077870366497,162.0,80.0,136.0,108.8,22.0,25.7,31.5,32.839999999999996,33.0,50.0,51.0,58.0,1.0,2.0,2.0,2.2,1,2,0
861,0,96,33.6,70,1,0,0,1,2,21,-0.4186597375374281,0.9081431738250813,57.0,172.0,120.8,108.53333333333333,43.3,21.1,34.0,33.57333333333334,33.0,67.0,51.6,60.266666666666666,2.0,2.0,2.0,2.066666666666667,0,1,1
862,0,193,35.7,89,1,0,1,0,2,22,-0.4146932426562393,0.9099612708765431,96.0,156.0,128.2,113.6,33.6,34.2,34.3,32.626666666666665,70.0,59.0,57.6,63.13333333333333,2.0,2.0,2.0,2.0,0,1,1
863,0,149,33.2,67,0,0,1,0,1,23,-0.4107188526134778,0.9117620435770883,193.0,133.0,131.4,117.13333333333334,35.7,36.9,33.56,32.5,89.0,63.0,58.4,62.46666666666667,2.0,3.0,1.6,1.8666666666666667,0,1,1
864,0,148,32.0,41,0,1,1,1,3,24,-0.40673664307580015,0.9135454576426009,149.0,162.0,128.6,121.06666666666666,33.2,22.0,35.56,32.10666666666667,67.0,33.0,60.0,60.6,1.0,1.0,2.0,1.8666666666666667,1,2,0
865,0,62,36.8,74,1,0,0,1,2,25,-0.40274668985873663,0.9153114791194474,148.0,57.0,129.6,115.46666666666667,32.0,43.3,34.260000000000005,33.093333333333334,41.0,33.0,68.2,62.4,3.0,2.0,2.0,1.8,1,2,1
866,0,62,24.7,48,1,0,0,0,1,26,-0.39874906892524664,0.9170600743851238,62.0,96.0,122.8,111.93333333333334,36.8,33.6,32.48,31.906666666666663,74.0,70.0,63.8,59.6,2.0,2.0,1.8,1.7333333333333334,1,3,0
867,0,197,25.5,44,1,0,0,0,1,27,-0.39474385638426795,0.918791210148898,62.0,193.0,123.6,120.8,24.7,35.7,30.439999999999998,31.85333333333333,48.0,89.0,54.8,59.13333333333333,1.0,2.0,1.6,1.8,0,1,0
868,0,182,45.9,60,0,0,1,0,1,28,-0.3907311284892739,0.9205048534524403,197.0,149.0,130.2,126.66666666666667,25.5,33.2,32.98,31.78666666666667,44.0,67.0,53.4,57.2,1.0,1.0,1.6,1.8,0,1,0
869,0,200,48.4,73,0,0,1,1,2,29,-0.38671096163682017,0.922200971670452,182.0,148.0,140.6,136.6,45.9,32.0,36.26,33.266666666666666,60.0,41.0,59.8,58.06666666666667,1.0,3.0,1.4,1.8,0,1,1
870,0,167,31.2,56,1,0,0,1,2,30,-0.38268343236508956,0.9238795325112868,200.0,62.0,161.6,142.4,48.4,36.8,35.14,33.63333333333333,73.0,74.0,56.2,58.46666666666667,2.0,2.0,1.4,1.8,0,1,1
871,0,168,28.1,84,0,1,0,1,2,31,-0.3786486173524339,0.925540504017566,167.0,62.0,182.8,142.13333333333333,31.2,24.7,35.82,34.1,56.0,48.0,63.4,59.6,2.0,1.0,1.6,1.8,0,0,1
872,0,127,39.3,59,1,1,0,1,3,32,-0.37460659341591235,0.9271838545667873,168.0,197.0,168.8,140.2,28.1,25.5,38.58,34.440000000000005,84.0,44.0,66.4,59.6,2.0,1.0,2.0,1.8666666666666667,0,0,0
873,0,100,32.3,52,1,1,0,1,3,33,-0.3705574375098368,0.928809552871924,127.0,182.0,152.4,138.0,39.3,45.9,35.86,34.13333333333333,59.0,60.0,64.8,58.86666666666667,3.0,1.0,2.4,1.8666666666666667,0,1,0
874,0,139,20.8,36,0,1,0,1,2,34,-0.36650122672429725,0.9304175679820246,100.0,200.0,140.2,136.46666666666667,32.3,48.4,30.340000000000003,34.05333333333333,52.0,73.0,57.4,59.06666666666667,3.0,2.0,2.4,1.9333333333333333,0,1,0
875,0,67,24.7,47,1,1,1,0,3,35,-0.36243803828370186,0.9320078692827984,139.0,167.0,120.2,137.13333333333333,20.8,31.2,29.04,32.81333333333334,36.0,56.0,55.6,60.0,2.0,2.0,2.6,2.0,1,2,0
876,0,165,41.5,32,1,1,1,1,4,36,-0.35836794954529994,0.9335804264972019,67.0,168.0,119.6,141.73333333333332,24.7,28.1,31.72,33.34,47.0,84.0,45.2,57.46666666666667,3.0,2.0,3.0,2.1333333333333333,1,2,0
877,0,90,39.8,35,0,0,0,0,0,37,-0.3542910379977166,0.9351352096860114,165.0,127.0,112.2,134.86666666666667,41.5,39.3,31.82,33.61333333333333,32.0,59.0,40.4,53.86666666666667,4.0,3.0,2.4,2.0,0,1,0
878,0,139,20.8,41,1,0,1,0,2,38,-0.35020738125946765,0.9366721892483976,90.0,100.0,120.0,134.2,39.8,32.3,29.52,32.78666666666667,35.0,52.0,38.2,52.13333333333333,0.0,3.0,2.2,2.066666666666667,0,1,0
879,0,109,26.7,37,1,1,0,0,2,39,-0.3461170570774934,0.9381913359224839,139.0,139.0,114.0,131.6,20.8,20.8,30.7,32.43333333333333,41.0,36.0,38.4,51.86666666666667,2.0,2.0,2.2,2.0,0,0,0
880,0,102,26.9,72,0,0,1,1,2,40,-0.3420201433256686,0.9396926207859084,109.0,67.0,121.0,134.26666666666668,26.7,24.7,31.140000000000004,31.773333333333333,37.0,47.0,43.4,51.733333333333334,2.0,3.0,2.0,2.0,1,2,1
881,0,121,40.2,86,0,1,1,1,3,41,-0.3379167180033271,0.9411760152563706,102.0,165.0,112.2,138.2,26.9,41.5,30.880000000000003,32.806666666666665,72.0,32.0,54.2,54.266666666666666,2.0,4.0,1.8,2.1333333333333333,0,1,1
882,0,155,20.6,32,1,1,1,1,4,42,-0.3338068592337721,0.942641491092178,121.0,90.0,125.2,135.4,40.2,39.8,27.04,32.480000000000004,86.0,35.0,53.6,53.46666666666667,3.0,0.0,2.6,2.3333333333333335,1,3,0
883,0,166,23.1,39,1,1,1,1,4,43,-0.3296906452627879,0.944089020392784,155.0,139.0,130.6,134.33333333333334,20.6,20.8,27.5,30.959999999999997,32.0,41.0,53.2,52.06666666666667,4.0,2.0,3.0,2.533333333333333,1,3,0
884,0,77,44.0,30,0,1,1,0,2,44,-0.3255681544571567,0.9455185755993168,166.0,109.0,124.2,126.13333333333334,23.1,26.7,30.96,30.666666666666668,39.0,37.0,51.8,49.2,4.0,2.0,3.0,2.533333333333333,0,1,0
885,0,178,25.4,52,0,1,1,1,3,45,-0.32143946530316186,0.9469301294951056,77.0,102.0,139.4,126.86666666666666,44.0,26.9,30.660000000000004,30.280000000000005,30.0,72.0,47.8,48.93333333333333,2.0,2.0,3.2,2.6,0,1,1
886,0,106,39.6,44,1,0,1,1,3,46,-0.3173046564050927,0.9483236552061991,178.0,121.0,136.4,122.73333333333333,25.4,40.2,30.540000000000003,31.046666666666667,52.0,86.0,39.4,46.266666666666666,3.0,3.0,3.2,2.6666666666666665,1,2,0
887,0,145,27.1,88,1,0,1,1,3,47,-0.31316380648374953,0.949699126201877,106.0,155.0,134.4,123.93333333333334,39.6,20.6,31.840000000000003,30.233333333333334,44.0,32.0,50.6,48.2,3.0,4.0,3.0,2.6666666666666665,1,2,1
888,0,195,23.0,81,0,0,0,1,1,48,-0.3090169943749468,0.9510565162951538,145.0,166.0,140.2,130.26666666666668,27.1,23.1,31.82,29.613333333333337,88.0,39.0,59.0,50.13333333333333,3.0,4.0,2.4,2.533333333333333,1,2,1
889,0,111,27.3,30,1,0,1,1,3,49,-0.30486429902801127,0.9523957996432783,195.0,77.0,147.0,128.4,23.0,44.0,28.48,30.04666666666667,81.0,30.0,59.0,49.733333333333334,1.0,2.0,2.6,2.6,1,2,0
890,0,123,41.7,47,1,1,0,1,3,50,-0.30070579950427384,0.9537169507482267,111.0,178.0,136.0,132.13333333333333,27.3,25.4,31.74,31.18,30.0,52.0,58.0,49.733333333333334,3.0,3.0,2.6,2.6,1,2,0
891,0,81,45.7,89,0,0,1,0,1,51,-0.2965415749755711,0.9550199444571866,123.0,106.0,131.0,126.53333333333333,41.7,39.6,32.96,31.46,47.0,44.0,67.0,53.53333333333333,3.0,3.0,2.2,2.4,0,1,1
892,0,178,44.9,79,1,0,0,1,2,52,-0.29237170472273627,0.9563047559630357,81.0,145.0,137.6,132.4,45.7,27.1,36.519999999999996,31.8,89.0,88.0,65.2,56.46666666666667,1.0,3.0,2.0,2.533333333333333,0,0,1
893,0,165,31.9,57,0,1,0,0,1,53,-0.28819626813408916,0.9575713608048145,178.0,195.0,131.6,134.13333333333333,44.9,23.0,38.3,32.54,79.0,81.0,60.4,57.53333333333333,2.0,1.0,2.0,2.466666666666667,1,3,1
894,0,98,40.0,79,0,1,0,1,2,54,-0.28401534470392353,0.9588197348681927,165.0,111.0,129.0,133.4,31.9,27.3,40.839999999999996,33.42666666666667,57.0,30.0,70.2,60.333333333333336,1.0,3.0,1.8,2.466666666666667,1,3,1
895,0,83,26.1,62,0,0,0,1,1,55,-0.2798290140309924,0.9600498543859286,98.0,123.0,121.0,132.13333333333333,40.0,41.7,37.720000000000006,33.37333333333333,79.0,47.0,73.2,59.666666666666664,2.0,3.0,1.4,2.4,1,2,1
896,0,99,28.8,43,1,1,1,1,4,56,-0.2756373558169998,0.9612616959383187,83.0,81.0,124.6,130.66666666666666,26.1,45.7,34.339999999999996,32.61333333333333,62.0,89.0,64.0,56.8,1.0,1.0,2.0,2.466666666666667,1,3,0
897,0,128,46.9,39,0,1,0,1,2,57,-0.27144044986507426,0.9624552364536473,99.0,178.0,114.6,128.86666666666667,28.8,44.9,34.739999999999995,34.36666666666667,43.0,79.0,56.0,57.266666666666666,4.0,2.0,2.0,2.3333333333333335,1,2,0
898,0,196,20.4,76,1,0,1,1,3,58,-0.2672383760782571,0.963630453208623,128.0,165.0,120.8,130.86666666666667,46.9,31.9,32.440000000000005,34.18666666666666,39.0,57.0,59.8,59.733333333333334,2.0,1.0,2.4,2.2666666666666666,0,1,1
899,0,164,22.6,83,1,0,1,0,2,59,-0.26303121445797445,0.964787323828813,196.0,98.0,134.0,136.66666666666666,20.4,40.0,28.96,32.76,76.0,79.0,60.6,63.266666666666666,3.0,2.0,2.4,2.2666666666666666,0,1,1
900,0,98,26.2,50,1,1,1,0,3,0,-0.25881904510252157,0.9659258262890681,164.0,83.0,137.0,131.33333333333334,22.6,26.1,28.98,32.81333333333334,83.0,62.0,58.2,63.13333333333333,2.0,1.0,2.8,2.2666666666666666,1,2,1
901,0,112,20.8,87,1,0,0,0,1,1,-0.2546019482055278,0.9670459389139431,98.0,99.0,139.6,131.73333333333332,26.2,28.8,27.379999999999995,31.56,50.0,43.0,67.0,66.0,3.0,4.0,2.2,2.1333333333333333,1,2,1
902,0,86,25.4,55,1,1,0,0,2,2,-0.250380004054441,0.9681476403781079,112.0,128.0,131.2,127.8,20.8,46.9,23.080000000000002,31.446666666666665,87.0,39.0,70.2,63.8,1.0,2.0,2.2,2.066666666666667,0,1,1
903,0,77,37.5,55,1,1,1,1,4,3,-0.24615329302899291,0.9692309097067544,86.0,196.0,107.4,119.93333333333334,25.4,20.4,26.5,32.413333333333334,55.0,76.0,66.0,62.06666666666667,2.0,3.0,2.4,2.2666666666666666,1,2,0
904,0,99,32.6,38,1,0,0,1,2,4,-0.24192189559966787,0.9702957262759965,77.0,164.0,94.4,119.13333333333334,37.5,22.6,28.5,32.766666666666666,55.0,83.0,57.0,62.6,4.0,2.0,2.4,2.2,1,2,0
905,0,170,46.8,70,0,0,0,1,1,5,-0.23768589232617435,0.9713420698132611,99.0,98.0,108.8,122.26666666666667,32.6,26.2,32.62,33.10666666666666,38.0,50.0,61.0,64.13333333333334,2.0,3.0,2.0,2.066666666666667,1,2,1
906,0,151,44.5,74,0,1,1,1,3,6,-0.23344536385590609,0.9723699203976764,170.0,112.0,116.6,126.93333333333334,46.8,20.8,37.36,33.026666666666664,70.0,87.0,58.4,63.13333333333333,1.0,1.0,2.4,2.2,0,1,1
907,0,106,30.3,46,1,1,0,1,3,7,-0.22920039092241423,0.9733792584604485,151.0,86.0,120.6,122.13333333333334,44.5,25.4,38.34,32.053333333333335,74.0,55.0,56.6,60.93333333333333,3.0,2.0,2.6,2.2666666666666666,0,1,0
908,0,56,27.8,54,1,0,0,1,2,8,-0.22495105434386534,0.9743700647852351,106.0,77.0,116.4,114.86666666666666,30.3,37.5,36.4,31.779999999999998,46.0,55.0,56.4,60.733333333333334,3.0,4.0,2.2,2.3333333333333335,1,2,1
909,0,54,31.4,75,0,1,0,0,1,9,-0.2206974350215017,0.9753423205085126,56.0,99.0,107.4,111.93333333333334,27.8,32.6,36.16,31.206666666666663,54.0,38.0,63.8,60.46666666666667,2.0,2.0,2.0,2.2666666666666666,1,2,1
910,0,194,37.7,76,0,0,1,1,2,10,-0.21643961393810288,0.9762960071199334,54.0,170.0,112.2,119.33333333333333,31.4,46.8,34.339999999999996,31.980000000000004,75.0,70.0,65.0,61.4,1.0,1.0,2.2,2.3333333333333335,0,1,1
911,0,60,28.0,37,1,0,0,1,2,11,-0.21217767215644567,0.977231106462679,194.0,151.0,94.0,116.73333333333333,37.7,44.5,31.04,31.926666666666666,76.0,74.0,57.6,61.0,2.0,3.0,2.0,2.2,1,2,0
912,0,178,38.7,40,1,1,0,0,2,12,-0.20791169081775987,0.9781476007338056,60.0,106.0,108.4,120.06666666666666,28.0,30.3,32.720000000000006,31.380000000000003,37.0,46.0,56.4,61.06666666666667,2.0,3.0,1.8,2.2,0,1,0
913,0,54,32.3,72,0,0,1,1,2,13,-0.20364175114017827,0.9790454724845837,178.0,56.0,108.0,110.6,38.7,27.8,33.62,32.17333333333333,40.0,54.0,60.0,60.8,2.0,2.0,1.8,2.1333333333333333,1,2,1
914,0,185,36.6,73,0,0,1,0,1,14,-0.19936793441719736,0.9799247046208296,54.0,54.0,134.2,112.0,32.3,31.4,34.66,33.10666666666666,72.0,75.0,59.6,60.13333333333333,2.0,1.0,1.8,2.066666666666667,1,2,1
915,0,159,33.1,55,0,0,0,1,1,15,-0.19509032201612872,0.9807852804032303,185.0,194.0,127.2,116.06666666666666,36.6,37.7,33.739999999999995,33.56666666666667,73.0,76.0,55.4,60.46666666666667,1.0,2.0,1.6,1.9333333333333333,1,2,0
916,0,197,28.8,67,0,1,0,0,1,16,-0.19080899537654467,0.981627183447664,159.0,60.0,154.6,121.73333333333333,33.1,28.0,33.9,34.1,55.0,37.0,61.4,59.13333333333333,1.0,2.0,1.4,1.9333333333333333,1,3,1
917,0,170,48.5,68,0,1,1,0,2,17,-0.18652403600873388,0.9824503977255099,197.0,178.0,153.0,127.33333333333333,28.8,38.7,35.86,35.64,67.0,40.0,67.0,60.0,1.0,2.0,1.4,1.9333333333333333,0,0,0
918,0,148,42.9,69,0,1,1,0,2,18,-0.18223552549214783,0.9832549075639545,170.0,54.0,171.8,132.06666666666666,48.5,32.3,37.980000000000004,36.0,68.0,72.0,66.4,60.93333333333333,2.0,2.0,1.4,1.8,1,2,1
919,0,57,24.2,73,0,0,1,1,2,19,-0.17794354547384242,0.9840406976462908,148.0,185.0,146.2,129.26666666666668,42.9,36.6,35.5,35.440000000000005,69.0,73.0,66.4,63.266666666666666,2.0,1.0,1.6,1.8,0,0,1
920,0,166,46.1,78,1,1,1,1,4,20,-0.1736481776669304,0.984807753012208,57.0,159.0,147.6,129.0,24.2,33.1,38.1,35.39333333333333,73.0,55.0,71.0,63.8,2.0,1.0,2.2,2.0,0,1,1
921,0,71,34.6,90,1,1,1,1,4,21,-0.16934950384902406,0.9855560590580779,166.0,197.0,122.4,123.66666666666667,46.1,28.8,39.260000000000005,34.733333333333334,78.0,67.0,75.6,64.86666666666666,4.0,1.0,2.8,2.066666666666667,0,1,1
922,0,131,46.8,34,0,1,1,0,2,22,-0.16504760586067735,0.9862856015372314,71.0,170.0,114.6,125.33333333333333,34.6,48.5,38.92,35.833333333333336,90.0,68.0,68.8,64.06666666666666,4.0,2.0,2.8,2.0,0,1,0
923,0,61,44.0,81,0,1,0,1,2,23,-0.16074256560382694,0.9869963665602318,131.0,148.0,97.2,125.66666666666667,46.8,42.9,39.14,36.913333333333334,34.0,69.0,71.2,65.86666666666666,2.0,2.0,2.8,2.0,0,1,1
924,0,100,32.8,30,0,0,1,1,2,24,-0.15643446504023198,0.9876883405951375,61.0,57.0,105.8,128.73333333333332,44.0,24.2,40.86,37.00666666666667,81.0,73.0,62.6,62.86666666666667,2.0,2.0,2.8,2.066666666666667,1,2,0
925,0,68,20.7,41,1,1,0,1,3,25,-0.15212338618991722,0.9883615104677607,100.0,166.0,86.2,120.33333333333333,32.8,46.1,35.779999999999994,35.873333333333335,30.0,78.0,55.2,60.53333333333333,2.0,4.0,2.6,2.1333333333333333,1,3,0
926,0,108,28.1,47,1,0,1,0,2,26,-0.14780941112961052,0.9890158633619168,68.0,71.0,93.6,123.53333333333333,20.7,34.6,34.48,35.879999999999995,41.0,90.0,46.6,61.2,3.0,4.0,2.2,2.1333333333333333,0,0,0
927,0,82,36.2,46,0,0,1,1,2,27,-0.14349262199117946,0.9896513868196702,108.0,131.0,83.8,117.13333333333334,28.1,46.8,32.36,35.71333333333334,47.0,34.0,49.0,61.6,2.0,2.0,2.2,2.1333333333333333,0,0,0
928,0,150,39.0,51,1,1,0,1,3,28,-0.13917310096006677,0.9902680687415701,82.0,61.0,101.6,123.53333333333333,36.2,44.0,31.360000000000003,36.160000000000004,46.0,81.0,43.0,60.2,2.0,2.0,2.4,2.2,1,2,0
929,0,181,27.7,58,1,0,0,1,2,29,-0.13485093027372372,0.9908658973868821,150.0,100.0,117.8,123.26666666666667,39.0,32.8,30.339999999999996,35.56666666666667,51.0,30.0,48.6,59.2,3.0,2.0,2.4,2.2666666666666666,1,3,1
930,0,120,24.2,82,0,1,1,0,2,30,-0.13052619222005168,0.9914448613738104,181.0,68.0,128.2,120.66666666666667,27.7,20.7,31.040000000000003,34.973333333333336,58.0,41.0,56.8,61.0,2.0,3.0,2.2,2.3333333333333335,1,3,1
931,0,143,45.0,41,1,1,1,1,4,31,-0.12619896913583012,0.992004949679715,120.0,108.0,135.2,117.06666666666666,24.2,28.1,34.42,36.05333333333333,82.0,47.0,55.6,59.266666666666666,2.0,2.0,2.6,2.533333333333333,1,3,0
932,0,71,49.5,35,1,1,1,0,3,32,-0.12186934340514723,0.9925461516413221,143.0,82.0,133.0,110.46666666666667,45.0,36.2,37.08,36.12,41.0,46.0,53.4,57.06666666666667,4.0,2.0,2.8,2.6,0,1,0
933,0,180,35.8,83,1,0,0,0,1,33,-0.11753739745783766,0.9930684569549263,71.0,150.0,139.0,112.6,49.5,39.0,36.44,35.64666666666667,35.0,51.0,59.8,58.0,3.0,3.0,2.4,2.533333333333333,1,2,1
934,0,189,25.2,86,0,0,1,0,1,34,-0.11320321376790789,0.9935718556765873,180.0,181.0,140.6,121.4,35.8,27.7,35.94,35.71333333333334,83.0,58.0,65.4,58.86666666666667,1.0,2.0,2.2,2.466666666666667,1,2,1
935,0,89,28.2,86,0,0,1,0,1,35,-0.10886687485196514,0.9940563382223195,189.0,120.0,134.4,116.26666666666667,25.2,24.2,36.739999999999995,34.519999999999996,86.0,82.0,66.2,59.4,1.0,2.0,2.0,2.2666666666666666,1,3,1
936,0,70,20.6,73,0,1,1,1,3,36,-0.10452846326765342,0.9945218953682733,89.0,143.0,119.8,116.2,28.2,45.0,31.860000000000003,33.586666666666666,86.0,41.0,72.6,58.266666666666666,1.0,4.0,1.8,2.2,0,1,1
937,0,113,47.4,49,0,1,1,1,3,37,-0.1001880616120765,0.9949685182509117,70.0,71.0,128.2,115.0,20.6,49.5,31.439999999999998,33.626666666666665,73.0,35.0,75.4,59.266666666666666,3.0,3.0,1.8,2.2666666666666666,1,2,0
938,0,105,23.5,70,1,0,0,1,2,38,-0.09584575252022448,0.9953961983671787,113.0,180.0,113.2,117.93333333333334,47.4,35.8,28.979999999999997,32.26,49.0,83.0,72.8,58.53333333333333,3.0,1.0,2.0,2.2666666666666666,1,2,1
939,0,153,37.3,69,1,1,1,0,3,39,-0.09150161866340226,0.9958049275746618,105.0,189.0,106.0,121.46666666666667,23.5,25.2,31.4,32.559999999999995,70.0,86.0,69.4,61.13333333333333,2.0,1.0,2.4,2.3333333333333335,0,1,1
940,0,63,28.2,86,0,0,0,1,1,40,-0.08715574274765743,0.9961946980917455,153.0,89.0,100.8,121.13333333333334,37.3,28.2,31.4,33.059999999999995,69.0,86.0,69.4,64.13333333333334,3.0,1.0,2.4,2.2,1,3,1
941,0,175,36.6,36,1,1,1,0,3,41,-0.08280820751220476,0.9965655024977613,63.0,70.0,121.8,125.6,28.2,20.6,34.6,33.626666666666665,86.0,73.0,62.0,63.4,1.0,3.0,2.4,2.2666666666666666,1,2,0
942,0,75,39.5,82,1,1,0,0,2,42,-0.07845909572784562,0.996917333733128,175.0,113.0,114.2,125.13333333333334,36.6,47.4,33.019999999999996,33.846666666666664,36.0,49.0,68.6,65.8,3.0,3.0,2.2,2.2666666666666666,1,2,1
943,0,70,44.9,83,1,0,1,1,3,43,-0.0741084901954002,0.9972501850994856,75.0,105.0,107.2,119.8,39.5,23.5,37.3,34.24,82.0,70.0,71.2,67.93333333333334,2.0,2.0,2.4,2.2666666666666666,0,0,1
944,0,69,26.2,43,0,1,1,0,2,44,-0.06975647374412476,0.9975640502598243,70.0,153.0,90.4,112.33333333333333,44.9,37.3,35.08,34.14,83.0,69.0,66.0,66.93333333333334,3.0,3.0,2.2,2.2666666666666666,1,2,0
945,0,55,20.3,87,0,0,1,0,1,45,-0.0654031292301428,0.9978589232386035,69.0,63.0,88.8,108.0,26.2,28.2,33.5,33.88,43.0,86.0,66.2,67.26666666666667,2.0,1.0,2.2,2.2,1,2,1
946,0,101,24.1,51,1,1,1,1,4,46,-0.061048539534857754,0.9981347984218669,55.0,175.0,74.0,105.2,20.3,36.6,31.0,32.486666666666665,87.0,36.0,69.2,67.93333333333334,1.0,3.0,2.4,2.2,1,2,1
947,0,64,47.0,75,1,0,1,0,2,47,-0.056692787563377776,0.9983916705573488,101.0,75.0,71.8,104.73333333333333,24.1,39.5,32.5,32.32,51.0,82.0,67.8,70.6,4.0,2.0,2.4,2.1333333333333333,1,3,1
948,0,93,46.2,42,0,0,1,1,2,48,-0.05233595624294437,0.9986295347545738,64.0,70.0,76.4,98.93333333333334,47.0,44.9,32.760000000000005,33.013333333333335,75.0,83.0,59.6,67.86666666666666,2.0,3.0,2.2,2.2,0,1,0
949,0,181,37.9,78,1,1,1,0,3,49,-0.04797812852134387,0.9988483864849507,93.0,69.0,98.8,98.4,46.2,26.2,35.1,33.86,42.0,43.0,66.6,67.33333333333333,2.0,2.0,2.4,2.3333333333333335,1,2,1
950,0,67,38.0,80,1,0,1,1,3,50,-0.043619387365336194,0.9990482215818578,181.0,55.0,101.2,96.93333333333334,37.9,20.3,38.64,34.513333333333335,78.0,87.0,65.2,66.93333333333334,3.0,1.0,2.8,2.466666666666667,1,2,1
951,0,171,40.0,81,1,0,1,0,2,51,-0.03925981575906819,0.9992290362407229,67.0,101.0,115.2,103.66666666666667,38.0,24.1,41.82,35.806666666666665,80.0,51.0,71.2,67.46666666666667,3.0,4.0,2.4,2.4,0,1,1
952,0,191,25.3,84,1,0,1,1,3,52,-0.03489949670250171,0.9993908270190957,171.0,64.0,140.6,108.86666666666666,40.0,47.0,37.480000000000004,34.333333333333336,81.0,75.0,73.0,69.8,2.0,2.0,2.6,2.4,1,3,1
953,0,199,47.4,55,0,0,1,0,1,53,-0.03053851320982278,0.9995335908367129,191.0,93.0,161.8,115.13333333333334,25.3,46.2,37.71999999999999,35.92666666666666,84.0,42.0,75.6,68.8,3.0,2.0,2.4,2.3333333333333335,0,1,0
954,0,67,32.6,76,1,1,1,1,4,54,-0.026176948307873545,0.9996573249755573,199.0,181.0,139.0,109.4,47.4,37.9,36.660000000000004,35.61333333333334,55.0,78.0,75.2,69.26666666666667,1.0,3.0,2.6,2.4,0,1,1
955,0,150,31.5,77,0,1,1,1,3,55,-0.0218148850345609,0.9997620270799091,67.0,67.0,155.6,115.2,32.6,38.0,35.36,35.833333333333336,76.0,80.0,74.6,68.66666666666667,4.0,3.0,2.6,2.533333333333333,1,3,1
956,0,77,35.6,59,1,1,1,0,3,56,-0.01745240643728356,0.9998476951563913,150.0,171.0,136.8,108.66666666666667,31.5,40.0,34.480000000000004,35.766666666666666,77.0,81.0,70.2,70.2,3.0,2.0,2.8,2.533333333333333,1,3,0
957,0,169,21.4,83,1,0,0,0,1,57,-0.013089595571345647,0.999914327574007,77.0,191.0,132.4,114.93333333333334,35.6,25.3,33.7,34.559999999999995,59.0,84.0,70.0,70.26666666666667,3.0,3.0,2.4,2.466666666666667,1,3,1
958,0,159,25.0,32,0,0,1,0,1,58,-0.008726535498374524,0.9999619230641713,169.0,199.0,124.4,120.86666666666666,21.4,47.4,29.22,33.233333333333334,83.0,55.0,65.4,66.86666666666666,1.0,1.0,2.4,2.3333333333333335,1,2,0
959,0,179,42.1,54,1,1,0,1,3,59,-0.004363309284746544,0.9999904807207345,159.0,67.0,146.8,128.2,25.0,32.6,31.120000000000005,34.29333333333333,32.0,76.0,61.0,67.6,1.0,4.0,2.2,2.4,1,2,0
960,0,173,22.5,89,1,1,1,1,4,0,0.0,1.0,179.0,150.0,151.4,136.06666666666666,42.1,31.5,29.320000000000004,34.440000000000005,54.0,77.0,63.4,67.73333333333333,3.0,3.0,2.4,2.6,0,1,1
961,0,134,38.1,88,0,0,0,0,0,1,0.004363309284746571,0.9999904807207345,173.0,77.0,162.8,138.26666666666668,22.5,35.6,29.82,35.373333333333335,89.0,59.0,69.2,70.2,4.0,3.0,1.8,2.3333333333333335,0,1,1
962,0,103,27.4,87,1,0,1,0,2,2,0.008726535498373935,0.9999619230641713,134.0,169.0,149.6,140.86666666666667,38.1,21.4,31.02,34.06666666666667,88.0,83.0,70.0,71.0,0.0,1.0,2.0,2.3333333333333335,0,1,1
963,0,157,31.7,73,0,0,0,1,1,3,0.01308959557134444,0.999914327574007,103.0,159.0,149.2,145.13333333333333,27.4,25.0,32.36,33.1,87.0,32.0,78.2,73.06666666666666,2.0,1.0,2.0,2.2666666666666666,1,3,1
964,0,188,28.7,52,0,1,0,1,2,4,0.01745240643728351,0.9998476951563913,157.0,179.0,151.0,145.6,31.7,42.1,29.68,32.486666666666665,73.0,54.0,77.8,71.33333333333333,1.0,3.0,1.8,2.2,1,2,1
965,0,86,30.7,30,0,0,1,1,2,5,0.02181488503456112,0.9997620270799091,188.0,173.0,133.6,146.86666666666667,28.7,22.5,31.32,32.0,52.0,89.0,66.0,68.0,2.0,4.0,1.4,2.1333333333333333,0,1,0
966,0,196,41.6,61,1,1,1,0,3,6,0.02617694830787315,0.9996573249755573,86.0,134.0,146.0,148.53333333333333,30.7,38.1,32.02,32.10666666666666,30.0,88.0,60.6,66.66666666666667,2.0,0.0,2.0,2.2,0,0,0
967,0,105,28.9,42,0,1,1,0,2,7,0.03053851320982266,0.9995335908367129,196.0,103.0,146.4,142.8,41.6,27.4,32.32,32.34666666666667,61.0,87.0,51.6,63.86666666666667,3.0,2.0,2.0,2.1333333333333333,0,1,0
968,0,76,37.0,86,1,1,1,0,3,8,0.03489949670250097,0.9993908270190958,105.0,157.0,130.2,134.6,28.9,31.7,33.38,31.653333333333332,42.0,73.0,54.2,65.93333333333334,2.0,1.0,2.4,2.2666666666666666,1,2,1
969,0,55,34.3,81,0,0,1,0,1,9,0.03925981575906861,0.9992290362407229,76.0,188.0,103.6,133.8,37.0,28.7,34.5,31.766666666666666,86.0,52.0,60.0,66.26666666666667,3.0,2.0,2.2,2.066666666666667,0,1,1
970,0,147,39.9,40,1,1,0,0,2,10,0.043619387365336,0.9990482215818578,55.0,86.0,115.8,133.6,34.3,30.7,36.339999999999996,32.32666666666667,81.0,30.0,62.0,63.8,1.0,2.0,2.2,2.0,1,3,0
971,0,125,48.1,39,1,1,1,0,3,11,0.047978128521343935,0.9988483864849507,147.0,196.0,101.6,136.8,39.9,41.6,37.64,33.16,40.0,61.0,57.6,62.46666666666667,2.0,3.0,2.2,2.0,1,2,0
972,0,143,42.0,45,1,0,1,1,3,12,0.05233595624294383,0.9986295347545738,125.0,105.0,109.2,135.06666666666666,48.1,28.9,40.260000000000005,34.53333333333333,39.0,42.0,58.2,59.93333333333333,3.0,2.0,2.4,2.1333333333333333,0,1,0
973,0,152,26.4,50,1,1,0,0,2,13,0.05669278756337751,0.9983916705573488,143.0,76.0,124.4,134.6,42.0,37.0,38.14,34.626666666666665,45.0,86.0,51.0,61.13333333333333,3.0,3.0,2.2,2.2,0,0,1
974,0,162,20.9,40,0,0,1,1,2,14,0.06104853953485687,0.9981347984218669,152.0,55.0,145.8,133.46666666666667,26.4,34.3,35.459999999999994,33.21333333333333,50.0,81.0,42.8,60.2,2.0,1.0,2.4,2.1333333333333333,1,2,0
975,0,159,27.9,81,0,1,1,1,3,15,0.06540312923014306,0.9978589232386035,162.0,147.0,148.2,132.53333333333333,20.9,39.9,33.059999999999995,33.57333333333334,40.0,40.0,51.0,59.666666666666664,2.0,2.0,2.6,2.066666666666667,1,3,1
976,0,171,37.9,73,0,1,1,1,3,16,0.0697564737441253,0.9975640502598242,159.0,125.0,157.4,135.0,27.9,48.1,31.02,33.559999999999995,81.0,39.0,57.8,58.666666666666664,3.0,3.0,2.6,2.2666666666666666,1,2,1
977,0,98,21.5,37,0,0,1,1,2,17,0.07410849019539922,0.9972501850994857,171.0,143.0,148.4,134.66666666666666,37.9,42.0,26.919999999999998,33.166666666666664,73.0,45.0,56.2,55.333333333333336,3.0,3.0,2.4,2.2666666666666666,0,1,0
978,0,85,34.9,30,1,1,0,1,3,18,0.07845909572784494,0.996917333733128,98.0,152.0,135.0,129.86666666666667,21.5,26.4,28.619999999999997,33.38,37.0,50.0,52.2,52.46666666666667,2.0,2.0,2.6,2.4,1,2,0
979,0,104,37.9,82,0,0,0,1,1,19,0.08280820751220433,0.9965655024977614,85.0,162.0,123.4,124.26666666666667,34.9,20.9,32.019999999999996,33.99333333333333,30.0,40.0,60.6,54.46666666666667,3.0,2.0,2.4,2.3333333333333335,0,1,1
980,0,153,30.0,81,0,1,0,1,2,20,0.08715574274765817,0.9961946980917455,104.0,159.0,122.2,128.73333333333332,37.9,27.9,32.44,33.946666666666665,82.0,81.0,60.6,57.86666666666667,1.0,3.0,2.2,2.3333333333333335,0,1,1
981,0,161,43.1,88,0,0,1,0,1,21,0.09150161866340238,0.9958049275746618,153.0,171.0,120.2,126.4,30.0,37.9,33.480000000000004,34.04666666666667,81.0,73.0,63.6,59.666666666666664,2.0,3.0,1.8,2.2,1,2,1
982,0,187,23.2,42,0,0,1,0,1,22,0.09584575252022397,0.9953961983671789,161.0,98.0,138.0,131.86666666666667,43.1,21.5,33.82,33.666666666666664,88.0,37.0,64.6,59.666666666666664,1.0,2.0,1.6,2.1333333333333333,1,2,0
983,0,112,22.3,62,1,1,0,0,2,23,0.1001880616120763,0.9949685182509117,187.0,85.0,143.4,134.26666666666668,23.2,34.9,31.3,32.68666666666666,42.0,30.0,71.0,58.06666666666667,1.0,3.0,1.4,2.066666666666667,1,2,1
984,0,172,41.8,64,0,1,1,1,3,24,0.10452846326765346,0.9945218953682733,112.0,104.0,157.0,142.06666666666666,22.3,37.9,32.08,33.18666666666667,62.0,82.0,67.4,56.93333333333333,2.0,1.0,1.8,2.2,0,0,0
985,0,151,34.9,52,0,0,0,1,1,25,0.10886687485196457,0.9940563382223196,172.0,153.0,156.6,142.33333333333334,41.8,30.0,33.059999999999995,32.85333333333333,64.0,81.0,61.6,57.733333333333334,3.0,2.0,1.6,2.1333333333333333,0,1,0
986,0,152,40.7,83,1,1,1,1,4,26,0.11320321376790672,0.9935718556765875,151.0,161.0,154.8,144.13333333333333,34.9,43.1,32.58,32.36,52.0,88.0,60.6,60.666666666666664,1.0,1.0,2.2,2.2,0,0,1
987,0,172,33.0,66,0,0,1,1,2,27,0.11753739745783764,0.9930684569549263,152.0,187.0,151.8,146.06666666666666,40.7,23.2,34.540000000000006,31.76,83.0,42.0,65.4,62.06666666666667,4.0,1.0,2.4,2.1333333333333333,1,2,1
988,0,63,27.4,53,1,1,0,0,2,28,0.12186934340514748,0.992546151641322,172.0,112.0,142.0,140.13333333333333,33.0,22.3,35.56,31.826666666666664,66.0,62.0,63.6,62.266666666666666,2.0,2.0,2.4,2.1333333333333333,1,3,1
989,0,130,44.6,39,1,1,0,0,2,29,0.12619896913582973,0.992004949679715,63.0,172.0,133.6,138.0,27.4,41.8,36.12,33.406666666666666,53.0,64.0,58.6,62.2,2.0,3.0,2.2,2.1333333333333333,0,1,0
990,0,83,44.0,47,0,0,0,1,1,30,0.13052619222005157,0.9914448613738104,130.0,151.0,120.0,132.93333333333334,44.6,34.9,37.940000000000005,34.480000000000004,39.0,52.0,57.6,59.93333333333333,2.0,1.0,2.2,2.0,1,2,0
991,0,141,40.8,30,1,1,1,1,4,31,0.134850930273723,0.9908658973868822,83.0,152.0,117.8,130.93333333333334,44.0,40.7,37.959999999999994,34.67333333333333,47.0,83.0,47.0,57.06666666666667,1.0,4.0,2.2,2.066666666666667,0,1,0
992,0,90,28.2,63,0,1,1,0,2,32,0.13917310096006544,0.9902680687415704,141.0,172.0,101.4,130.4,40.8,33.0,37.0,35.12,30.0,66.0,46.4,58.8,4.0,2.0,2.2,2.066666666666667,0,1,1
993,0,163,37.7,86,0,0,0,1,1,33,0.14349262199117932,0.9896513868196702,90.0,63.0,121.4,135.6,28.2,27.4,39.06,35.306666666666665,63.0,53.0,53.0,62.53333333333333,2.0,2.0,2.0,1.9333333333333333,1,2,1
994,0,187,30.8,46,1,0,0,0,1,34,0.1478094111296106,0.9890158633619168,163.0,130.0,132.8,141.13333333333333,37.7,44.6,36.3,34.833333333333336,86.0,39.0,54.4,60.13333333333333,1.0,2.0,1.8,1.9333333333333333,1,2,0
995,0,119,22.7,63,0,0,1,1,2,35,0.15212338618991672,0.9883615104677607,187.0,83.0,140.0,138.86666666666667,30.8,44.0,32.04,34.346666666666664,46.0,47.0,57.6,58.93333333333333,1.0,1.0,2.0,1.9333333333333333,1,2,1
996,0,95,47.5,62,1,1,1,1,4,36,0.15643446504023087,0.9876883405951378,119.0,141.0,130.8,134.46666666666667,22.7,40.8,33.38,34.64,63.0,30.0,64.0,57.2,2.0,4.0,2.0,2.1333333333333333,1,2,0
997,0,158,24.1,33,0,1,0,0,1,37,0.1607425656038261,0.9869963665602319,95.0,90.0,144.4,132.53333333333333,47.5,28.2,32.559999999999995,34.7,62.0,63.0,58.0,56.6,4.0,2.0,1.8,2.1333333333333333,1,2,0
998,0,164,48.5,82,1,1,1,1,4,38,0.16504760586067763,0.9862856015372314,158.0,163.0,144.6,136.0,24.1,37.7,34.72,36.44666666666667,33.0,86.0,57.2,57.93333333333333,1.0,1.0,2.4,2.2666666666666666,0,1,1
999,0,103,33.4,74,0,0,0,1,1,39,0.1693495038490246,0.9855560590580777,164.0,187.0,127.8,131.4,48.5,30.8,35.239999999999995,35.88666666666666,82.0,46.0,62.8,58.6,4.0,1.0,2.4,2.1333333333333333,0,1,1
1000,0,99,25.6,61,1,0,1,0,2,40,0.17364817766693033,0.984807753012208,103.0,119.0,123.8,127.93333333333334,33.4,22.7,35.82,35.266666666666666,74.0,63.0,62.4,59.2,1.0,2.0,2.4,2.2,0,0,1
1001,0,197,36.3,62,0,0,1,1,2,41,0.17794354547384175,0.9840406976462909,99.0,95.0,144.2,130.93333333333334,25.6,47.5,33.58,34.973333333333336,61.0,62.0,62.4,57.8,2.0,4.0,2.0,2.066666666666667,0,1,1
1002,0,125,46.2,73,1,1,1,0,3,42,0.18223552549214747,0.9832549075639546,197.0,158.0,137.6,127.8,36.3,24.1,38.0,35.85333333333333,62.0,33.0,70.4,58.266666666666666,2.0,1.0,2.4,2.1333333333333333,0,1,1
1003,0,137,42.0,44,1,0,1,0,2,43,0.1865240360087346,0.9824503977255098,125.0,164.0,132.2,132.73333333333332,46.2,48.5,36.7,36.82666666666667,73.0,82.0,62.8,57.666666666666664,3.0,4.0,2.0,2.1333333333333333,1,2,0
1004,0,99,44.2,48,0,0,0,0,0,44,0.19080899537654478,0.981627183447664,137.0,103.0,131.4,130.66666666666666,42.0,33.4,38.86,36.8,44.0,74.0,57.6,58.266666666666666,2.0,1.0,1.8,2.0,0,1,0
1005,0,126,39.8,37,1,0,0,0,1,45,0.19509032201612825,0.9807852804032304,99.0,99.0,136.8,133.53333333333333,44.2,25.6,41.7,36.519999999999996,48.0,61.0,52.8,57.6,0.0,2.0,1.6,2.0,0,1,0
1006,0,131,40.8,63,0,0,1,0,1,46,0.19936793441719722,0.9799247046208296,126.0,197.0,123.6,132.86666666666667,39.8,36.3,42.6,36.52,37.0,62.0,53.0,59.8,1.0,2.0,1.4,1.8,1,2,0
1007,0,136,45.5,63,0,1,1,1,3,47,0.2036417511401775,0.9790454724845838,131.0,125.0,125.8,135.93333333333334,40.8,46.2,42.46,37.67333333333333,63.0,73.0,51.0,59.8,1.0,3.0,1.4,1.8666666666666667,0,0,0
1008,0,63,27.5,59,1,1,0,1,3,48,0.20791169081775931,0.9781476007338057,136.0,137.0,111.0,129.26666666666668,45.5,42.0,39.56,36.99333333333334,63.0,44.0,54.0,58.0,3.0,2.0,1.6,2.0,1,2,1
1009,0,93,34.7,57,0,0,0,1,1,49,0.21217767215644626,0.9772311064626789,63.0,99.0,109.8,123.0,27.5,44.2,37.66,37.25333333333333,59.0,48.0,55.8,58.733333333333334,3.0,0.0,1.8,2.0,0,1,0
1010,0,176,26.6,34,1,1,1,1,4,50,0.21643961393810288,0.9762960071199334,93.0,126.0,119.8,126.8,34.7,39.8,35.02,37.513333333333335,57.0,37.0,55.2,56.8,1.0,1.0,2.4,2.1333333333333333,1,2,0
1011,0,196,49.6,76,1,1,1,0,3,51,0.2206974350215011,0.9753423205085127,176.0,131.0,132.8,133.53333333333333,26.6,40.8,36.78,37.653333333333336,34.0,63.0,57.8,57.733333333333334,4.0,1.0,2.8,2.066666666666667,1,3,1
1012,0,79,48.3,39,0,1,0,1,2,52,0.224951054343865,0.9743700647852352,196.0,136.0,121.4,128.26666666666668,49.6,45.5,37.339999999999996,39.266666666666666,76.0,63.0,53.0,58.13333333333333,3.0,3.0,2.6,2.1333333333333333,0,1,0
1013,0,69,21.2,66,0,1,0,0,1,53,0.22920039092241412,0.9733792584604485,79.0,63.0,122.6,121.93333333333334,48.3,27.5,36.08,37.44666666666667,39.0,59.0,54.4,57.06666666666667,2.0,3.0,2.2,1.9333333333333333,0,1,1
1014,0,110,41.2,43,0,0,1,0,1,54,0.2334453638559054,0.9723699203976766,69.0,93.0,126.0,122.4,21.2,34.7,37.38,37.96666666666667,66.0,57.0,51.6,55.0,1.0,1.0,2.2,1.9333333333333333,1,2,0
1015,0,179,47.8,83,0,1,0,1,2,55,0.23768589232617307,0.9713420698132614,110.0,176.0,126.6,127.73333333333333,41.2,26.6,41.620000000000005,39.44666666666667,43.0,34.0,61.4,56.46666666666667,1.0,4.0,1.8,1.9333333333333333,1,2,1
1016,0,135,25.4,81,0,0,1,1,2,56,0.24192189559966773,0.9702957262759965,179.0,196.0,114.4,123.6,47.8,49.6,36.779999999999994,38.72,83.0,76.0,62.4,57.733333333333334,2.0,3.0,1.6,1.9333333333333333,0,1,1
1017,0,106,37.0,56,1,0,1,0,2,57,0.24615329302899303,0.9692309097067544,135.0,79.0,119.8,122.33333333333333,25.4,48.3,34.519999999999996,38.10666666666667,81.0,39.0,65.8,56.6,2.0,2.0,1.6,1.8666666666666667,1,2,0
1018,0,181,47.5,55,1,0,1,0,2,58,0.2503800040544414,0.9681476403781077,106.0,69.0,142.2,125.26666666666667,37.0,21.2,39.779999999999994,38.473333333333336,56.0,66.0,63.6,57.333333333333336,2.0,1.0,1.8,1.8666666666666667,1,2,0
1019,0,80,21.0,51,1,1,0,0,2,59,0.25460194820552756,0.9670459389139432,181.0,110.0,136.2,124.0,47.5,41.2,35.739999999999995,36.92666666666666,55.0,43.0,65.2,57.53333333333333,2.0,1.0,2.0,2.0,0,0,1
1020,0,76,40.9,84,0,1,1,1,3,0,0.25881904510252074,0.9659258262890683,80.0,179.0,115.6,120.66666666666667,21.0,47.8,34.36,37.0,51.0,83.0,65.4,60.666666666666664,2.0,2.0,2.2,2.1333333333333333,0,1,1
1021,0,134,28.9,30,0,0,1,1,2,1,0.2630312144579748,0.964787323828813,76.0,135.0,115.4,120.86666666666666,40.9,25.4,35.06,36.20666666666666,84.0,81.0,55.2,58.46666666666667,3.0,2.0,2.2,2.2,0,1,0
1022,0,168,47.7,90,1,0,1,1,3,2,0.26723837607825685,0.963630453208623,134.0,106.0,127.8,123.0,28.9,37.0,37.2,36.35333333333333,30.0,56.0,62.0,60.266666666666666,2.0,2.0,2.4,2.2,0,1,1
1023,0,117,49.1,79,0,0,1,0,1,3,0.27144044986507426,0.9624552364536473,168.0,181.0,115.0,126.6,47.7,47.5,37.52,37.79333333333333,90.0,55.0,66.8,61.6,3.0,2.0,2.2,2.066666666666667,1,3,1
1024,0,75,48.3,42,1,0,0,0,1,4,0.27563735581699916,0.9612616959383189,117.0,80.0,114.0,125.4,49.1,21.0,42.980000000000004,38.7,79.0,51.0,65.0,60.6,1.0,2.0,2.0,2.066666666666667,0,0,0
1025,0,199,34.2,42,0,0,1,1,2,5,0.27982901403099203,0.9600498543859287,75.0,76.0,138.6,126.93333333333334,48.3,40.9,41.64,39.20666666666667,42.0,84.0,56.6,61.13333333333333,1.0,3.0,1.8,1.9333333333333333,0,1,0
1026,0,137,45.9,53,0,1,1,0,2,6,0.28401534470392265,0.958819734868193,199.0,134.0,139.2,123.0,34.2,28.9,45.04,38.96,42.0,30.0,61.2,59.6,2.0,2.0,1.8,1.8666666666666667,1,2,0
1027,0,102,45.3,64,0,0,1,0,1,7,0.28819626813408933,0.9575713608048144,137.0,168.0,126.0,124.53333333333333,45.9,47.7,44.56,38.76,53.0,90.0,56.0,61.266666666666666,2.0,3.0,1.4,1.8,0,1,0
1028,0,197,29.6,80,0,1,1,1,3,8,0.2923717047227367,0.9563047559630355,102.0,117.0,142.0,133.06666666666666,45.3,49.1,40.66,39.32000000000001,64.0,79.0,56.2,62.2,1.0,1.0,1.8,1.9333333333333333,1,3,1
1029,0,137,44.9,33,1,0,0,0,1,9,0.29654157497557093,0.9550199444571866,197.0,75.0,154.4,134.86666666666667,29.6,48.3,39.980000000000004,39.56666666666667,80.0,42.0,54.4,61.53333333333333,3.0,1.0,1.8,1.9333333333333333,1,3,0
1030,0,108,21.1,41,0,0,0,0,0,10,0.3007057995042732,0.9537169507482269,137.0,199.0,136.2,130.13333333333333,44.9,34.2,37.36,37.78666666666667,33.0,42.0,54.2,58.733333333333334,1.0,2.0,1.4,1.8,1,2,0
1031,0,136,37.9,75,0,1,0,0,1,11,0.30486429902801077,0.9523957996432784,108.0,137.0,136.0,130.2,21.1,45.9,35.760000000000005,38.620000000000005,41.0,53.0,58.6,58.333333333333336,0.0,2.0,1.2,1.7333333333333334,1,2,1
1032,0,183,26.9,39,0,1,0,0,1,12,0.3090169943749474,0.9510565162951535,136.0,102.0,152.2,135.33333333333334,37.9,45.3,32.08,37.94666666666667,75.0,64.0,53.6,57.2,1.0,1.0,1.2,1.6666666666666667,0,0,0
1033,0,52,23.6,85,0,0,0,0,0,13,0.31316380648374953,0.949699126201877,183.0,197.0,123.2,126.73333333333333,26.9,29.6,30.880000000000003,36.35333333333334,39.0,80.0,54.6,59.2,1.0,3.0,0.6,1.5333333333333334,1,3,1
1034,0,192,22.3,80,0,0,0,0,0,14,0.31730465640509214,0.9483236552061993,52.0,137.0,134.2,134.2,23.6,44.9,26.359999999999996,36.440000000000005,85.0,33.0,64.0,61.13333333333333,0.0,1.0,0.4,1.4,0,1,1
1035,0,150,40.9,69,1,0,1,1,3,15,0.3214394653031616,0.9469301294951057,192.0,108.0,142.6,139.13333333333333,22.3,21.1,30.32,36.440000000000005,80.0,41.0,69.6,60.13333333333333,0.0,0.0,1.0,1.4,0,1,1
1036,0,166,30.2,69,1,1,0,1,3,16,0.32556815445715664,0.9455185755993168,150.0,136.0,148.6,141.26666666666668,40.9,37.9,28.779999999999994,36.526666666666664,69.0,75.0,68.4,62.733333333333334,3.0,1.0,1.4,1.4666666666666666,0,0,1
1037,0,73,41.7,32,0,1,1,1,3,17,0.32969064526278724,0.9440890203927842,166.0,183.0,126.6,134.93333333333334,30.2,26.9,31.74,36.126666666666665,69.0,39.0,67.0,58.86666666666667,3.0,1.0,1.8,1.4666666666666666,1,2,0
1038,0,126,22.0,82,0,1,0,1,2,18,0.3338068592337709,0.9426414910921784,73.0,52.0,141.4,135.53333333333333,41.7,23.6,31.420000000000005,34.32,32.0,85.0,66.4,59.06666666666667,3.0,0.0,2.2,1.5333333333333334,0,1,1
1039,0,139,29.5,47,0,0,1,1,2,19,0.337916718003327,0.9411760152563706,126.0,192.0,130.8,139.8,22.0,22.3,32.86,33.06666666666667,82.0,80.0,59.8,59.4,2.0,0.0,2.6,1.6,0,0,0
1040,0,115,36.2,35,1,1,0,1,3,20,0.3420201433256687,0.9396926207859084,139.0,150.0,123.8,134.2,29.5,40.9,31.920000000000005,33.2,47.0,69.0,53.0,58.93333333333333,2.0,3.0,2.6,1.6666666666666667,0,0,0
1041,0,144,43.7,35,1,0,0,1,2,21,0.34611705707749296,0.9381913359224842,115.0,166.0,119.4,134.66666666666666,36.2,30.2,34.620000000000005,33.053333333333335,35.0,69.0,46.2,57.733333333333334,3.0,3.0,2.4,1.6666666666666667,1,3,0
1042,0,58,29.6,74,1,1,1,1,4,22,0.35020738125946743,0.9366721892483976,144.0,73.0,116.4,131.73333333333332,43.7,41.7,32.2,32.00666666666667,35.0,32.0,54.6,58.4,2.0,3.0,2.6,1.8666666666666667,1,3,1
1043,0,68,38.8,56,0,0,0,0,0,23,0.3542910379977158,0.9351352096860117,58.0,126.0,104.8,123.13333333333334,29.6,22.0,35.56,32.62,74.0,82.0,49.4,56.8,4.0,2.0,2.2,1.6666666666666667,0,0,0
1044,0,133,46.6,41,0,1,0,1,2,24,0.35836794954530027,0.9335804264972017,68.0,139.0,103.6,122.86666666666666,38.8,29.5,38.980000000000004,32.733333333333334,56.0,47.0,48.2,57.333333333333336,0.0,2.0,2.2,1.7333333333333334,1,3,0
1045,0,88,38.5,34,0,0,1,1,2,25,0.36243803828370164,0.9320078692827986,133.0,115.0,98.2,121.53333333333333,46.6,36.2,39.44,33.89333333333334,41.0,35.0,48.0,56.86666666666667,2.0,3.0,2.0,1.8666666666666667,1,2,0
1046,0,161,27.0,78,0,0,1,0,1,26,0.36650122672429725,0.9304175679820246,88.0,144.0,101.6,123.2,38.5,43.7,36.1,33.166666666666664,34.0,35.0,56.6,57.06666666666667,2.0,2.0,1.8,1.8666666666666667,1,2,1
1047,0,99,20.7,77,1,0,0,1,2,27,0.3705574375098362,0.9288095528719242,161.0,58.0,109.8,117.6,27.0,29.6,34.32,32.75333333333334,78.0,74.0,57.2,59.6,1.0,4.0,1.4,1.9333333333333333,0,1,1
1048,0,99,46.1,36,0,1,0,0,1,28,0.37460659341591207,0.9271838545667874,99.0,68.0,116.0,120.73333333333333,20.7,38.8,35.779999999999994,34.25333333333333,77.0,56.0,53.2,56.333333333333336,2.0,0.0,1.6,2.0,1,2,0
1049,0,60,20.6,87,1,1,0,0,2,29,0.378648617352433,0.9255405040175664,99.0,133.0,101.4,111.93333333333334,46.1,46.6,30.580000000000002,34.14,36.0,41.0,62.4,56.8,1.0,2.0,1.6,2.1333333333333333,0,1,1
1050,0,93,46.2,82,0,1,1,0,2,30,0.3826834323650898,0.9238795325112867,60.0,88.0,102.4,108.13333333333334,20.6,38.5,32.12,34.49333333333333,87.0,34.0,72.0,57.666666666666664,2.0,2.0,1.6,2.066666666666667,1,2,1
1051,0,99,35.9,76,0,0,0,0,0,31,0.38671096163682056,0.9222009716704518,93.0,161.0,90.0,103.66666666666667,46.2,27.0,33.9,34.873333333333335,82.0,78.0,71.6,58.13333333333333,2.0,1.0,1.4,1.8666666666666667,0,1,1
1052,0,160,48.2,59,1,1,0,0,2,32,0.3907311284892737,0.9205048534524404,99.0,99.0,102.2,109.46666666666667,35.9,20.7,39.4,35.306666666666665,76.0,77.0,68.0,59.93333333333333,0.0,2.0,1.4,1.8,1,2,0
1053,0,179,44.0,69,0,1,0,0,1,33,0.39474385638426723,0.9187912101488983,160.0,99.0,118.2,113.0,48.2,46.1,38.98,36.77333333333333,59.0,36.0,74.6,59.06666666666667,2.0,1.0,1.4,1.7333333333333334,0,1,1
1054,0,124,49.9,52,1,1,0,1,3,34,0.3987490689252462,0.917060074385124,179.0,60.0,131.0,112.0,44.0,20.6,44.839999999999996,38.13333333333333,69.0,87.0,67.6,59.4,1.0,2.0,1.6,1.8,0,1,0
1055,0,185,30.5,73,0,0,0,0,0,35,0.40274668985873724,0.9153114791194471,124.0,93.0,149.4,116.66666666666667,49.9,46.2,41.7,37.75333333333333,52.0,82.0,65.8,61.93333333333333,3.0,2.0,1.2,1.6,0,1,1
1056,0,151,43.0,47,0,0,0,0,0,36,0.40673664307580015,0.9135454576426009,185.0,99.0,159.8,117.13333333333334,30.5,35.9,43.12,37.70666666666667,73.0,76.0,60.0,62.733333333333334,0.0,0.0,1.2,1.4666666666666666,0,1,0
1057,0,160,32.1,70,0,0,1,0,1,37,0.4107188526134773,0.9117620435770886,151.0,160.0,159.8,123.93333333333334,43.0,48.2,39.9,37.873333333333335,47.0,59.0,62.2,62.46666666666667,0.0,2.0,1.0,1.2666666666666666,0,1,1
1058,0,59,34.4,58,0,0,1,0,1,38,0.414693242656239,0.9099612708765432,160.0,179.0,135.8,123.33333333333333,32.1,44.0,37.98,37.58,70.0,69.0,60.0,62.6,1.0,1.0,1.0,1.3333333333333333,1,2,0
1059,0,191,38.8,46,0,1,0,0,1,39,0.4186597375374281,0.9081431738250813,59.0,124.0,149.2,127.2,34.4,49.9,35.760000000000005,37.06000000000001,58.0,52.0,58.8,62.93333333333333,1.0,3.0,0.6,1.2666666666666666,1,2,0
1060,0,141,46.2,63,0,0,0,1,1,40,0.4226182617406994,0.9063077870366499,191.0,185.0,140.4,130.73333333333332,38.8,30.5,38.9,37.57333333333334,46.0,73.0,56.8,64.86666666666666,1.0,0.0,0.8,1.2,0,0,0
1061,0,144,49.5,71,0,0,1,0,1,41,0.4265687399014583,0.904455145454368,141.0,151.0,139.0,129.6,46.2,43.0,40.2,39.07333333333334,63.0,47.0,61.6,64.4,1.0,0.0,1.0,1.2,1,2,0
1062,0,72,43.0,66,1,0,0,1,2,42,0.43051109680829514,0.9025852843498606,144.0,160.0,121.4,127.8,49.5,32.1,42.379999999999995,40.559999999999995,71.0,70.0,60.8,63.666666666666664,1.0,1.0,1.2,1.2,1,2,0
1063,0,72,32.5,63,1,0,1,1,3,43,0.4344452574044171,0.9006982393225879,72.0,59.0,124.0,126.0,43.0,34.4,42.0,39.65333333333333,66.0,58.0,61.8,65.46666666666667,2.0,1.0,1.6,1.3333333333333333,0,1,1
1064,0,182,32.6,58,1,1,0,1,3,44,0.43837114678907746,0.898794046299167,72.0,191.0,122.2,134.13333333333333,32.5,38.8,40.760000000000005,40.45333333333333,63.0,46.0,64.2,63.53333333333333,3.0,1.0,2.0,1.4,1,3,1
1065,0,193,42.1,38,1,1,0,1,3,45,0.44228869021900125,0.8968727415326884,182.0,141.0,132.6,140.8,32.6,46.2,39.940000000000005,40.18,58.0,63.0,59.2,60.6,3.0,1.0,2.4,1.4666666666666666,0,1,0
1066,0,151,27.2,62,0,1,1,0,2,46,0.4461978131098087,0.8949343616020251,193.0,144.0,134.0,144.26666666666668,42.1,49.5,35.480000000000004,39.6,38.0,71.0,57.4,59.666666666666664,3.0,1.0,2.6,1.6,0,1,1
1067,0,139,23.3,63,0,1,0,0,1,47,0.45009844103743496,0.892978943411137,151.0,72.0,147.4,142.86666666666667,27.2,43.0,31.540000000000003,37.940000000000005,62.0,66.0,56.8,59.93333333333333,2.0,2.0,2.4,1.5333333333333334,1,3,1
1068,0,130,30.6,45,1,1,1,0,3,48,0.4539904997395468,0.8910065241883679,139.0,72.0,159.0,139.6,23.3,32.5,31.160000000000004,37.04666666666667,63.0,63.0,53.2,58.333333333333336,1.0,3.0,2.4,1.6666666666666667,0,1,0
1069,0,107,28.6,90,1,0,0,0,1,49,0.45787391511695674,0.8890171414857364,130.0,182.0,144.0,138.46666666666667,30.6,32.6,30.360000000000003,35.626666666666665,45.0,58.0,59.6,60.86666666666667,3.0,3.0,2.0,1.5333333333333334,1,2,1
1070,0,186,28.9,49,1,1,1,0,3,50,0.46174861323503397,0.8870108331782217,107.0,193.0,142.6,138.53333333333333,28.6,42.1,27.720000000000006,35.52,90.0,38.0,61.8,59.266666666666666,1.0,3.0,2.0,1.7333333333333334,1,2,0
1071,0,99,27.0,48,1,1,1,1,4,51,0.4656145203251114,0.8849876374630419,186.0,151.0,132.2,135.06666666666666,28.9,27.2,27.68,34.45333333333334,49.0,62.0,59.0,59.333333333333336,3.0,2.0,2.4,2.0,0,1,0
1072,0,179,21.3,86,0,1,0,1,2,52,0.4694715627858908,0.882947592858927,99.0,139.0,140.2,136.33333333333334,27.0,23.3,27.28,33.733333333333334,48.0,63.0,63.6,60.4,4.0,1.0,2.6,2.066666666666667,0,1,1
1073,0,84,20.5,41,0,1,0,0,1,53,0.47331966718484336,0.8808907382053855,179.0,130.0,131.0,138.0,21.3,30.6,25.259999999999998,32.806666666666665,86.0,45.0,62.8,59.266666666666666,2.0,3.0,2.2,2.066666666666667,1,2,0
1074,0,133,49.6,80,0,1,0,0,1,54,0.4771587602596084,0.8788171126619654,84.0,107.0,136.2,134.13333333333333,20.5,28.6,29.46,33.52666666666667,41.0,90.0,60.8,61.53333333333333,1.0,1.0,2.2,2.066666666666667,1,2,1
1075,0,65,32.8,60,0,1,1,0,2,55,0.48098876891938763,0.8767267557075077,133.0,186.0,112.0,129.06666666666666,49.6,28.9,30.24,32.63333333333333,80.0,49.0,63.0,61.333333333333336,1.0,3.0,2.0,2.1333333333333333,1,2,1
1076,0,95,31.5,42,0,0,0,0,0,56,0.48480962024633695,0.8746197071393959,65.0,99.0,111.2,125.8,32.8,27.0,31.139999999999997,31.433333333333334,60.0,48.0,61.8,59.4,2.0,4.0,1.2,2.066666666666667,0,1,0
1077,0,164,40.4,42,0,1,1,1,3,57,0.48862124149695496,0.8724960070727972,95.0,179.0,108.2,131.93333333333334,31.5,21.3,34.959999999999994,31.26,42.0,86.0,53.0,57.8,0.0,2.0,1.4,2.1333333333333333,0,1,0
1078,0,60,26.5,60,1,0,0,1,2,58,0.49242356010346716,0.8703556959398997,164.0,84.0,103.4,131.13333333333333,40.4,20.5,36.16,30.860000000000003,42.0,41.0,56.8,57.6,3.0,1.0,1.6,2.066666666666667,1,2,1
1079,0,195,48.5,84,1,1,0,0,2,59,0.4962165036752082,0.8681988144891423,60.0,133.0,115.8,132.0,26.5,49.6,35.94,31.92,60.0,80.0,57.6,59.333333333333336,2.0,1.0,1.8,2.0,0,0,1
1080,0,164,43.6,73,0,0,0,0,0,0,0.49999999999999994,0.8660254037844387,195.0,65.0,135.6,130.06666666666666,48.5,32.8,38.1,32.019999999999996,84.0,60.0,60.2,61.666666666666664,2.0,2.0,1.4,1.8,1,3,1
1081,0,75,22.7,39,0,1,1,1,3,1,0.5037739770455262,0.8638355052043958,164.0,95.0,131.6,125.0,43.6,31.5,36.339999999999996,31.720000000000002,73.0,42.0,59.6,60.13333333333333,0.0,0.0,2.0,1.8666666666666667,1,2,0
1082,0,69,32.5,35,1,1,1,0,3,2,0.5075383629607041,0.8616291604415258,75.0,164.0,112.6,120.33333333333333,22.7,40.4,34.760000000000005,32.333333333333336,39.0,42.0,58.2,58.266666666666666,3.0,3.0,2.0,2.0,1,2,0
1083,0,126,46.4,70,0,0,1,1,2,3,0.511293086077052,0.8594064115014527,69.0,60.0,125.8,120.06666666666666,32.5,26.5,38.74,33.38666666666667,35.0,60.0,60.2,59.93333333333333,3.0,2.0,2.0,1.9333333333333333,0,1,1
1084,0,94,48.3,34,0,0,0,0,0,4,0.5150380749100542,0.8571673007021123,126.0,195.0,105.6,119.2,46.4,48.5,38.7,34.7,70.0,84.0,50.2,56.2,2.0,2.0,1.6,1.8666666666666667,0,1,0
1085,0,150,34.0,88,0,0,0,0,0,5,0.5187732581605214,0.8549118706729466,94.0,164.0,102.8,116.8,48.3,43.6,36.779999999999994,35.04,34.0,73.0,53.2,58.8,0.0,0.0,1.6,1.6666666666666667,0,0,1
1086,0,122,38.4,74,1,0,1,0,2,6,0.5224985647159488,0.8526401643540923,150.0,75.0,112.2,118.33333333333333,34.0,22.7,39.92,35.8,88.0,39.0,60.2,60.53333333333333,0.0,3.0,1.4,1.5333333333333334,1,2,1
1087,0,133,25.0,67,0,1,0,0,1,7,0.5262139236518696,0.8503522249955628,122.0,69.0,125.0,115.26666666666667,38.4,32.5,38.42,36.04666666666666,74.0,35.0,66.6,59.266666666666666,2.0,3.0,1.0,1.4666666666666666,1,3,1
1088,0,167,49.7,55,0,0,1,0,1,8,0.5299192642332049,0.848048096156426,133.0,126.0,133.2,120.8,25.0,46.4,39.08,37.99333333333333,67.0,70.0,63.6,60.2,1.0,2.0,0.8,1.4666666666666666,1,2,0
1089,0,62,27.0,32,0,0,1,1,2,9,0.5336145159156115,0.8457278217039733,167.0,94.0,126.8,116.06666666666666,49.7,48.3,34.82000000000001,36.48666666666667,55.0,34.0,63.2,57.0,1.0,0.0,1.2,1.5333333333333334,1,3,0
1090,0,191,48.3,39,0,1,0,0,1,10,0.5372996083468238,0.8433914458128857,62.0,150.0,135.0,124.46666666666667,27.0,34.0,37.68,37.519999999999996,32.0,88.0,53.4,55.6,2.0,0.0,1.4,1.4666666666666666,1,2,0
1091,0,104,39.5,74,0,1,1,0,2,11,0.5409744713679939,0.8410390129643924,191.0,122.0,131.4,125.06666666666666,48.3,38.4,37.9,38.05333333333333,39.0,74.0,53.4,57.733333333333334,1.0,2.0,1.4,1.6,1,2,1
1092,0,148,38.2,89,0,1,0,1,2,12,0.5446390350150271,0.838670567945424,104.0,133.0,134.4,124.0,39.5,25.0,40.54,37.906666666666666,74.0,67.0,57.8,60.86666666666667,2.0,1.0,1.6,1.5333333333333334,1,3,1
1093,0,198,35.4,77,1,1,1,1,4,13,0.5482932295199138,0.8362861558477596,148.0,167.0,140.6,133.2,38.2,49.7,37.68,38.5,89.0,55.0,62.2,62.0,2.0,1.0,2.2,1.6666666666666667,1,2,1
1094,0,193,26.9,78,0,0,0,0,0,14,0.5519369853120581,0.8338858220671682,198.0,62.0,166.8,133.06666666666666,35.4,27.0,37.66,37.059999999999995,77.0,32.0,71.4,61.6,4.0,2.0,1.8,1.5333333333333334,1,2,1
1095,0,200,25.3,49,1,0,0,0,1,15,0.5555702330196022,0.8314696123025452,193.0,191.0,168.6,135.46666666666667,26.9,48.3,33.06,35.84,78.0,39.0,73.4,60.0,0.0,1.0,1.8,1.6,1,2,1
1096,0,147,26.6,71,0,1,0,0,1,16,0.5591929034707468,0.8290375725550417,200.0,104.0,177.2,140.26666666666668,25.3,39.5,30.48,36.1,49.0,74.0,72.8,62.13333333333333,1.0,2.0,1.6,1.4666666666666666,0,1,1
1097,0,74,25.6,81,1,1,0,0,2,17,0.5628049276950685,0.8265897491271886,147.0,148.0,162.4,140.6,26.6,38.2,27.96,35.64,71.0,89.0,71.2,65.2,1.0,2.0,1.6,1.4,0,1,1
1098,0,160,43.4,80,1,1,0,1,3,18,0.5664062369248328,0.8241261886220157,74.0,198.0,154.8,142.86666666666667,25.6,35.4,29.560000000000002,35.440000000000005,81.0,77.0,71.8,65.86666666666666,2.0,4.0,1.4,1.4666666666666666,0,0,1
1099,0,173,30.5,54,1,1,0,0,2,19,0.5699967625963029,0.8216469379421637,160.0,193.0,150.8,148.13333333333333,43.4,26.9,30.28,34.25333333333333,80.0,78.0,67.0,67.2,3.0,0.0,1.8,1.6,0,0,1
1100,0,53,21.7,48,0,0,0,1,1,20,0.5735764363510462,0.8191520442889918,173.0,200.0,121.4,141.66666666666666,30.5,25.3,29.560000000000002,33.43333333333333,54.0,49.0,66.8,64.53333333333333,2.0,1.0,1.8,1.6666666666666667,1,2,1
1101,0,141,49.1,49,1,0,0,0,1,21,0.5771451900372336,0.8166415551616789,53.0,147.0,120.2,142.93333333333334,21.7,26.6,34.06,34.14666666666667,48.0,71.0,62.4,62.86666666666667,1.0,1.0,1.8,1.6,1,3,0
1102,0,197,46.5,62,0,0,1,0,1,22,0.5807029557109398,0.8141155183563192,141.0,74.0,144.8,147.2,49.1,25.6,38.239999999999995,35.580000000000005,49.0,81.0,58.6,62.53333333333333,1.0,2.0,1.6,1.6,1,2,0
1103,0,60,47.8,42,1,0,1,0,2,23,0.5842496656374344,0.8115739819650123,197.0,160.0,124.8,140.06666666666666,46.5,43.4,39.12,35.45333333333333,62.0,80.0,51.0,61.666666666666664,1.0,3.0,1.4,1.6666666666666667,1,2,0
1104,0,52,49.8,30,1,0,1,0,2,24,0.5877852522924731,0.8090169943749475,60.0,173.0,100.6,139.4,47.8,30.5,42.98,36.97333333333333,42.0,54.0,46.2,61.53333333333333,2.0,2.0,1.4,1.6666666666666667,1,2,0
1105,0,192,25.2,48,0,0,1,0,1,25,0.5913096483635824,0.8064446042674827,52.0,53.0,128.4,139.46666666666667,49.8,21.7,43.68,35.43333333333333,30.0,48.0,46.2,62.13333333333333,2.0,1.0,1.4,1.6666666666666667,0,1,1
1106,0,59,31.9,86,0,1,1,0,2,26,0.5948227867513413,0.8038568606172173,192.0,141.0,112.0,136.46666666666667,25.2,49.1,40.24,34.92666666666666,48.0,49.0,53.6,62.93333333333333,1.0,1.0,1.6,1.6666666666666667,1,2,1
1107,0,155,42.7,81,1,0,0,0,1,27,0.5983246005706591,0.8012538126910607,59.0,197.0,103.6,136.93333333333334,31.9,46.5,39.48,35.22666666666667,86.0,62.0,57.4,62.4,2.0,1.0,1.6,1.6,0,1,1
1108,0,122,40.9,78,0,1,1,1,3,28,0.6018150231520483,0.7986355100472928,155.0,60.0,116.0,131.86666666666667,42.7,47.8,38.1,35.593333333333334,81.0,42.0,64.6,62.46666666666667,1.0,2.0,1.8,1.5333333333333334,1,3,1
1109,0,129,24.6,48,1,0,0,0,1,29,0.6052939880428945,0.796002002534622,122.0,52.0,131.4,127.6,40.9,49.8,33.059999999999995,35.440000000000005,78.0,30.0,68.2,60.46666666666667,3.0,2.0,1.6,1.6,0,1,1
1110,0,76,44.5,55,0,1,1,1,3,30,0.6087614290087207,0.7933533402912352,129.0,192.0,108.2,119.33333333333333,24.6,25.2,36.92,36.72,48.0,48.0,69.6,60.86666666666667,1.0,1.0,2.0,1.7333333333333334,0,1,0
1111,0,82,26.7,52,0,0,1,1,2,31,0.6122172800344493,0.7906895737438434,76.0,59.0,112.8,115.0,44.5,31.9,35.879999999999995,36.72666666666667,55.0,86.0,62.8,59.6,3.0,2.0,2.0,1.8,1,3,1
1112,0,135,26.7,39,1,0,0,0,1,32,0.6156614753256582,0.788010753606722,82.0,155.0,108.8,119.06666666666666,26.7,42.7,32.68,36.8,52.0,81.0,54.4,56.8,2.0,1.0,2.0,1.7333333333333334,0,1,0
1113,0,85,36.1,86,0,1,0,1,2,33,0.6190939493098339,0.7853169308807451,135.0,122.0,101.4,114.06666666666666,26.7,40.9,31.72,36.313333333333325,39.0,78.0,56.0,57.2,1.0,3.0,1.8,1.6666666666666667,0,1,1
1114,0,76,37.8,47,1,1,0,0,2,34,0.6225146366376195,0.7826081568524139,85.0,129.0,90.8,107.6,36.1,24.6,34.36,36.8,86.0,48.0,55.8,56.733333333333334,2.0,1.0,2.0,1.6666666666666667,1,2,0
1115,0,172,37.4,57,1,1,1,0,3,35,0.6259234721840591,0.7798844830928818,76.0,76.0,110.0,115.53333333333333,37.8,44.5,32.94,37.84666666666667,47.0,55.0,56.2,57.333333333333336,2.0,3.0,2.0,1.8,0,1,0
1116,0,197,22.7,86,0,0,0,0,0,36,0.6293203910498374,0.7771459614569709,172.0,82.0,133.0,119.26666666666667,37.4,26.7,32.14,36.08666666666667,57.0,52.0,63.0,59.8,3.0,2.0,1.6,1.7333333333333334,0,1,1
1117,0,69,46.3,50,1,0,1,1,3,37,0.632705328562516,0.7743926440821856,197.0,135.0,119.8,110.73333333333333,22.7,26.7,36.059999999999995,36.07333333333334,86.0,39.0,65.2,59.0,0.0,1.0,2.0,1.8666666666666667,1,2,0
1118,0,188,28.0,34,1,0,1,1,3,38,0.636078220277764,0.7716245833877199,69.0,85.0,140.4,119.26666666666667,46.3,36.1,34.44,34.75333333333333,50.0,86.0,54.8,58.46666666666667,3.0,2.0,2.2,1.9333333333333333,1,2,0
1119,0,165,23.9,51,0,0,0,0,0,39,0.6394390019805847,0.7688418320734596,188.0,76.0,158.2,126.8,28.0,37.8,31.659999999999997,33.026666666666664,34.0,47.0,55.6,59.86666666666667,3.0,2.0,1.8,1.8,1,2,1
1120,0,138,46.7,62,1,1,1,1,4,40,0.6427876096865393,0.766044443118978,165.0,172.0,151.4,123.2,23.9,37.4,33.519999999999996,34.46,51.0,57.0,56.6,60.8,0.0,3.0,2.0,2.0,0,1,0
1121,0,55,48.7,70,0,1,1,0,2,41,0.646123979642964,0.7632324697825288,138.0,197.0,123.0,122.93333333333334,46.7,22.7,38.72,35.58,62.0,86.0,53.4,59.733333333333334,4.0,0.0,2.4,2.0,1,2,0
1122,0,95,45.9,77,0,1,1,1,3,42,0.6494480483301837,0.7604059656000309,55.0,69.0,128.2,118.93333333333334,48.7,46.3,38.64,35.79333333333333,70.0,50.0,58.8,59.46666666666667,2.0,3.0,2.4,2.1333333333333333,0,1,1
1123,0,53,44.3,87,1,1,1,1,4,43,0.6527597524627224,0.7575649843840495,95.0,188.0,101.2,114.33333333333333,45.9,28.0,41.9,36.019999999999996,77.0,34.0,69.4,60.06666666666667,3.0,3.0,2.6,2.2,0,1,1
1124,0,191,39.7,67,0,1,1,1,3,44,0.6560590289905073,0.754709580222772,53.0,165.0,106.4,118.46666666666667,44.3,23.9,45.06,37.026666666666664,87.0,51.0,72.6,61.333333333333336,4.0,0.0,3.2,2.3333333333333335,0,1,1
1125,0,61,36.5,56,1,1,0,0,2,45,0.6593458151000688,0.7518398074789775,191.0,138.0,91.0,117.46666666666667,39.7,46.7,43.02,36.49333333333333,67.0,62.0,71.4,61.4,3.0,4.0,2.8,2.2666666666666666,0,1,0
1126,0,139,22.6,51,0,0,0,0,0,46,0.6626200482157374,0.7489557207890022,61.0,55.0,107.8,121.26666666666667,36.5,48.7,37.8,36.220000000000006,56.0,70.0,67.6,61.333333333333336,2.0,2.0,2.4,2.1333333333333333,0,1,1
1127,0,131,32.3,47,0,1,1,1,3,47,0.6658816660008343,0.7460573750616996,139.0,95.0,115.0,121.0,22.6,45.9,35.08,36.593333333333334,51.0,77.0,61.6,61.86666666666667,0.0,3.0,2.4,2.2666666666666666,0,1,0
1128,0,163,31.2,33,0,1,1,1,3,48,0.6691306063588582,0.7431448254773942,131.0,53.0,137.0,126.2,32.3,44.3,32.46,36.266666666666666,47.0,87.0,50.8,58.333333333333336,3.0,4.0,2.2,2.3333333333333335,1,2,0
1129,0,52,27.8,37,0,1,1,1,3,49,0.6723668074346679,0.7402181274868322,163.0,191.0,109.2,124.6,31.2,39.7,30.080000000000002,35.6,33.0,67.0,44.8,57.666666666666664,3.0,3.0,2.2,2.4,1,2,0
1130,0,93,41.7,50,0,1,0,0,1,50,0.6755902076156602,0.7372773368101241,52.0,61.0,115.6,119.33333333333333,27.8,36.5,31.119999999999997,35.88666666666666,37.0,56.0,43.6,57.2,3.0,2.0,2.0,2.2666666666666666,1,2,0
1131,0,89,34.9,54,1,1,1,0,3,51,0.6788007455329418,0.7343225094356854,93.0,139.0,105.6,112.13333333333334,41.7,22.6,33.58,36.7,50.0,51.0,44.2,55.06666666666667,1.0,0.0,2.6,2.466666666666667,0,1,0
1132,0,56,22.4,37,1,0,0,0,1,52,0.6819983600624985,0.7313537016191706,89.0,131.0,90.6,111.26666666666667,34.9,32.3,31.6,35.10666666666667,54.0,47.0,42.2,54.2,3.0,3.0,2.2,2.3333333333333335,0,0,0
1133,0,74,26.6,62,1,1,1,1,4,53,0.6851829903263591,0.7283709698824002,56.0,163.0,72.8,103.66666666666667,22.4,31.2,30.68,35.013333333333335,37.0,33.0,48.0,56.06666666666667,1.0,3.0,2.4,2.4,1,2,1
1134,0,117,40.5,64,0,0,1,0,1,54,0.6883545756937539,0.7253743710122877,74.0,52.0,85.8,100.46666666666667,26.6,27.8,33.22,36.12,62.0,37.0,53.4,56.93333333333333,4.0,3.0,2.0,2.466666666666667,0,0,1
1135,0,121,22.3,61,0,1,1,1,3,55,0.6915130557822694,0.7223639620597556,117.0,93.0,91.4,99.33333333333333,40.5,41.7,29.340000000000003,34.49333333333333,64.0,50.0,55.6,56.86666666666667,1.0,1.0,2.4,2.4,1,2,1
1136,0,149,45.5,60,0,0,0,0,0,56,0.6946583704589974,0.7193398003386511,121.0,89.0,103.4,105.6,22.3,34.9,31.46,34.279999999999994,61.0,54.0,56.8,56.2,3.0,3.0,1.8,2.2666666666666666,1,3,0
1137,0,51,34.9,34,0,0,0,0,0,57,0.6977904598416801,0.7163019434246543,149.0,56.0,102.4,102.66666666666667,45.5,22.4,33.959999999999994,33.54666666666667,60.0,37.0,56.2,53.333333333333336,0.0,1.0,1.6,2.066666666666667,1,2,0
1138,0,123,34.4,72,1,1,0,1,3,58,0.7009092642998509,0.7132504491541816,51.0,74.0,112.2,107.33333333333333,34.9,26.6,35.519999999999996,32.88666666666666,34.0,62.0,58.2,52.333333333333336,0.0,4.0,1.4,2.0,0,1,1
1139,0,80,37.8,30,1,1,0,0,2,59,0.7040147244559682,0.7101853756232854,123.0,117.0,104.8,99.93333333333334,34.4,40.5,34.98,32.76,72.0,64.0,51.4,49.86666666666667,3.0,1.0,1.6,1.9333333333333333,1,2,0
1140,0,99,44.7,72,0,1,0,0,1,0,0.7071067811865475,0.7071067811865476,80.0,121.0,100.4,102.46666666666667,37.8,22.3,39.459999999999994,33.306666666666665,30.0,61.0,53.6,50.93333333333333,2.0,3.0,1.2,1.8666666666666667,1,2,1
1141,0,183,30.4,83,1,0,0,1,2,1,0.7101853756232854,0.7040147244559684,99.0,149.0,107.2,105.4,44.7,45.5,36.440000000000005,33.82666666666667,72.0,60.0,58.2,53.06666666666667,1.0,0.0,1.6,2.0,0,1,1
1142,0,64,40.3,84,0,0,1,1,2,2,0.7132504491541815,0.700909264299851,183.0,51.0,109.8,100.93333333333334,30.4,34.9,37.519999999999996,34.36,83.0,34.0,68.2,55.53333333333333,2.0,0.0,2.0,1.9333333333333333,0,1,1
1143,0,89,37.0,42,0,0,1,0,1,3,0.7163019434246541,0.6977904598416802,64.0,123.0,103.0,96.0,40.3,34.4,38.04,34.74666666666666,84.0,72.0,62.2,56.13333333333333,2.0,3.0,1.6,1.8,0,1,0
1144,0,127,28.0,71,1,0,0,1,2,4,0.7193398003386512,0.6946583704589973,89.0,80.0,112.4,101.0,37.0,37.8,36.08,34.76,42.0,30.0,70.4,58.4,1.0,2.0,1.6,1.7333333333333334,0,1,1
1145,0,109,46.4,74,0,0,0,0,0,5,0.7223639620597555,0.6915130557822694,127.0,99.0,114.4,102.06666666666666,28.0,44.7,36.42,35.07333333333333,71.0,72.0,70.8,60.0,2.0,1.0,1.4,1.6666666666666667,1,2,1
1146,0,75,43.9,65,1,0,0,1,2,6,0.7253743710122876,0.6883545756937539,109.0,183.0,92.8,101.13333333333334,46.4,30.4,39.12,35.67333333333333,74.0,83.0,67.2,60.733333333333334,0.0,2.0,1.4,1.6,0,1,0
1147,0,84,39.8,45,1,0,0,1,2,7,0.7283709698824002,0.6851829903263592,75.0,64.0,96.8,103.0,43.9,40.3,39.019999999999996,36.833333333333336,65.0,84.0,59.4,61.266666666666666,2.0,2.0,1.4,1.6666666666666667,1,2,0
1148,0,168,45.5,56,1,1,0,1,3,8,0.7313537016191705,0.6819983600624985,84.0,89.0,112.6,109.26666666666667,39.8,37.0,40.72,38.093333333333334,45.0,42.0,62.2,60.86666666666667,2.0,1.0,1.8,1.6,0,1,0
1149,0,121,46.0,50,0,1,1,0,2,9,0.7343225094356854,0.6788007455329419,168.0,127.0,111.4,109.53333333333333,45.5,28.0,44.32,38.46,56.0,71.0,58.0,59.93333333333333,3.0,2.0,1.8,1.6666666666666667,0,1,0
1150,0,189,41.3,70,0,0,0,0,0,10,0.737277336810124,0.6755902076156602,121.0,109.0,127.4,114.06666666666666,46.0,46.4,43.3,39.72666666666667,50.0,74.0,57.2,60.53333333333333,2.0,0.0,1.8,1.4666666666666666,0,0,1
1151,0,118,45.1,63,1,1,0,1,3,11,0.7402181274868321,0.672366807434668,189.0,75.0,136.0,112.0,41.3,43.9,43.54,39.7,70.0,65.0,56.8,60.733333333333334,0.0,2.0,2.0,1.6666666666666667,1,3,0
1152,0,113,40.9,66,0,1,0,1,2,12,0.7431448254773942,0.6691306063588582,118.0,84.0,141.8,116.13333333333334,45.1,39.8,43.760000000000005,40.099999999999994,63.0,45.0,61.0,62.86666666666667,3.0,2.0,2.0,1.8,0,1,1
1153,0,90,40.4,48,0,1,0,1,2,13,0.7460573750616996,0.6658816660008343,113.0,168.0,126.2,113.93333333333334,40.9,45.5,42.739999999999995,40.5,66.0,56.0,59.4,61.266666666666666,2.0,3.0,1.8,1.7333333333333334,0,0,0
1154,0,200,38.6,37,1,0,1,0,2,14,0.7489557207890022,0.6626200482157374,90.0,121.0,142.0,121.93333333333334,40.4,46.0,41.260000000000005,40.55333333333333,48.0,50.0,56.8,61.733333333333334,2.0,2.0,1.8,1.7333333333333334,1,2,0
1155,0,199,42.6,35,1,0,0,0,1,15,0.7518398074789774,0.6593458151000688,200.0,189.0,144.0,128.6,38.6,41.3,41.519999999999996,40.41333333333333,37.0,70.0,49.8,59.266666666666666,2.0,0.0,2.0,1.7333333333333334,1,2,0
1156,0,148,24.8,73,1,0,0,1,2,16,0.754709580222772,0.6560590289905073,199.0,118.0,150.0,126.26666666666667,42.6,45.1,37.46,40.04,35.0,63.0,51.8,58.6,1.0,3.0,1.8,1.7333333333333334,0,1,1
1157,0,77,46.4,70,0,0,1,0,1,17,0.7575649843840495,0.6527597524627226,148.0,113.0,142.8,127.13333333333334,24.8,40.9,38.56,40.44666666666667,73.0,66.0,52.6,57.666666666666664,2.0,2.0,1.6,1.6666666666666667,1,2,0
1158,0,175,46.2,35,1,1,1,1,4,18,0.7604059656000309,0.6494480483301837,77.0,90.0,159.8,132.86666666666667,46.4,40.4,39.720000000000006,41.06000000000001,70.0,48.0,50.0,57.2,1.0,2.0,2.0,1.8666666666666667,0,0,0
1159,0,136,20.9,65,1,0,1,0,2,19,0.7632324697825288,0.646123979642964,175.0,200.0,147.0,133.46666666666667,46.2,38.6,36.18,40.58666666666667,35.0,37.0,55.6,56.8,4.0,2.0,2.0,1.8666666666666667,0,1,1
1160,0,68,44.8,72,0,0,0,0,0,20,0.766044443118978,0.6427876096865394,136.0,199.0,120.8,130.73333333333332,20.9,42.6,36.62,40.480000000000004,65.0,35.0,63.0,56.666666666666664,2.0,1.0,1.8,1.8666666666666667,0,1,1
1161,0,126,23.9,30,0,1,1,1,3,21,0.7688418320734596,0.6394390019805847,68.0,148.0,116.4,134.13333333333333,44.8,24.8,36.44,39.14666666666666,72.0,73.0,54.4,54.333333333333336,0.0,2.0,2.0,1.9333333333333333,0,0,0
1162,0,180,30.1,72,1,1,0,1,3,22,0.7716245833877199,0.6360782202777641,126.0,77.0,137.0,140.53333333333333,23.9,46.4,33.18,38.5,30.0,70.0,54.8,56.13333333333333,3.0,1.0,2.4,2.0,1,2,1
1163,0,161,42.3,39,0,1,0,1,2,23,0.7743926440821856,0.6327053285625162,180.0,175.0,134.2,140.06666666666666,30.1,46.2,32.4,38.28666666666666,72.0,35.0,55.6,55.0,3.0,4.0,2.0,1.9333333333333333,1,3,0
1164,0,51,24.8,31,0,1,0,1,2,24,0.7771459614569709,0.6293203910498374,161.0,136.0,117.2,135.4,42.3,20.9,33.17999999999999,36.873333333333335,39.0,65.0,48.8,53.733333333333334,2.0,2.0,2.0,1.9333333333333333,1,2,0
1165,0,116,44.5,60,1,0,1,1,3,25,0.7798844830928817,0.6259234721840591,51.0,68.0,126.8,130.53333333333333,24.8,44.8,33.120000000000005,37.086666666666666,31.0,72.0,46.4,53.06666666666667,2.0,0.0,2.6,2.1333333333333333,0,1,0
1166,0,129,45.0,40,1,1,1,1,4,26,0.7826081568524139,0.6225146366376195,116.0,126.0,127.4,131.26666666666668,44.5,23.9,37.339999999999996,37.08,60.0,30.0,48.4,51.53333333333333,3.0,3.0,2.8,2.2,0,1,0
1167,0,128,35.2,72,0,0,1,0,1,27,0.785316930880745,0.619093949309834,129.0,180.0,117.0,132.26666666666668,45.0,30.1,38.36,36.7,40.0,72.0,48.4,51.93333333333333,4.0,3.0,2.4,2.1333333333333333,1,2,1
1168,0,140,20.2,88,1,0,0,1,2,28,0.788010753606722,0.6156614753256583,128.0,161.0,112.8,135.6,35.2,42.3,33.94,35.35333333333334,72.0,39.0,58.2,54.6,1.0,2.0,2.4,2.1333333333333333,1,2,1
1169,0,86,28.6,53,1,1,1,1,4,29,0.7906895737438433,0.6122172800344493,140.0,51.0,119.8,128.0,20.2,24.8,34.7,34.68666666666666,88.0,31.0,62.6,55.666666666666664,2.0,2.0,2.8,2.2666666666666666,1,2,1
1170,0,170,38.5,38,1,0,0,1,2,30,0.7933533402912352,0.6087614290087207,86.0,116.0,130.6,126.06666666666666,28.6,44.5,33.5,34.41333333333333,53.0,60.0,58.2,55.86666666666667,4.0,3.0,2.6,2.3333333333333335,0,1,0
1171,0,70,49.4,71,1,0,0,1,2,31,0.796002002534622,0.6052939880428944,170.0,129.0,118.8,120.86666666666666,38.5,45.0,34.38,36.053333333333335,38.0,40.0,64.4,55.733333333333334,2.0,4.0,2.2,2.3333333333333335,0,1,0
1172,0,139,39.0,71,1,0,1,0,2,32,0.7986355100472927,0.6018150231520484,70.0,128.0,121.0,125.0,49.4,35.2,35.14,35.559999999999995,71.0,72.0,64.2,55.8,2.0,1.0,2.4,2.4,1,2,1
1173,0,88,27.8,57,0,0,1,1,2,33,0.8012538126910606,0.5983246005706592,139.0,140.0,110.6,119.2,39.0,20.2,36.66,34.333333333333336,71.0,88.0,58.0,57.266666666666666,2.0,2.0,2.4,2.2666666666666666,0,0,1
1174,0,60,39.0,65,1,0,1,1,3,34,0.8038568606172173,0.5948227867513414,88.0,86.0,105.4,114.13333333333334,27.8,28.6,38.739999999999995,35.54,57.0,53.0,60.4,57.266666666666666,2.0,4.0,2.2,2.3333333333333335,1,3,1
1175,0,127,36.2,44,1,1,1,0,3,35,0.8064446042674825,0.5913096483635825,60.0,170.0,96.8,118.06666666666666,39.0,38.5,38.28,34.96666666666667,65.0,38.0,61.6,55.4,3.0,2.0,2.4,2.533333333333333,0,0,0
1176,0,74,43.4,53,0,1,1,0,2,36,0.8090169943749475,0.5877852522924731,127.0,70.0,97.6,114.6,36.2,49.4,37.08,36.266666666666666,44.0,71.0,58.0,56.93333333333333,3.0,2.0,2.4,2.466666666666667,1,2,0
1177,0,181,23.2,68,1,1,1,0,3,37,0.8115739819650123,0.5842496656374344,74.0,139.0,106.0,114.66666666666667,43.4,39.0,33.92,35.806666666666665,53.0,71.0,57.4,56.666666666666664,2.0,2.0,2.6,2.466666666666667,0,0,1
1178,0,84,42.8,30,1,0,0,0,1,38,0.8141155183563192,0.5807029557109398,181.0,88.0,105.2,109.53333333333333,23.2,27.8,36.92,35.84,68.0,57.0,52.0,56.06666666666667,3.0,2.0,2.4,2.4,1,2,0
1179,0,173,36.2,85,1,1,1,1,4,39,0.8166415551616789,0.5771451900372337,84.0,60.0,127.8,117.66666666666667,42.8,39.0,36.36,36.6,30.0,65.0,56.0,59.666666666666664,1.0,3.0,2.6,2.533333333333333,0,1,1
1180,0,61,48.9,37,0,1,0,0,1,40,0.8191520442889917,0.5735764363510462,173.0,127.0,114.6,114.0,36.2,36.2,38.9,36.89333333333333,85.0,44.0,54.6,58.13333333333333,4.0,3.0,2.2,2.4,0,1,0
1181,0,118,30.3,55,1,1,0,1,3,41,0.8216469379421637,0.569996762596303,61.0,74.0,123.4,113.26666666666667,48.9,43.4,36.279999999999994,35.91333333333333,37.0,53.0,55.0,59.13333333333333,1.0,2.0,2.4,2.3333333333333335,0,1,1
1182,0,118,39.0,34,1,1,0,1,3,42,0.8241261886220157,0.5664062369248328,118.0,181.0,110.8,112.6,30.3,23.2,39.44,36.166666666666664,55.0,68.0,48.2,56.6,3.0,3.0,2.4,2.466666666666667,1,3,0
1183,0,81,48.0,83,1,0,0,1,2,43,0.8265897491271886,0.5628049276950686,118.0,84.0,110.2,108.66666666666667,39.0,42.8,40.48,38.019999999999996,34.0,30.0,58.8,56.266666666666666,3.0,1.0,2.6,2.466666666666667,1,2,1
1184,0,51,23.1,35,1,1,0,0,2,44,0.8290375725550417,0.5591929034707468,81.0,173.0,85.8,106.33333333333333,48.0,36.2,37.86,37.653333333333336,83.0,85.0,48.8,55.06666666666667,2.0,4.0,2.2,2.3333333333333335,1,2,0
1185,0,104,48.1,66,1,0,1,1,3,45,0.8314696123025451,0.5555702330196024,51.0,61.0,94.4,101.93333333333334,23.1,48.9,37.7,38.29333333333334,35.0,37.0,54.6,56.93333333333333,2.0,1.0,2.6,2.4,1,2,0
1186,0,81,40.6,57,0,0,0,0,0,46,0.8338858220671681,0.5519369853120583,104.0,118.0,87.0,102.66666666666667,48.1,30.3,39.760000000000005,37.70666666666666,66.0,55.0,55.0,56.0,3.0,3.0,2.0,2.2666666666666666,1,2,0
1187,0,137,22.0,72,0,1,0,1,2,47,0.8362861558477594,0.5482932295199139,81.0,118.0,90.8,102.53333333333333,40.6,39.0,36.36,36.57333333333333,57.0,34.0,62.6,56.06666666666667,0.0,3.0,1.8,2.2666666666666666,0,1,1
1188,0,143,29.0,72,0,0,1,1,2,48,0.8386705679454239,0.5446390350150271,137.0,81.0,103.2,106.2,22.0,48.0,32.56,36.65333333333333,72.0,83.0,60.4,57.06666666666667,2.0,2.0,1.8,2.2666666666666666,0,0,1
1189,0,167,41.2,87,1,0,1,0,2,49,0.8410390129643924,0.540974471367994,143.0,51.0,126.4,113.33333333333333,29.0,23.1,36.18,36.8,72.0,35.0,70.8,58.53333333333333,2.0,2.0,1.8,2.2,0,1,1
1190,0,153,22.0,69,1,1,1,0,3,50,0.8433914458128856,0.5372996083468239,167.0,104.0,136.2,115.06666666666666,41.2,48.1,30.96,35.85333333333333,87.0,66.0,71.4,60.2,2.0,3.0,1.8,2.2,1,2,1
1191,0,110,37.5,76,0,1,1,1,3,51,0.8457278217039733,0.5336145159156114,153.0,81.0,142.0,117.46666666666667,22.0,40.6,30.340000000000003,35.46,69.0,57.0,75.2,61.733333333333334,3.0,0.0,2.4,2.2666666666666666,0,0,1
1192,0,103,30.4,45,1,0,1,1,3,52,0.8480480961564258,0.5299192642332051,110.0,137.0,135.2,112.26666666666667,37.5,22.0,32.02,35.940000000000005,76.0,72.0,69.8,60.2,3.0,2.0,2.6,2.2666666666666666,0,0,0
1193,0,144,38.6,34,0,0,1,0,1,53,0.8503522249955628,0.5262139236518696,103.0,143.0,135.4,116.26666666666667,30.4,29.0,33.940000000000005,35.660000000000004,45.0,72.0,62.2,60.46666666666667,3.0,2.0,2.4,2.2666666666666666,1,2,0
1194,0,52,21.4,40,1,1,0,1,3,54,0.8526401643540922,0.5224985647159489,144.0,167.0,112.4,108.2,38.6,41.2,29.979999999999997,34.67333333333333,34.0,87.0,52.8,57.46666666666667,1.0,2.0,2.6,2.2,1,2,0
1195,0,85,46.1,90,0,1,0,0,1,55,0.8549118706729465,0.5187732581605216,52.0,153.0,98.8,109.8,21.4,22.0,34.8,34.48666666666667,40.0,69.0,57.0,61.0,3.0,3.0,2.2,2.2,0,1,1
1196,0,147,49.2,31,0,0,0,0,0,56,0.8571673007021123,0.5150380749100542,85.0,110.0,106.2,111.73333333333333,46.1,37.5,37.14,35.74666666666667,90.0,76.0,48.0,59.4,1.0,3.0,1.6,2.0,1,3,0
1197,0,131,49.1,43,0,1,1,0,2,57,0.8594064115014527,0.511293086077052,147.0,103.0,111.8,112.6,49.2,30.4,40.88000000000001,36.419999999999995,31.0,45.0,47.6,60.0,0.0,3.0,1.4,1.9333333333333333,1,2,0
1198,0,97,42.5,70,1,1,1,0,3,58,0.8616291604415257,0.5075383629607042,131.0,144.0,102.4,113.66666666666667,49.1,38.6,41.660000000000004,36.05333333333333,43.0,34.0,54.8,59.13333333333333,2.0,1.0,1.8,2.0,0,1,1
1199,0,122,23.9,48,0,1,0,1,2,59,0.8638355052043957,0.5037739770455263,97.0,52.0,116.4,118.4,42.5,21.4,42.160000000000004,36.10666666666667,70.0,40.0,56.4,60.0,3.0,3.0,1.6,2.0,1,2,1
1200,0,154,42.7,60,0,0,0,0,0,0,0.8660254037844386,0.5000000000000001,122.0,85.0,130.2,121.73333333333333,23.9,46.1,41.480000000000004,35.74666666666667,48.0,90.0,50.4,59.6,2.0,1.0,1.4,1.8,0,1,0
1201,0,144,20.7,74,1,0,0,1,2,1,0.8681988144891423,0.49621650367520814,154.0,147.0,129.6,125.93333333333334,42.7,49.2,35.78,34.419999999999995,60.0,31.0,59.0,60.733333333333334,0.0,0.0,1.8,1.9333333333333333,0,1,1
1202,0,74,20.7,59,1,1,1,0,3,2,0.8703556959398996,0.49242356010346733,144.0,131.0,118.2,121.73333333333333,20.7,49.1,30.1,34.333333333333336,74.0,43.0,62.2,59.86666666666667,2.0,2.0,2.0,2.0,1,2,1
1203,0,103,29.7,40,1,1,1,1,4,3,0.8724960070727971,0.48862124149695496,74.0,97.0,119.4,119.06666666666666,20.7,42.5,27.54,34.38,59.0,70.0,56.2,57.733333333333334,3.0,3.0,2.2,2.1333333333333333,1,3,0
1204,0,55,34.7,80,0,1,0,0,1,4,0.8746197071393957,0.4848096202463371,103.0,122.0,106.0,111.6,29.7,23.9,29.7,33.94666666666667,40.0,48.0,62.6,57.266666666666666,4.0,2.0,2.0,2.066666666666667,0,1,1
1205,0,171,43.1,43,1,1,0,0,2,5,0.8767267557075077,0.48098876891938774,55.0,154.0,109.4,112.8,34.7,42.7,29.78,35.35333333333334,80.0,60.0,59.2,55.53333333333333,1.0,0.0,2.4,2.0,1,3,0
1206,0,170,40.5,54,0,1,0,1,2,6,0.8788171126619653,0.47715876025960857,171.0,144.0,114.6,116.8,43.1,20.7,33.739999999999995,35.553333333333335,43.0,74.0,55.2,54.06666666666667,2.0,2.0,2.4,1.9333333333333333,1,2,0
1207,0,120,33.4,71,1,1,1,1,4,7,0.8808907382053854,0.4733196671848436,170.0,74.0,123.8,117.93333333333334,40.5,20.7,36.28,35.75333333333334,54.0,59.0,57.6,55.8,2.0,3.0,2.6,2.0,1,2,1
1208,0,191,28.2,86,0,0,1,0,1,8,0.8829475928589269,0.46947156278589086,120.0,103.0,141.4,121.06666666666666,33.4,29.7,35.980000000000004,35.059999999999995,71.0,40.0,66.8,59.266666666666666,4.0,4.0,2.0,2.0,0,1,1
1209,0,63,49.9,51,0,1,0,1,2,9,0.8849876374630419,0.4656145203251113,191.0,55.0,143.0,121.8,28.2,34.7,39.019999999999996,36.96000000000001,86.0,80.0,61.0,60.0,1.0,1.0,2.2,1.9333333333333333,0,0,0
1210,0,122,32.8,84,0,1,0,0,1,10,0.8870108331782217,0.4617486132350339,63.0,171.0,133.2,124.26666666666667,49.9,43.1,36.96,36.07333333333334,51.0,43.0,69.2,59.6,2.0,2.0,2.0,1.9333333333333333,0,1,1
1211,0,109,33.5,67,1,0,0,1,2,11,0.8890171414857364,0.45787391511695674,122.0,170.0,121.0,121.73333333333333,32.8,40.5,35.56,35.026666666666664,84.0,54.0,71.8,62.0,1.0,2.0,2.0,2.066666666666667,1,3,1
1212,0,164,24.9,65,0,1,1,0,2,12,0.8910065241883679,0.45399049973954686,109.0,120.0,129.8,123.93333333333334,33.5,33.4,33.86,33.413333333333334,67.0,71.0,70.6,63.46666666666667,2.0,4.0,1.6,2.066666666666667,1,2,1
1213,0,182,43.8,51,1,0,0,0,1,13,0.8929789434111369,0.45009844103743507,164.0,191.0,128.0,129.6,24.9,28.2,36.980000000000004,33.5,65.0,86.0,63.6,62.2,2.0,1.0,1.6,1.9333333333333333,1,3,0
1214,0,84,40.8,33,0,0,0,0,0,14,0.8949343616020251,0.4461978131098087,182.0,63.0,132.2,127.06666666666666,43.8,49.9,35.16,34.626666666666665,51.0,51.0,60.0,61.2,1.0,2.0,1.2,1.8,0,1,0
1215,0,108,26.6,39,0,1,1,1,3,15,0.8968727415326884,0.44228869021900125,84.0,122.0,129.4,124.0,40.8,32.8,33.92,33.55333333333333,33.0,84.0,51.0,59.8,0.0,1.0,1.6,2.0,1,2,0
1216,0,84,22.5,81,1,1,0,0,2,16,0.8987940462991669,0.43837114678907746,108.0,109.0,124.4,120.0,26.6,33.5,31.720000000000006,33.67333333333333,39.0,67.0,53.8,60.266666666666666,3.0,2.0,1.6,2.0,0,1,1
1217,0,97,40.4,82,0,0,0,1,1,17,0.9006982393225879,0.43444525740441714,84.0,164.0,111.0,121.53333333333333,22.5,24.9,34.82,34.986666666666665,81.0,65.0,57.2,61.8,2.0,2.0,1.4,1.8666666666666667,0,0,1
1218,0,136,39.6,88,0,0,1,0,1,18,0.9025852843498605,0.43051109680829525,97.0,182.0,101.8,123.73333333333333,40.4,43.8,33.98,35.64666666666667,82.0,51.0,64.6,65.0,1.0,1.0,1.4,1.6666666666666667,0,0,1
1219,0,154,28.2,32,1,0,1,0,2,19,0.9044551454543679,0.4265687399014585,136.0,84.0,115.8,130.33333333333334,39.6,40.8,31.46,35.21333333333333,88.0,33.0,64.4,61.8,1.0,0.0,1.8,1.7333333333333334,0,1,0
1220,0,139,48.5,77,1,1,0,1,3,20,0.9063077870366498,0.4226182617406996,154.0,108.0,122.0,128.2,28.2,26.6,35.839999999999996,35.57333333333334,32.0,39.0,72.0,64.06666666666666,2.0,3.0,1.8,1.8,1,2,1
1221,0,65,24.5,44,0,1,1,1,3,21,0.9081431738250813,0.41865973753742813,139.0,84.0,118.2,121.2,48.5,22.5,36.239999999999995,34.50666666666667,77.0,81.0,64.6,63.4,3.0,2.0,2.0,1.8666666666666667,1,2,0
1222,0,66,33.0,31,0,1,1,1,3,22,0.9099612708765432,0.41469324265623914,65.0,97.0,112.0,117.6,24.5,40.4,34.760000000000005,34.480000000000004,44.0,82.0,54.4,60.733333333333334,3.0,1.0,2.4,1.8,0,1,0
1223,0,175,48.3,32,0,0,1,0,1,23,0.9117620435770886,0.4107188526134772,66.0,136.0,119.8,116.53333333333333,33.0,39.6,36.5,35.82,31.0,88.0,43.2,57.13333333333333,3.0,1.0,2.4,1.8,0,0,0
1224,0,76,32.6,38,1,1,1,1,4,24,0.9135454576426009,0.4067366430758002,175.0,154.0,104.2,117.4,48.3,28.2,37.38,34.666666666666664,32.0,32.0,44.4,56.266666666666666,1.0,2.0,2.8,1.9333333333333333,1,2,0
1225,0,170,39.2,76,0,0,1,0,1,25,0.9153114791194471,0.40274668985873724,76.0,139.0,110.4,120.6,32.6,48.5,35.519999999999996,35.093333333333334,38.0,77.0,44.2,55.733333333333334,4.0,3.0,2.4,1.9333333333333333,0,0,1
1226,0,73,31.9,71,1,1,0,0,2,26,0.917060074385124,0.39874906892524625,170.0,65.0,112.0,118.2,39.2,24.5,37.0,34.986666666666665,76.0,44.0,49.6,56.0,1.0,3.0,2.2,1.9333333333333333,1,3,1
1227,0,58,28.2,33,0,0,0,0,0,27,0.9187912101488983,0.3947438563842672,73.0,66.0,110.4,111.13333333333334,31.9,33.0,36.04,35.20666666666667,71.0,31.0,50.0,53.86666666666667,2.0,3.0,1.6,1.8,1,2,0
1228,0,69,49.5,37,0,0,1,0,1,28,0.9205048534524404,0.3907311284892737,58.0,175.0,89.2,103.6,28.2,48.3,36.279999999999994,35.586666666666666,33.0,32.0,51.0,52.93333333333333,0.0,1.0,1.6,1.8,0,1,0
1229,0,55,32.3,66,1,0,1,0,2,29,0.9222009716704518,0.3867109616368206,69.0,76.0,85.0,101.66666666666667,49.5,32.6,36.22,35.019999999999996,37.0,38.0,56.6,55.13333333333333,1.0,4.0,1.2,1.9333333333333333,1,2,1
1230,0,161,46.8,44,0,1,0,1,2,30,0.9238795325112867,0.38268343236508984,55.0,170.0,83.2,105.2,32.3,39.2,37.739999999999995,36.36666666666667,66.0,76.0,50.2,55.46666666666667,2.0,1.0,1.4,1.8666666666666667,0,1,0
1231,0,175,26.9,86,1,0,1,1,3,31,0.9255405040175664,0.37864861735243305,161.0,73.0,103.6,111.26666666666667,46.8,31.9,36.739999999999995,36.66,44.0,71.0,53.2,55.8,2.0,2.0,1.6,1.9333333333333333,1,2,1
1232,0,144,26.4,55,0,0,1,0,1,32,0.9271838545667873,0.3746065934159122,175.0,58.0,120.8,114.4,26.9,28.2,36.38,35.72666666666667,86.0,33.0,57.6,54.0,3.0,0.0,1.8,1.9333333333333333,0,0,1
1233,0,154,20.9,35,1,1,0,0,2,33,0.9288095528719241,0.3705574375098364,144.0,69.0,137.8,115.6,26.4,49.5,30.659999999999997,34.480000000000004,55.0,37.0,57.2,50.46666666666667,1.0,1.0,2.0,2.0,0,1,0
1234,0,171,39.6,65,0,1,1,1,3,34,0.9304175679820246,0.3665012267242973,154.0,55.0,161.0,116.73333333333333,20.9,32.3,32.12,35.24,35.0,66.0,57.0,52.666666666666664,2.0,2.0,2.2,2.066666666666667,1,2,1
1235,0,121,31.1,38,0,0,0,1,1,35,0.9320078692827984,0.3624380382837017,171.0,161.0,153.0,115.53333333333333,39.6,46.8,28.98,34.080000000000005,65.0,44.0,55.8,50.06666666666667,3.0,2.0,2.0,1.9333333333333333,0,1,0
1236,0,57,45.9,80,1,1,0,0,2,36,0.9335804264972017,0.3583679495453004,121.0,175.0,129.4,115.0,31.1,26.9,32.779999999999994,35.50666666666667,38.0,86.0,54.6,52.46666666666667,1.0,3.0,1.8,1.8666666666666667,0,0,1
1237,0,194,34.2,31,1,0,1,1,3,37,0.9351352096860117,0.3542910379977158,57.0,144.0,139.4,123.53333333333333,45.9,26.4,34.34,35.58666666666667,80.0,55.0,49.8,52.46666666666667,2.0,1.0,2.2,1.8666666666666667,0,1,0
1238,0,63,49.0,67,1,1,0,0,2,38,0.9366721892483976,0.35020738125946765,194.0,154.0,121.2,116.06666666666666,34.2,20.9,39.96,35.63333333333333,31.0,35.0,56.2,54.8,3.0,2.0,2.2,1.9333333333333333,0,1,0
1239,0,73,25.6,63,0,1,1,0,2,39,0.9381913359224842,0.346117057077493,63.0,171.0,101.6,115.86666666666666,49.0,39.6,37.16,35.166666666666664,67.0,65.0,55.8,56.46666666666667,2.0,3.0,2.0,1.8,0,1,1
1240,0,103,46.1,47,0,1,1,0,2,40,0.9396926207859084,0.3420201433256686,73.0,121.0,98.0,111.4,25.6,31.1,40.160000000000004,35.626666666666665,63.0,38.0,57.6,54.53333333333333,2.0,1.0,2.2,1.8666666666666667,0,1,0
1241,0,113,43.3,37,1,0,0,1,2,41,0.9411760152563706,0.3379167180033269,103.0,57.0,109.2,114.06666666666666,46.1,45.9,39.64,36.38666666666667,47.0,80.0,49.0,52.266666666666666,2.0,2.0,2.2,1.8666666666666667,1,3,0
1242,0,144,43.1,50,1,1,0,0,2,42,0.9426414910921784,0.3338068592337709,113.0,194.0,99.2,119.8,43.3,34.2,41.42,37.379999999999995,37.0,31.0,52.8,53.4,2.0,3.0,2.0,2.0,0,1,0
1243,0,90,45.3,64,1,1,0,0,2,43,0.9440890203927842,0.3296906452627873,144.0,63.0,104.6,121.2,43.1,49.0,40.68,37.1,50.0,67.0,52.2,55.2,2.0,2.0,2.0,2.066666666666667,0,0,0
1244,0,146,42.8,53,0,0,1,0,1,44,0.9455185755993167,0.32556815445715676,90.0,73.0,119.2,127.26666666666667,45.3,25.6,44.12,37.8,64.0,63.0,50.2,54.333333333333336,2.0,2.0,1.8,2.0,1,2,0
1245,0,112,38.8,40,0,0,1,1,2,45,0.9469301294951056,0.3214394653031617,146.0,103.0,121.0,124.0,42.8,46.1,42.660000000000004,37.266666666666666,53.0,47.0,48.8,54.06666666666667,1.0,2.0,1.8,2.0,0,1,0
1246,0,170,23.9,86,1,0,0,0,1,46,0.9483236552061993,0.3173046564050923,112.0,113.0,132.4,123.66666666666667,38.8,43.3,38.779999999999994,37.06666666666667,40.0,37.0,58.6,54.06666666666667,2.0,2.0,1.6,1.8666666666666667,0,1,1
1247,0,175,21.0,34,0,1,0,0,1,47,0.949699126201877,0.31316380648374953,170.0,144.0,138.6,125.73333333333333,23.9,43.1,34.36,36.70666666666667,86.0,50.0,55.4,52.666666666666664,1.0,2.0,1.4,1.8666666666666667,1,2,0
1248,0,92,47.6,41,1,1,0,1,3,48,0.9510565162951535,0.30901699437494745,175.0,90.0,139.0,121.6,21.0,45.3,34.82,38.48666666666667,34.0,64.0,50.8,53.06666666666667,1.0,2.0,1.6,1.9333333333333333,1,2,0
1249,0,119,38.5,73,1,0,1,0,2,49,0.9523957996432784,0.3048642990280109,92.0,146.0,133.6,118.13333333333334,47.6,42.8,33.96,38.413333333333334,41.0,53.0,54.8,53.6,3.0,1.0,1.8,1.8666666666666667,0,0,1
1250,0,181,43.9,60,1,1,1,0,3,50,0.9537169507482269,0.3007057995042733,119.0,112.0,147.4,122.13333333333334,38.5,38.8,34.98,39.266666666666666,73.0,40.0,58.8,55.06666666666667,2.0,2.0,2.0,2.0,1,3,0
1251,0,112,34.4,36,1,0,1,1,3,51,0.9550199444571865,0.29654157497557115,181.0,170.0,135.8,125.8,43.9,23.9,37.08,38.5,60.0,86.0,48.8,52.13333333333333,3.0,1.0,2.4,2.066666666666667,0,1,0
1252,0,113,23.5,61,0,1,0,1,2,52,0.9563047559630354,0.29237170472273677,112.0,175.0,123.4,120.4,34.4,21.0,37.58,37.78666666666666,36.0,34.0,54.2,54.13333333333333,3.0,1.0,2.6,2.0,0,1,1
1253,0,102,23.8,65,0,1,0,1,2,53,0.9575713608048143,0.2881962681340896,113.0,92.0,125.4,123.0,23.5,47.6,32.82,36.10666666666666,61.0,41.0,59.0,54.0,2.0,3.0,2.4,2.0,0,1,1
1254,0,110,40.6,32,1,0,1,1,3,54,0.958819734868193,0.28401534470392253,102.0,119.0,123.6,125.46666666666667,23.8,38.5,33.239999999999995,37.10666666666667,65.0,73.0,50.8,51.93333333333333,2.0,2.0,2.6,2.066666666666667,1,2,0
1255,0,166,32.9,90,0,1,1,0,2,55,0.9600498543859287,0.27982901403099203,110.0,181.0,120.6,129.66666666666666,40.6,43.9,31.04,36.22666666666667,32.0,60.0,56.8,54.8,3.0,3.0,2.4,2.066666666666667,0,1,1
1256,0,160,26.0,34,1,1,1,1,4,56,0.9612616959383189,0.27563735581699916,166.0,112.0,130.2,132.8,32.9,34.4,29.359999999999996,35.07333333333334,90.0,36.0,56.4,54.6,2.0,3.0,2.6,2.2,0,1,0
1257,0,123,34.7,40,0,0,1,1,2,57,0.9624552364536473,0.2714404498650743,160.0,113.0,132.2,131.4,26.0,23.5,31.6,34.51333333333333,34.0,61.0,52.2,53.93333333333333,4.0,2.0,2.6,2.2,0,1,0
1258,0,117,21.9,38,0,1,1,0,2,58,0.9636304532086231,0.26723837607825673,123.0,102.0,135.2,133.2,34.7,23.8,31.220000000000006,32.95333333333333,40.0,65.0,46.8,52.2,2.0,2.0,2.6,2.2,0,1,0
1259,0,152,37.5,74,0,1,1,0,2,59,0.9647873238288129,0.26303121445797495,117.0,110.0,143.6,133.6,21.9,40.6,30.6,32.6,38.0,32.0,55.2,53.6,2.0,3.0,2.4,2.2666666666666666,1,2,1
1260,0,114,28.1,49,0,0,1,0,1,0,0.9659258262890683,0.25881904510252074,152.0,166.0,133.2,133.73333333333332,37.5,32.9,29.639999999999997,31.886666666666667,74.0,90.0,47.0,54.2,2.0,2.0,2.2,2.2,1,3,0
1261,0,112,43.9,66,0,1,1,1,3,1,0.9670459389139431,0.2546019482055276,114.0,160.0,123.6,129.86666666666667,28.1,26.0,33.22,33.22,49.0,34.0,53.4,52.86666666666667,1.0,4.0,2.0,2.3333333333333335,1,2,0
1262,0,149,29.3,44,0,0,0,1,1,2,0.9681476403781077,0.2503800040544415,112.0,123.0,128.8,128.13333333333333,43.9,34.7,32.14,33.77333333333333,66.0,40.0,54.2,53.53333333333333,3.0,2.0,1.8,2.3333333333333335,0,1,0
1263,0,170,33.7,40,0,1,0,0,1,3,0.9692309097067544,0.24615329302899316,149.0,117.0,139.4,133.33333333333334,29.3,21.9,34.5,32.846666666666664,44.0,38.0,54.6,53.46666666666667,1.0,2.0,1.6,2.2,1,2,0
1264,0,59,20.3,60,1,0,1,0,2,4,0.9702957262759965,0.2419218955996679,170.0,152.0,120.8,129.33333333333334,33.7,37.5,31.060000000000002,31.633333333333333,40.0,74.0,51.8,52.6,1.0,2.0,1.6,2.2,1,2,1
1265,0,182,22.2,70,1,0,0,1,2,5,0.9713420698132614,0.2376858923261731,59.0,114.0,134.4,129.4,20.3,28.1,29.880000000000003,30.186666666666667,60.0,49.0,56.0,53.266666666666666,2.0,1.0,1.8,2.1333333333333333,0,1,1
1266,0,146,31.8,73,0,0,1,1,2,6,0.9723699203976766,0.23344536385590567,182.0,112.0,141.2,131.66666666666666,22.2,43.9,27.46,30.013333333333332,70.0,66.0,57.4,55.733333333333334,2.0,3.0,1.6,2.066666666666667,0,1,1
1267,0,89,34.4,44,0,1,0,1,2,7,0.9733792584604485,0.22920039092241426,146.0,149.0,129.2,130.06666666666666,31.8,29.3,28.48,30.740000000000002,73.0,44.0,57.4,54.6,2.0,1.0,1.8,2.066666666666667,0,0,0
1268,0,137,38.0,63,1,0,0,1,2,8,0.9743700647852352,0.22495105434386492,89.0,170.0,122.6,132.4,34.4,33.7,29.339999999999996,31.686666666666664,44.0,40.0,62.0,54.46666666666667,2.0,1.0,2.0,2.066666666666667,1,2,1
1269,0,98,28.7,75,1,0,1,1,3,9,0.9753423205085128,0.22069743502150085,137.0,59.0,130.4,131.6,38.0,20.3,31.02,30.893333333333334,63.0,60.0,65.0,57.333333333333336,2.0,2.0,2.2,2.066666666666667,1,3,1
1270,0,162,40.8,54,1,0,1,1,3,10,0.9762960071199334,0.2164396139381029,98.0,182.0,126.4,131.33333333333334,28.7,22.2,34.739999999999995,31.419999999999998,75.0,70.0,61.8,54.93333333333333,3.0,2.0,2.4,2.1333333333333333,0,1,0
1271,0,188,45.8,55,0,1,0,1,2,11,0.9772311064626789,0.21217767215644634,162.0,146.0,134.8,133.2,40.8,31.8,37.54,32.739999999999995,54.0,73.0,58.2,56.333333333333336,3.0,2.0,2.4,2.0,1,2,0
1272,0,75,43.4,42,1,0,0,0,1,12,0.9781476007338056,0.20791169081775945,188.0,89.0,132.0,130.0,45.8,34.4,39.339999999999996,33.32,55.0,44.0,57.8,56.46666666666667,2.0,2.0,2.2,1.9333333333333333,0,1,0
1273,0,99,21.2,55,0,1,1,0,2,13,0.9790454724845838,0.20364175114017743,75.0,137.0,124.4,128.8,43.4,38.0,35.980000000000004,33.27333333333333,42.0,63.0,56.2,57.6,1.0,2.0,2.2,1.9333333333333333,1,3,1
1274,0,155,34.4,86,1,1,1,1,4,14,0.9799247046208296,0.1993679344171972,99.0,98.0,135.8,129.0,21.2,28.7,37.120000000000005,33.06666666666667,55.0,75.0,58.4,58.4,2.0,3.0,2.4,2.066666666666667,0,1,1
1275,0,126,23.1,32,1,0,1,1,3,15,0.9807852804032304,0.19509032201612833,155.0,162.0,128.6,129.8,34.4,40.8,33.58,32.733333333333334,86.0,54.0,54.0,57.266666666666666,4.0,3.0,2.4,2.2,0,0,0
1276,0,101,27.3,69,1,1,0,0,2,16,0.981627183447664,0.1908089953765447,126.0,188.0,111.2,129.06666666666666,23.1,45.8,29.880000000000003,31.62666666666667,32.0,55.0,56.8,57.46666666666667,3.0,2.0,2.4,2.1333333333333333,1,2,1
1277,0,122,49.6,70,1,0,0,1,2,17,0.9824503977255097,0.1865240360087348,101.0,75.0,120.6,127.26666666666667,27.3,43.4,31.119999999999997,32.98,69.0,42.0,62.4,59.2,2.0,1.0,2.6,2.2,0,1,0
1278,0,101,24.3,87,0,1,0,1,2,18,0.9832549075639545,0.18223552549214767,122.0,99.0,121.0,122.66666666666667,49.6,21.2,31.740000000000002,32.35333333333333,70.0,55.0,68.8,62.333333333333336,2.0,2.0,2.6,2.2666666666666666,0,1,1
1279,0,186,35.0,35,1,1,1,0,3,19,0.9840406976462908,0.177943545473842,101.0,155.0,127.2,131.13333333333333,24.3,34.4,31.860000000000003,33.333333333333336,87.0,86.0,58.6,60.666666666666664,2.0,4.0,2.4,2.3333333333333335,0,1,0
1280,0,86,38.5,31,0,0,0,0,0,20,0.984807753012208,0.17364817766693041,186.0,126.0,119.2,124.73333333333333,35.0,23.1,34.94,34.419999999999995,35.0,32.0,58.4,58.06666666666667,3.0,3.0,1.8,2.2,1,2,0
1281,0,144,41.1,74,0,0,0,1,1,21,0.9855560590580777,0.16934950384902475,86.0,101.0,127.8,124.6,38.5,27.3,37.7,35.04,31.0,69.0,59.4,58.13333333333333,0.0,2.0,1.6,2.1333333333333333,0,1,1
1282,0,101,36.8,48,1,0,0,0,1,22,0.9862856015372313,0.16504760586067782,144.0,122.0,123.6,125.4,41.1,49.6,35.14,35.2,74.0,70.0,55.0,58.4,1.0,2.0,1.4,2.066666666666667,0,1,0
1283,0,54,20.3,42,0,1,1,1,3,23,0.9869963665602319,0.1607425656038261,101.0,101.0,114.2,119.86666666666666,36.8,24.3,34.339999999999996,34.02,48.0,87.0,46.0,57.0,1.0,2.0,1.6,2.1333333333333333,1,2,0
1284,0,131,29.8,37,1,0,0,0,1,24,0.9876883405951378,0.15643446504023092,54.0,186.0,103.2,122.06666666666666,20.3,35.0,33.3,34.093333333333334,42.0,35.0,46.4,54.46666666666667,3.0,3.0,1.2,2.0,0,1,0
1285,0,74,35.5,76,0,0,0,1,1,25,0.9883615104677607,0.1521233861899168,131.0,86.0,100.8,116.2,29.8,38.5,32.7,33.74,37.0,31.0,55.4,55.93333333333333,1.0,0.0,1.4,1.8666666666666667,1,3,1
1286,0,144,22.6,35,1,0,1,1,3,26,0.9890158633619168,0.14780941112961055,74.0,144.0,100.8,113.26666666666667,35.5,41.1,29.0,32.193333333333335,76.0,74.0,47.6,54.6,1.0,1.0,1.8,1.9333333333333333,0,1,0
1287,0,108,30.5,42,1,1,0,1,3,27,0.9896513868196702,0.1434926219911793,144.0,101.0,102.2,115.46666666666667,22.6,36.8,27.740000000000002,31.333333333333332,35.0,48.0,46.4,54.6,3.0,1.0,2.2,2.066666666666667,1,2,0
1288,0,105,21.0,68,0,1,1,1,3,28,0.9902680687415704,0.13917310096006547,108.0,54.0,112.4,115.86666666666666,30.5,20.3,27.880000000000003,31.32,42.0,42.0,51.6,55.46666666666667,3.0,3.0,2.2,2.1333333333333333,0,1,1
1289,0,176,22.4,43,1,1,1,0,3,29,0.9908658973868822,0.13485093027372286,105.0,131.0,121.4,117.26666666666667,21.0,29.8,26.4,30.52,68.0,37.0,52.8,52.6,3.0,1.0,2.6,2.066666666666667,1,2,0
1290,0,142,31.9,83,0,1,1,1,3,30,0.9914448613738104,0.1305261922200517,176.0,74.0,135.0,118.33333333333333,22.4,35.5,25.68,31.106666666666666,43.0,76.0,54.2,56.0,3.0,1.0,3.0,2.066666666666667,1,3,1
1291,0,120,24.0,30,1,0,0,0,1,31,0.992004949679715,0.12619896913582995,142.0,144.0,130.2,119.6,31.9,22.6,25.96,30.886666666666663,83.0,35.0,53.2,53.4,3.0,3.0,2.6,2.0,1,2,0
1292,0,135,37.0,65,0,0,1,1,2,32,0.992546151641322,0.12186934340514771,120.0,108.0,135.6,120.46666666666667,24.0,30.5,27.26,30.046666666666667,30.0,42.0,57.8,53.06666666666667,1.0,3.0,2.4,2.0,1,2,1
1293,0,76,40.7,45,0,1,1,0,2,33,0.9930684569549263,0.1175373974578377,135.0,105.0,129.8,118.8,37.0,21.0,31.2,31.14,65.0,68.0,53.2,50.266666666666666,2.0,3.0,2.2,2.0,1,2,0
1294,0,126,44.0,73,0,0,1,0,1,34,0.9935718556765875,0.11320321376790683,76.0,176.0,119.8,114.8,40.7,22.4,35.519999999999996,31.740000000000002,45.0,43.0,59.2,52.8,2.0,3.0,1.8,1.8666666666666667,0,1,1
1295,0,132,26.0,84,0,1,0,1,2,35,0.9940563382223196,0.10886687485196474,126.0,142.0,117.8,117.86666666666666,44.0,31.9,34.339999999999996,30.90666666666667,73.0,83.0,59.4,56.333333333333336,1.0,3.0,1.6,2.0,1,3,1
1296,0,124,25.0,58,1,0,0,0,1,36,0.9945218953682733,0.10452846326765346,132.0,120.0,118.6,116.53333333333333,26.0,24.0,34.54,29.833333333333332,84.0,30.0,65.0,55.266666666666666,2.0,1.0,1.6,2.0,1,2,1
1297,0,99,23.1,52,0,0,1,0,1,37,0.9949685182509117,0.10018806161207632,124.0,135.0,111.4,116.4,25.0,37.0,31.76,28.92,58.0,65.0,62.4,55.53333333333333,1.0,2.0,1.4,2.0,1,2,1
1298,0,125,39.1,69,0,0,1,0,1,38,0.9953961983671787,0.09584575252022429,99.0,76.0,121.2,121.13333333333334,23.1,40.7,31.440000000000005,30.173333333333336,52.0,45.0,67.2,57.333333333333336,1.0,2.0,1.2,1.8666666666666667,1,3,1
1299,0,119,41.2,49,0,0,0,0,0,39,0.9958049275746618,0.0915016186634023,125.0,126.0,119.8,120.33333333333333,39.1,44.0,30.880000000000003,30.933333333333334,69.0,73.0,62.4,58.13333333333333,1.0,1.0,1.0,1.8,1,3,0
1300,0,71,20.9,80,1,1,0,0,2,40,0.9961946980917455,0.08715574274765814,119.0,132.0,107.6,120.13333333333334,41.2,26.0,29.860000000000003,29.959999999999997,49.0,84.0,61.6,58.4,0.0,2.0,1.0,1.8666666666666667,0,1,1
1301,0,119,48.1,73,0,0,1,0,1,41,0.9965655024977614,0.08280820751220436,71.0,124.0,106.6,118.46666666666667,20.9,25.0,34.480000000000004,31.66,80.0,58.0,64.6,60.93333333333333,2.0,1.0,1.0,1.7333333333333334,1,2,1
1302,0,182,21.6,63,1,1,1,1,4,42,0.996917333733128,0.07845909572784478,119.0,99.0,123.2,123.4,48.1,23.1,34.18000000000001,31.066666666666666,73.0,52.0,66.8,62.333333333333336,1.0,1.0,1.6,1.8,1,2,1
1303,0,200,36.2,89,0,0,1,1,2,43,0.9972501850994857,0.07410849019539913,182.0,125.0,138.2,129.73333333333332,21.6,39.1,33.6,32.08,63.0,69.0,70.8,63.733333333333334,4.0,1.0,1.8,1.7333333333333334,1,2,1
1304,0,168,41.3,90,1,0,1,0,2,44,0.9975640502598242,0.06975647374412546,200.0,119.0,148.0,129.2,36.2,41.2,33.620000000000005,33.34,89.0,49.0,79.0,66.86666666666666,2.0,0.0,2.2,1.6666666666666667,1,2,1
1305,0,146,46.1,68,1,1,1,1,4,45,0.9978589232386035,0.06540312923014327,168.0,71.0,163.0,129.46666666666667,41.3,20.9,38.660000000000004,34.28666666666667,90.0,80.0,76.6,65.86666666666666,2.0,2.0,2.6,1.7333333333333334,0,1,0
1306,0,198,41.4,77,0,0,1,1,2,46,0.9981347984218669,0.06104853953485691,146.0,119.0,178.8,134.66666666666666,46.1,48.1,37.32000000000001,35.44666666666667,68.0,73.0,77.4,69.0,4.0,1.0,2.8,1.8,1,2,1
1307,0,191,44.1,85,1,1,1,0,3,47,0.9983916705573488,0.05669278756337759,198.0,182.0,180.6,138.4,41.4,21.6,41.82,35.92,77.0,63.0,81.8,70.33333333333333,2.0,4.0,2.6,1.8666666666666667,0,1,1
1308,0,158,30.2,59,0,1,1,1,3,48,0.9986295347545738,0.052335956242943966,191.0,200.0,172.2,143.86666666666667,44.1,36.2,40.62,35.22,85.0,89.0,75.8,71.26666666666667,3.0,2.0,2.8,1.9333333333333333,0,0,1
1309,0,114,44.4,69,1,1,1,1,4,49,0.9988483864849507,0.04797812852134391,158.0,168.0,161.4,143.06666666666666,30.2,41.3,41.24,35.24666666666667,59.0,90.0,71.6,71.0,3.0,2.0,3.2,2.1333333333333333,1,3,1
1310,0,138,22.4,44,1,1,0,1,3,50,0.9990482215818578,0.04361938736533601,114.0,146.0,159.8,143.46666666666667,44.4,46.1,36.5,35.00666666666667,69.0,68.0,66.8,68.33333333333333,4.0,4.0,3.0,2.2,1,2,0
1311,0,179,46.8,72,0,0,0,0,0,51,0.9992290362407229,0.03925981575906889,138.0,198.0,156.0,147.13333333333333,22.4,41.4,37.58,36.46,44.0,77.0,65.8,69.26666666666667,3.0,2.0,2.6,2.1333333333333333,0,1,1
1312,0,123,36.4,58,1,0,0,0,1,52,0.9993908270190958,0.03489949670250086,179.0,191.0,142.4,148.73333333333332,46.8,44.1,36.04,37.346666666666664,72.0,85.0,60.4,69.66666666666667,0.0,3.0,2.2,2.1333333333333333,1,2,0
1313,0,150,44.5,39,0,0,0,0,0,53,0.9995335908367129,0.03053851320982282,123.0,158.0,140.8,150.4,36.4,30.2,38.9,37.70666666666667,58.0,59.0,56.4,67.66666666666667,1.0,3.0,1.6,2.066666666666667,0,1,0
1314,0,99,33.6,86,0,1,0,0,1,54,0.9996573249755573,0.02617694830787314,150.0,114.0,137.8,149.06666666666666,44.5,44.4,36.739999999999995,37.2,39.0,69.0,59.8,70.13333333333334,0.0,4.0,1.0,2.1333333333333333,1,2,1
1315,0,169,39.3,63,0,0,0,1,1,55,0.9997620270799091,0.021814885034560937,99.0,138.0,144.0,155.6,33.6,22.4,40.12,38.42666666666666,86.0,44.0,63.6,69.0,1.0,3.0,0.6,2.066666666666667,0,1,1
1316,0,125,35.8,39,1,1,0,1,3,56,0.9998476951563913,0.017452406437283376,169.0,179.0,133.2,156.0,39.3,46.8,37.92,37.60666666666667,63.0,72.0,57.0,66.73333333333333,1.0,0.0,1.2,2.2,1,3,0
1317,0,111,41.9,72,1,0,1,1,3,57,0.999914327574007,0.013089595571344575,125.0,123.0,130.8,151.26666666666668,35.8,36.4,39.019999999999996,38.96,39.0,58.0,59.8,67.33333333333333,3.0,1.0,1.6,2.1333333333333333,0,0,1
1318,0,153,22.4,41,0,1,1,1,3,58,0.9999619230641713,0.008726535498374119,111.0,150.0,131.4,148.13333333333333,41.9,44.5,34.6,38.04,72.0,39.0,60.2,64.13333333333334,3.0,0.0,2.2,2.2,1,2,0
1319,0,153,21.8,64,1,0,1,0,2,59,0.9999904807207345,0.004363309284746582,153.0,99.0,142.2,147.13333333333333,22.4,33.6,32.239999999999995,36.74,41.0,86.0,55.8,62.4,3.0,1.0,2.4,2.2,0,1,1
1320,0,174,27.4,41,0,0,0,1,1,0,1.0,6.123233995736766e-17,153.0,169.0,143.2,149.0,21.8,39.3,29.859999999999996,35.49333333333333,64.0,63.0,51.4,60.6,2.0,1.0,2.4,2.0,0,1,0
1321,0,199,24.8,87,0,1,1,1,3,1,0.9999904807207345,-0.00436330928474646,174.0,125.0,158.0,149.06666666666666,27.4,35.8,27.660000000000004,34.38666666666666,41.0,39.0,61.0,61.266666666666666,1.0,3.0,2.4,2.066666666666667,1,3,1
1322,0,169,46.2,31,1,0,0,0,1,2,0.9999619230641713,-0.008726535498373997,199.0,111.0,169.6,147.6,24.8,41.9,28.52,34.526666666666664,87.0,72.0,52.8,57.666666666666664,3.0,3.0,2.0,1.9333333333333333,0,1,0
1323,0,119,26.6,54,0,1,0,1,2,3,0.999914327574007,-0.013089595571344452,169.0,153.0,162.8,145.0,46.2,22.4,29.360000000000003,34.28666666666666,31.0,41.0,55.4,57.333333333333336,1.0,3.0,1.8,1.8666666666666667,0,0,1
1324,0,121,49.3,62,1,0,1,1,3,4,0.9998476951563913,-0.017452406437283255,119.0,153.0,156.4,145.46666666666667,26.6,21.8,34.86,34.61333333333334,54.0,64.0,55.0,56.86666666666667,2.0,2.0,2.0,1.8,1,2,0
1325,0,80,30.1,33,1,1,1,1,4,5,0.9997620270799091,-0.02181488503456081,121.0,174.0,137.6,141.6,49.3,27.4,35.4,35.126666666666665,62.0,41.0,53.4,56.13333333333333,3.0,1.0,2.6,1.8666666666666667,1,2,0
1326,0,148,25.5,81,0,0,0,1,1,6,0.9996573249755573,-0.026176948307873017,80.0,199.0,127.4,139.53333333333333,30.1,24.8,35.540000000000006,33.70666666666667,33.0,87.0,52.2,56.733333333333334,4.0,3.0,2.2,1.9333333333333333,0,0,1
1327,0,59,43.7,65,0,1,1,0,2,7,0.999533590836713,-0.030538513209822475,148.0,169.0,105.4,135.26666666666668,25.5,46.2,35.04,34.193333333333335,81.0,31.0,59.0,57.2,1.0,1.0,2.4,2.0,1,3,0
1328,0,169,39.8,35,1,0,0,1,2,8,0.9993908270190958,-0.03489949670250118,59.0,119.0,115.4,136.53333333333333,43.7,26.6,37.68,33.88,65.0,54.0,55.2,56.93333333333333,2.0,2.0,2.4,2.1333333333333333,0,1,0
1329,0,71,34.9,70,1,0,0,0,1,9,0.9992290362407229,-0.03925981575906877,169.0,121.0,105.4,134.66666666666666,39.8,49.3,34.8,33.96666666666667,35.0,62.0,56.8,55.86666666666667,2.0,3.0,2.0,2.1333333333333333,1,2,1
1330,0,196,36.7,72,0,0,0,0,0,10,0.9990482215818578,-0.04361938736533589,71.0,80.0,128.6,136.46666666666667,34.9,30.1,36.12,33.79333333333333,70.0,33.0,64.6,56.46666666666667,1.0,4.0,1.2,2.066666666666667,1,2,1
1331,0,89,41.6,38,1,0,1,0,2,11,0.9988483864849507,-0.04797812852134379,196.0,148.0,116.8,134.06666666666666,36.7,25.5,39.339999999999996,34.17999999999999,72.0,81.0,56.0,56.4,0.0,1.0,1.4,2.0,1,2,0
1332,0,149,26.9,90,0,1,1,0,2,12,0.9986295347545738,-0.05233595624294384,89.0,59.0,134.8,136.6,41.6,43.7,35.980000000000004,33.18,38.0,65.0,61.0,57.6,2.0,2.0,1.4,1.9333333333333333,0,1,1
1333,0,192,49.9,59,1,0,1,0,2,13,0.9983916705573488,-0.05669278756337747,149.0,169.0,139.4,139.2,26.9,39.8,38.0,35.013333333333335,90.0,35.0,65.8,58.8,2.0,2.0,1.4,1.8666666666666667,0,1,0
1334,0,128,49.2,88,0,0,1,1,2,14,0.998134798421867,-0.06104853953485678,192.0,71.0,150.8,137.53333333333333,49.9,34.9,40.86,36.84,59.0,70.0,69.4,60.4,2.0,1.0,1.6,1.8666666666666667,0,1,1
1335,0,75,39.5,72,1,0,1,1,3,15,0.9978589232386035,-0.06540312923014314,128.0,196.0,126.6,130.93333333333334,49.2,36.7,41.42,37.64666666666667,88.0,72.0,69.4,62.46666666666667,2.0,0.0,2.2,2.0,1,3,1
1336,0,74,26.0,72,1,0,0,0,1,16,0.9975640502598242,-0.06975647374412533,75.0,89.0,123.6,122.6,39.5,41.6,38.3,37.72666666666667,72.0,38.0,76.2,61.46666666666667,3.0,2.0,2.0,1.8666666666666667,0,1,1
1337,0,63,40.4,58,0,1,0,1,2,17,0.9972501850994857,-0.074108490195399,74.0,149.0,106.4,115.53333333333333,26.0,26.9,41.0,37.34,72.0,90.0,69.8,63.266666666666666,1.0,2.0,2.0,1.9333333333333333,0,0,0
1338,0,177,22.2,40,0,1,1,1,3,18,0.996917333733128,-0.07845909572784467,63.0,192.0,103.4,119.4,40.4,49.9,35.459999999999994,37.04666666666667,58.0,59.0,66.0,62.333333333333336,2.0,2.0,2.2,2.0,1,2,0
1339,0,121,20.9,44,0,1,1,1,3,19,0.9965655024977614,-0.08280820751220423,177.0,128.0,102.0,119.4,22.2,49.2,29.8,35.15333333333333,40.0,88.0,57.2,61.13333333333333,3.0,2.0,2.4,2.0,1,2,0
1340,0,136,27.7,88,0,1,1,0,2,20,0.9961946980917455,-0.08715574274765801,121.0,75.0,114.2,123.13333333333334,20.9,39.5,27.439999999999998,34.99333333333333,44.0,72.0,60.4,64.8,3.0,3.0,2.2,1.8666666666666667,0,1,1
1341,0,82,33.9,47,1,0,1,0,2,21,0.9958049275746618,-0.09150161866340217,136.0,74.0,115.8,118.73333333333333,27.7,26.0,29.02,35.55333333333333,88.0,72.0,55.4,62.53333333333333,2.0,1.0,2.4,1.9333333333333333,1,3,0
1342,0,69,46.0,39,1,1,1,0,3,22,0.9953961983671789,-0.09584575252022395,82.0,63.0,117.0,119.4,33.9,40.4,30.139999999999997,35.70666666666667,47.0,58.0,51.6,60.8,2.0,2.0,2.6,2.0,1,2,0
1343,0,139,41.8,76,0,1,1,0,2,23,0.9949685182509117,-0.1001880616120762,69.0,177.0,109.4,117.4,46.0,22.2,34.06,35.84,39.0,40.0,58.8,63.53333333333333,3.0,3.0,2.4,2.0,0,0,1
1344,0,122,42.3,85,1,1,1,1,4,24,0.9945218953682734,-0.10452846326765333,139.0,121.0,109.6,120.8,41.8,20.9,38.339999999999996,36.333333333333336,76.0,44.0,67.0,64.53333333333333,2.0,3.0,2.6,2.2,1,3,1
1345,0,86,32.8,50,0,1,1,0,2,25,0.9940563382223196,-0.10886687485196461,122.0,136.0,99.6,113.46666666666667,42.3,27.7,39.36,36.07333333333334,85.0,88.0,59.4,63.06666666666667,4.0,2.0,2.6,2.3333333333333335,1,2,0
1346,0,55,30.4,83,1,1,0,1,3,26,0.9935718556765875,-0.11320321376790671,86.0,82.0,94.2,111.2,32.8,33.9,38.660000000000004,35.32666666666667,50.0,47.0,66.6,66.06666666666666,2.0,2.0,2.8,2.4,0,1,1
1347,0,138,31.1,55,0,1,0,1,2,27,0.9930684569549263,-0.11753739745783758,55.0,69.0,108.0,110.46666666666667,30.4,46.0,35.68,35.60666666666667,83.0,39.0,69.8,63.733333333333334,3.0,3.0,2.6,2.4,1,2,1
1348,0,159,49.6,35,1,1,0,1,3,28,0.992546151641322,-0.12186934340514759,138.0,139.0,112.0,108.26666666666667,31.1,41.8,37.239999999999995,35.586666666666666,55.0,76.0,61.6,62.13333333333333,2.0,2.0,2.8,2.466666666666667,0,0,0
1349,0,152,21.2,89,0,1,1,1,3,29,0.992004949679715,-0.1261989691358298,159.0,122.0,118.0,109.86666666666666,49.6,42.3,33.019999999999996,33.72,35.0,85.0,62.4,62.2,3.0,4.0,2.6,2.533333333333333,1,2,1
1350,0,169,46.0,87,1,0,1,1,3,30,0.9914448613738104,-0.1305261922200516,152.0,86.0,134.6,116.13333333333334,21.2,32.8,35.660000000000004,34.15333333333333,89.0,50.0,69.8,63.2,3.0,2.0,2.8,2.533333333333333,0,1,1
1351,0,100,37.4,46,0,1,0,0,1,31,0.9908658973868824,-0.13485093027372275,169.0,55.0,143.6,117.86666666666666,46.0,30.4,37.06,34.91333333333333,87.0,83.0,62.4,61.46666666666667,3.0,3.0,2.4,2.533333333333333,1,2,0
1352,0,58,33.2,58,0,1,0,0,1,32,0.9902680687415704,-0.13917310096006535,100.0,138.0,127.6,117.53333333333333,37.4,31.1,37.480000000000004,34.43333333333333,46.0,55.0,63.0,61.46666666666667,1.0,2.0,2.2,2.466666666666667,0,1,1
1353,0,147,41.8,34,0,1,1,0,2,33,0.9896513868196702,-0.14349262199117918,58.0,159.0,125.2,115.53333333333333,33.2,49.6,35.92,35.74,58.0,35.0,62.8,61.06666666666667,1.0,3.0,2.0,2.4,1,2,0
1354,0,81,34.6,68,0,0,0,1,1,34,0.9890158633619168,-0.14780941112961044,147.0,152.0,111.0,112.86666666666666,41.8,21.2,38.6,36.653333333333336,34.0,89.0,58.6,62.666666666666664,2.0,3.0,1.6,2.2666666666666666,1,2,1
1355,0,100,46.2,57,0,1,0,0,1,35,0.9883615104677607,-0.1521233861899167,81.0,169.0,97.2,110.46666666666667,34.6,46.0,38.64,37.88666666666666,68.0,87.0,52.6,60.6,1.0,3.0,1.2,2.2,0,0,0
1356,0,169,47.0,82,1,0,0,1,2,36,0.9876883405951378,-0.1564344650402308,100.0,100.0,111.0,116.26666666666667,46.2,37.4,40.56,38.76,57.0,46.0,59.8,62.93333333333333,1.0,1.0,1.4,2.2,1,3,1
1357,0,54,32.7,50,1,0,1,0,2,37,0.9869963665602319,-0.160742565603826,169.0,58.0,110.2,115.26666666666667,47.0,33.2,40.46,37.873333333333335,82.0,58.0,58.2,63.666666666666664,2.0,1.0,1.6,2.1333333333333333,1,2,0
1358,0,101,28.3,63,1,0,1,1,3,38,0.9862856015372314,-0.16504760586067727,54.0,147.0,101.0,112.73333333333333,32.7,41.8,37.760000000000005,36.97333333333333,50.0,34.0,64.0,62.8,2.0,2.0,1.8,2.2,0,1,1
1359,0,189,37.8,80,0,0,1,1,2,39,0.9855560590580777,-0.1693495038490246,101.0,81.0,122.6,117.2,28.3,34.6,38.4,36.67333333333333,63.0,68.0,66.4,62.46666666666667,3.0,1.0,2.0,2.066666666666667,1,2,1
1360,0,135,47.4,45,0,0,1,1,2,40,0.984807753012208,-0.1736481776669303,189.0,100.0,129.6,120.46666666666667,37.8,46.2,38.64,37.64666666666667,80.0,57.0,64.0,62.13333333333333,2.0,1.0,2.2,2.066666666666667,0,1,0
1361,0,60,26.3,80,1,0,0,0,1,41,0.9840406976462909,-0.1779435454738419,135.0,169.0,107.8,120.8,47.4,47.0,34.5,37.37333333333333,45.0,82.0,63.6,61.93333333333333,2.0,2.0,2.0,1.9333333333333333,0,1,1
1362,0,148,38.7,82,1,1,1,1,4,42,0.9832549075639546,-0.18223552549214753,60.0,54.0,126.6,121.46666666666667,26.3,32.7,35.7,37.88,80.0,50.0,70.0,63.733333333333334,1.0,2.0,2.4,2.066666666666667,0,1,1
1363,0,82,38.9,39,1,1,1,0,3,43,0.9824503977255097,-0.18652403600873466,148.0,101.0,122.8,116.33333333333333,38.7,28.3,37.82,37.166666666666664,82.0,63.0,65.2,64.0,4.0,3.0,2.4,2.066666666666667,0,1,0
1364,0,180,42.0,66,1,1,1,0,3,44,0.981627183447664,-0.19080899537654458,82.0,189.0,121.0,118.2,38.9,37.8,38.660000000000004,38.55333333333333,39.0,80.0,62.4,62.46666666666667,3.0,2.0,2.6,2.066666666666667,0,1,1
1365,0,60,23.9,45,0,0,0,1,1,45,0.9807852804032304,-0.1950903220161282,180.0,135.0,106.0,110.93333333333334,42.0,47.4,33.96,37.08,66.0,45.0,62.4,59.666666666666664,3.0,2.0,2.4,1.9333333333333333,0,0,0
1366,0,110,41.5,64,1,1,1,0,3,46,0.9799247046208296,-0.19936793441719708,60.0,60.0,116.0,111.6,23.9,26.3,37.0,37.35333333333333,45.0,80.0,59.2,60.86666666666667,1.0,1.0,2.8,2.066666666666667,1,2,0
1367,0,64,47.3,48,0,0,1,1,2,47,0.9790454724845838,-0.20364175114017732,110.0,148.0,99.2,112.0,41.5,38.7,38.720000000000006,38.29333333333333,64.0,82.0,52.4,60.2,3.0,4.0,2.4,2.1333333333333333,1,2,0
1368,0,191,25.4,36,0,0,1,1,2,48,0.9781476007338057,-0.20791169081775934,64.0,82.0,121.0,114.93333333333334,47.3,38.9,36.019999999999996,37.2,48.0,39.0,51.8,60.333333333333336,2.0,3.0,2.2,2.1333333333333333,1,2,0
1369,0,98,27.1,30,1,0,1,1,3,49,0.9772311064626789,-0.21217767215644623,191.0,180.0,104.6,116.06666666666666,25.4,42.0,33.04,36.7,36.0,66.0,44.6,57.8,2.0,3.0,2.2,2.2666666666666666,0,1,0
1370,0,90,49.1,43,0,1,1,0,2,50,0.9762960071199334,-0.2164396139381028,98.0,60.0,110.6,115.4,27.1,23.9,38.08,36.89333333333333,30.0,45.0,44.2,56.86666666666667,3.0,1.0,2.4,2.3333333333333335,0,1,0
1371,0,178,25.4,62,1,0,0,1,2,51,0.9753423205085128,-0.22069743502150074,90.0,110.0,124.2,116.0,49.1,41.5,34.86,35.45333333333333,43.0,64.0,43.8,55.53333333333333,2.0,3.0,2.2,2.3333333333333335,1,2,1
1372,0,87,45.6,85,1,0,1,1,3,52,0.9743700647852352,-0.22495105434386503,178.0,64.0,128.8,118.2,25.4,47.3,34.519999999999996,36.31333333333334,62.0,48.0,51.2,57.86666666666667,2.0,2.0,2.4,2.4,0,1,1
1373,0,121,34.8,76,0,0,1,1,2,53,0.9733792584604485,-0.22920039092241393,87.0,191.0,114.8,119.53333333333333,45.6,25.4,36.4,36.74666666666667,85.0,36.0,59.2,58.733333333333334,3.0,2.0,2.4,2.3333333333333335,0,1,1
1374,0,129,27.4,34,0,1,1,0,2,54,0.9723699203976766,-0.23344536385590556,121.0,98.0,121.0,115.53333333333333,34.8,27.1,36.46,36.05333333333333,76.0,30.0,60.0,55.666666666666664,2.0,3.0,2.2,2.3333333333333335,0,1,0
1375,0,176,46.1,52,1,0,1,0,2,55,0.9713420698132614,-0.23768589232617318,129.0,90.0,138.2,118.26666666666667,27.4,49.1,35.86,35.96666666666667,34.0,43.0,61.8,56.13333333333333,2.0,2.0,2.2,2.3333333333333335,0,1,0
1376,0,90,33.4,80,0,0,1,1,2,56,0.9702957262759965,-0.24192189559966779,176.0,178.0,120.6,120.26666666666667,46.1,25.4,37.46,36.440000000000005,52.0,62.0,65.4,56.13333333333333,2.0,2.0,2.2,2.4,1,2,1
1377,0,108,35.4,56,0,0,0,0,0,57,0.9692309097067544,-0.24615329302899283,90.0,87.0,124.8,117.6,33.4,45.6,35.42,36.22,80.0,85.0,59.6,54.4,2.0,3.0,1.6,2.1333333333333333,0,0,0
1378,0,107,30.8,49,0,1,1,0,2,58,0.9681476403781077,-0.2503800040544414,108.0,121.0,122.0,119.26666666666667,35.4,34.8,34.62,35.68,56.0,76.0,54.2,55.06666666666667,0.0,2.0,1.6,2.066666666666667,1,3,0
1379,0,56,37.8,57,0,1,0,0,1,59,0.9670459389139432,-0.2546019482055275,107.0,129.0,107.4,111.0,30.8,27.4,36.7,35.4,49.0,34.0,58.8,54.46666666666667,2.0,2.0,1.4,1.9333333333333333,1,2,0
1380,0,103,24.9,33,0,1,0,0,1,0,0.9659258262890683,-0.25881904510252063,56.0,176.0,92.8,113.86666666666666,37.8,46.1,32.459999999999994,35.46666666666667,57.0,52.0,55.0,53.666666666666664,1.0,2.0,1.2,1.9333333333333333,1,3,0
1381,0,60,31.7,69,0,1,1,0,2,1,0.9647873238288129,-0.26303121445797484,103.0,90.0,86.8,110.53333333333333,24.9,33.4,32.12,34.813333333333325,33.0,80.0,52.8,54.0,1.0,2.0,1.2,1.8666666666666667,1,2,1
1382,0,154,49.1,39,1,1,1,0,3,2,0.963630453208623,-0.26723837607825685,60.0,108.0,96.0,116.53333333333333,31.7,35.4,34.86,34.93333333333333,69.0,56.0,49.4,53.4,2.0,0.0,1.8,1.9333333333333333,1,2,0
1383,0,175,27.7,88,1,0,0,0,1,3,0.9624552364536473,-0.2714404498650742,154.0,107.0,109.6,115.46666666666667,49.1,30.8,34.239999999999995,35.086666666666666,39.0,49.0,57.2,56.86666666666667,3.0,2.0,1.6,1.8666666666666667,0,0,1
1384,0,83,39.7,81,0,1,0,1,2,4,0.961261695938319,-0.27563735581699883,175.0,56.0,115.0,114.46666666666667,27.7,37.8,34.62,35.92666666666666,88.0,57.0,62.0,60.266666666666666,1.0,1.0,1.8,1.8,0,1,1
1385,0,189,29.8,78,0,0,1,1,2,5,0.9600498543859287,-0.2798290140309919,83.0,103.0,132.2,121.06666666666666,39.7,24.9,35.60000000000001,34.64,81.0,33.0,71.0,62.6,2.0,1.0,2.0,1.8,1,2,1
1386,0,200,43.2,68,0,1,0,0,1,6,0.9588197348681932,-0.2840153447039224,189.0,60.0,160.2,122.53333333333333,29.8,31.7,37.9,35.826666666666675,78.0,69.0,70.8,63.0,2.0,2.0,1.8,1.7333333333333334,0,1,1
1387,0,178,23.9,54,0,0,0,1,1,7,0.9575713608048145,-0.28819626813408905,200.0,154.0,165.0,128.6,43.2,49.1,32.86,34.38,68.0,39.0,73.8,60.93333333333333,1.0,3.0,1.4,1.6,1,3,1
1388,0,127,49.1,30,0,1,0,1,2,8,0.9563047559630354,-0.2923717047227368,178.0,175.0,155.4,129.0,23.9,27.7,37.14,35.333333333333336,54.0,88.0,62.2,57.86666666666667,1.0,1.0,1.6,1.6,0,1,0
1389,0,177,33.6,32,0,1,0,1,2,9,0.9550199444571866,-0.29654157497557104,127.0,83.0,174.2,132.2,49.1,39.7,35.92,35.74666666666667,30.0,81.0,52.4,57.733333333333334,2.0,2.0,1.6,1.6,0,1,0
1390,0,81,27.1,65,0,1,1,0,2,10,0.9537169507482269,-0.30070579950427295,177.0,189.0,152.6,125.86666666666666,33.6,29.8,35.379999999999995,34.480000000000004,32.0,78.0,49.8,58.6,2.0,2.0,1.6,1.6,1,2,1
1391,0,94,22.2,31,0,0,0,0,0,11,0.9523957996432784,-0.30486429902801077,81.0,200.0,131.4,126.13333333333334,27.1,43.2,31.18,33.733333333333334,65.0,68.0,42.4,55.333333333333336,2.0,1.0,1.4,1.4666666666666666,1,3,0
1392,0,57,25.1,86,1,0,1,0,2,12,0.9510565162951536,-0.30901699437494734,94.0,178.0,107.2,122.73333333333333,22.2,23.9,31.419999999999998,33.04666666666667,31.0,54.0,48.8,57.333333333333336,0.0,1.0,1.6,1.6,1,2,1
1393,0,191,35.6,56,0,0,1,1,2,13,0.949699126201877,-0.3131638064837494,57.0,127.0,120.0,128.33333333333334,25.1,49.1,28.720000000000006,33.36666666666667,86.0,30.0,54.0,57.8,2.0,2.0,1.6,1.6,1,2,0
1394,0,99,30.1,42,0,0,1,0,1,14,0.9483236552061993,-0.3173046564050922,191.0,177.0,104.4,131.2,35.6,33.6,28.020000000000003,32.85333333333333,56.0,32.0,56.0,56.8,2.0,2.0,1.4,1.6,1,2,0
1395,0,178,44.9,79,0,1,1,1,3,15,0.9469301294951057,-0.3214394653031616,99.0,81.0,123.8,136.2,30.1,27.1,31.580000000000002,34.18666666666666,42.0,65.0,58.8,59.86666666666667,1.0,2.0,1.6,1.7333333333333334,1,2,1
1396,0,125,32.9,90,1,0,1,0,2,16,0.9455185755993168,-0.32556815445715664,178.0,94.0,130.0,140.53333333333333,44.9,22.2,33.720000000000006,34.266666666666666,79.0,31.0,70.6,61.266666666666666,3.0,0.0,2.0,1.7333333333333334,0,1,1
1397,0,164,27.5,68,0,0,1,0,1,17,0.9440890203927843,-0.32969064526278696,125.0,57.0,151.4,141.2,32.9,25.1,34.2,32.82666666666667,90.0,86.0,67.0,63.2,2.0,2.0,1.8,1.6,1,3,1
1398,0,114,38.5,62,1,0,0,1,2,18,0.9426414910921784,-0.3338068592337708,164.0,191.0,136.0,137.13333333333333,27.5,35.6,34.78,33.54666666666667,68.0,56.0,68.2,61.46666666666667,1.0,2.0,1.8,1.6666666666666667,0,1,1
1399,0,103,41.2,75,1,1,1,0,3,19,0.9411760152563707,-0.3379167180033268,114.0,99.0,136.8,138.46666666666667,38.5,30.1,37.0,33.64666666666667,62.0,42.0,74.8,61.06666666666667,2.0,1.0,2.2,1.7333333333333334,0,0,1
1400,0,126,25.0,71,0,1,0,0,1,20,0.9396926207859084,-0.3420201433256685,103.0,178.0,126.4,134.26666666666668,41.2,44.9,33.019999999999996,33.32666666666667,75.0,79.0,73.2,60.6,3.0,3.0,1.8,1.6666666666666667,0,1,1
1401,0,57,25.0,43,1,1,1,1,4,21,0.9381913359224842,-0.3461170570774929,126.0,125.0,112.8,124.73333333333333,25.0,32.9,31.439999999999998,32.11333333333333,71.0,90.0,63.8,58.93333333333333,1.0,2.0,2.2,1.8666666666666667,0,1,0
1402,0,88,21.1,78,0,0,1,0,1,22,0.9366721892483977,-0.3502073812594673,57.0,164.0,97.6,118.73333333333333,25.0,27.5,30.160000000000004,31.92666666666667,43.0,68.0,65.8,60.53333333333333,4.0,1.0,2.2,1.8666666666666667,0,0,1
1403,0,168,42.1,45,1,0,1,0,2,23,0.9351352096860117,-0.35429103799771566,88.0,114.0,108.4,121.46666666666667,21.1,38.5,30.880000000000003,31.46,78.0,62.0,62.4,61.53333333333333,1.0,2.0,2.2,1.8666666666666667,0,1,0
1404,0,59,39.9,34,0,0,1,1,2,24,0.9335804264972017,-0.35836794954530027,168.0,103.0,99.6,113.6,42.1,41.2,30.620000000000005,31.88,45.0,75.0,54.2,61.666666666666664,2.0,3.0,2.0,1.8666666666666667,0,0,0
1405,0,132,34.2,54,0,0,1,0,1,25,0.9320078692827986,-0.3624380382837016,59.0,126.0,100.8,117.0,39.9,25.0,32.46,32.35333333333333,34.0,71.0,50.8,60.93333333333333,2.0,1.0,2.0,1.8,1,2,0
1406,0,63,45.3,47,0,0,0,1,1,26,0.9304175679820246,-0.3665012267242972,132.0,57.0,102.0,114.93333333333334,34.2,25.0,36.52,33.89333333333334,54.0,43.0,51.6,62.0,1.0,4.0,1.4,1.8666666666666667,1,3,0
1407,0,75,44.2,34,1,1,1,1,4,27,0.9288095528719242,-0.3705574375098363,63.0,88.0,99.4,116.13333333333334,45.3,21.1,41.14,35.166666666666664,47.0,78.0,42.8,58.53333333333333,1.0,1.0,2.0,2.0,1,3,0
1408,0,128,37.6,59,0,1,1,1,3,28,0.9271838545667874,-0.37460659341591207,75.0,168.0,91.4,111.93333333333334,44.2,42.1,40.239999999999995,35.3,34.0,45.0,45.6,58.733333333333334,4.0,2.0,2.2,2.066666666666667,1,3,0
1409,0,94,46.0,32,1,1,1,0,3,29,0.9255405040175664,-0.37864861735243294,128.0,59.0,98.4,111.6,37.6,39.9,41.46,36.36,59.0,34.0,45.2,58.06666666666667,3.0,2.0,2.4,2.2,0,1,0
1410,0,104,26.2,71,1,0,1,0,2,30,0.9238795325112868,-0.3826834323650895,94.0,132.0,92.8,106.66666666666667,46.0,34.2,39.86,35.11333333333334,32.0,54.0,48.6,57.53333333333333,3.0,1.0,2.6,2.1333333333333333,0,1,1
1411,0,113,23.4,78,1,1,0,1,3,31,0.9222009716704519,-0.3867109616368205,104.0,63.0,102.8,105.86666666666666,26.2,45.3,35.48,34.480000000000004,71.0,47.0,54.8,56.733333333333334,2.0,1.0,3.0,2.2,1,2,1
1412,0,134,28.1,86,0,1,0,1,2,32,0.9205048534524404,-0.3907311284892736,113.0,75.0,114.6,103.86666666666666,23.4,44.2,32.260000000000005,34.52,78.0,34.0,65.2,57.93333333333333,3.0,4.0,2.6,2.2666666666666666,1,3,1
1413,0,181,21.7,86,1,0,0,0,1,33,0.9187912101488984,-0.39474385638426707,134.0,128.0,125.2,108.33333333333333,28.1,37.6,29.080000000000002,33.4,86.0,59.0,70.6,59.53333333333333,2.0,3.0,2.2,2.2,0,1,1
1414,0,85,35.9,35,1,1,1,1,4,34,0.917060074385124,-0.39874906892524614,181.0,94.0,123.4,107.13333333333334,21.7,46.0,27.060000000000002,33.04666666666667,86.0,32.0,71.2,56.86666666666667,1.0,3.0,2.4,2.2666666666666666,0,0,0
1415,0,105,48.1,62,1,0,1,1,3,35,0.9153114791194472,-0.40274668985873713,85.0,104.0,123.6,105.73333333333333,35.9,26.2,31.439999999999998,34.58666666666667,35.0,71.0,69.4,56.266666666666666,4.0,2.0,2.6,2.4,1,2,0
1416,0,199,21.2,50,1,1,0,1,3,36,0.913545457642601,-0.40673664307580004,105.0,113.0,140.8,115.2,48.1,23.4,31.0,34.333333333333336,62.0,78.0,63.8,56.733333333333334,3.0,3.0,2.6,2.3333333333333335,0,0,1
1417,0,78,23.7,84,0,1,1,0,2,37,0.9117620435770886,-0.4107188526134773,199.0,134.0,129.6,114.53333333333333,21.2,28.1,30.119999999999997,34.50666666666667,50.0,86.0,63.4,57.13333333333333,3.0,2.0,2.6,2.4,0,1,1
1418,0,104,33.6,48,1,1,1,1,4,38,0.9099612708765433,-0.4146932426562388,78.0,181.0,114.2,110.26666666666667,23.7,21.7,32.5,33.94,84.0,86.0,55.8,57.333333333333336,2.0,1.0,3.2,2.533333333333333,1,3,0
1419,0,67,48.0,38,0,0,0,0,0,39,0.9081431738250813,-0.41865973753742824,104.0,85.0,110.6,110.8,33.6,35.9,34.92,34.480000000000004,48.0,35.0,56.4,57.6,4.0,4.0,2.4,2.4,0,1,0
1420,0,85,29.5,56,1,1,1,0,3,40,0.90630778703665,-0.42261826174069933,67.0,105.0,106.6,107.66666666666667,48.0,48.1,31.2,34.166666666666664,38.0,62.0,55.2,57.733333333333334,0.0,3.0,2.4,2.533333333333333,0,0,1
1421,0,175,35.2,30,0,0,0,1,1,41,0.904455145454368,-0.4265687399014584,85.0,199.0,101.8,115.13333333333334,29.5,21.2,34.0,33.49333333333333,56.0,50.0,51.2,56.6,3.0,3.0,2.0,2.533333333333333,1,3,0
1422,0,144,21.2,41,0,0,0,1,1,42,0.9025852843498605,-0.43051109680829536,175.0,78.0,115.0,119.73333333333333,35.2,23.7,33.5,31.96,30.0,84.0,42.6,57.06666666666667,1.0,2.0,1.8,2.3333333333333335,0,1,0
1423,0,131,24.5,81,0,1,1,0,2,43,0.9006982393225879,-0.43444525740441703,144.0,104.0,120.4,119.93333333333334,21.2,33.6,31.68,31.086666666666666,41.0,48.0,49.2,58.53333333333333,1.0,4.0,1.4,2.2666666666666666,0,1,1
1424,0,143,49.6,71,1,1,0,1,3,44,0.8987940462991671,-0.4383711467890771,131.0,67.0,135.6,123.2,24.5,48.0,32.0,31.326666666666664,81.0,38.0,55.8,61.13333333333333,2.0,0.0,2.0,2.2666666666666666,0,1,0
1425,0,112,49.0,46,1,1,1,1,4,45,0.8968727415326884,-0.44228869021900113,143.0,85.0,141.0,123.73333333333333,49.6,29.5,35.9,32.846666666666664,71.0,56.0,53.8,59.46666666666667,3.0,3.0,2.2,2.4,0,1,0
1426,0,145,20.1,73,1,0,0,0,1,46,0.894934361602025,-0.4461978131098088,112.0,175.0,135.0,125.86666666666666,49.0,35.2,32.88,32.62666666666667,46.0,30.0,62.4,59.13333333333333,4.0,1.0,2.2,2.2666666666666666,0,1,1
1427,0,63,48.6,51,0,1,1,0,2,47,0.8929789434111371,-0.4500984410374348,145.0,144.0,118.8,121.13333333333334,20.1,21.2,38.36,33.99333333333333,73.0,41.0,64.4,56.8,1.0,1.0,2.4,2.2666666666666666,1,2,0
1428,0,149,39.2,56,0,0,0,0,0,48,0.8910065241883679,-0.45399049973954675,63.0,131.0,122.4,119.0,48.6,24.5,41.3,35.16,51.0,81.0,59.4,54.8,2.0,2.0,2.0,2.2,0,1,0
1429,0,138,46.0,63,0,0,0,1,1,49,0.8890171414857364,-0.45787391511695685,149.0,143.0,121.4,122.53333333333333,39.2,49.6,40.58,35.833333333333336,56.0,71.0,57.8,56.666666666666664,0.0,3.0,1.6,2.0,0,1,0
1430,0,128,33.6,38,0,0,0,1,1,50,0.8870108331782218,-0.4617486132350338,138.0,112.0,124.6,124.06666666666666,46.0,49.0,37.5,34.86666666666667,63.0,46.0,56.2,55.06666666666667,1.0,4.0,1.0,1.8666666666666667,0,1,0
1431,0,115,35.5,46,1,1,0,0,2,51,0.8849876374630421,-0.465614520325111,128.0,145.0,118.6,118.46666666666667,33.6,20.1,40.58,35.82000000000001,38.0,73.0,50.8,54.8,1.0,1.0,1.2,1.8,1,3,0
1432,0,99,34.7,67,0,0,1,0,1,52,0.8829475928589269,-0.4694715627858909,115.0,63.0,125.8,119.86666666666666,35.5,48.6,37.800000000000004,36.55333333333333,46.0,51.0,54.0,53.666666666666664,2.0,2.0,1.0,1.7333333333333334,1,2,1
1433,0,131,40.0,43,0,0,0,0,0,53,0.8808907382053855,-0.4733196671848433,99.0,149.0,122.2,121.66666666666667,34.7,39.2,37.96,36.98,67.0,56.0,51.4,53.333333333333336,1.0,0.0,1.0,1.4666666666666666,1,2,0
1434,0,151,24.2,39,1,0,0,0,1,54,0.8788171126619654,-0.47715876025960846,131.0,138.0,124.8,127.26666666666667,40.0,46.0,33.6,35.39333333333333,43.0,63.0,46.6,53.4,0.0,1.0,1.0,1.5333333333333334,0,0,0
1435,0,82,20.9,43,0,0,1,0,1,55,0.8767267557075076,-0.48098876891938785,151.0,128.0,115.6,127.06666666666666,24.2,33.6,31.060000000000002,34.82000000000001,39.0,38.0,47.6,52.53333333333333,1.0,1.0,1.0,1.4,0,1,0
1436,0,183,29.2,79,1,0,0,0,1,56,0.8746197071393959,-0.484809620246337,82.0,115.0,129.2,127.6,20.9,35.5,29.8,34.419999999999995,43.0,46.0,54.2,55.8,1.0,2.0,0.8,1.4,0,1,1
1437,0,53,41.1,70,1,1,0,1,3,57,0.8724960070727973,-0.4886212414969547,183.0,99.0,120.0,121.53333333333333,29.2,34.7,31.079999999999995,35.74666666666667,79.0,67.0,54.8,57.733333333333334,1.0,1.0,1.2,1.5333333333333334,1,2,1
1438,0,81,26.1,51,1,1,0,1,3,58,0.8703556959398997,-0.492423560103467,53.0,131.0,110.0,118.2,41.1,40.0,28.3,35.85333333333333,70.0,43.0,56.4,55.733333333333334,3.0,0.0,1.8,1.6,0,1,1
1439,0,103,40.2,32,0,1,1,1,3,59,0.8681988144891423,-0.49621650367520825,81.0,151.0,100.4,115.53333333333333,26.1,24.2,31.5,35.22666666666667,51.0,39.0,55.0,53.13333333333333,3.0,1.0,2.2,1.6,0,1,0
1440,1,164,49.1,52,0,0,1,0,1,0,0.8660254037844387,-0.49999999999999983,103.0,82.0,116.8,119.0,40.2,20.9,37.14,35.233333333333334,32.0,43.0,56.8,53.53333333333333,3.0,1.0,2.2,1.4,0,1,0
1441,1,80,22.8,35,1,1,1,1,4,1,0.8638355052043956,-0.5037739770455266,164.0,183.0,96.2,114.66666666666667,49.1,29.2,35.86,35.413333333333334,52.0,79.0,48.0,51.0,1.0,1.0,2.8,1.6,0,1,0
1442,1,198,40.2,67,0,1,1,1,3,2,0.8616291604415257,-0.5075383629607043,80.0,53.0,125.2,123.66666666666667,22.8,41.1,35.67999999999999,34.85333333333333,35.0,70.0,47.4,52.06666666666667,4.0,3.0,2.8,1.6666666666666667,0,1,1
1443,1,108,33.3,39,1,0,0,0,1,3,0.8594064115014528,-0.5112930860770519,198.0,81.0,130.6,120.93333333333334,40.2,26.1,37.12,34.46,67.0,51.0,45.0,50.93333333333333,3.0,3.0,2.4,1.7333333333333334,1,2,0
1444,1,134,46.0,52,1,0,1,1,3,4,0.8571673007021124,-0.5150380749100538,108.0,103.0,136.8,120.66666666666667,33.3,40.2,38.28,34.46,39.0,32.0,49.0,50.2,1.0,3.0,2.4,1.8666666666666667,0,1,0
1445,1,160,25.3,31,0,0,0,1,1,5,0.8549118706729465,-0.5187732581605217,134.0,164.0,136.0,122.8,46.0,49.1,33.52,33.906666666666666,52.0,52.0,44.8,49.733333333333334,3.0,1.0,2.4,1.8666666666666667,1,2,0
1446,1,114,40.8,45,1,1,0,1,3,6,0.8526401643540923,-0.5224985647159488,160.0,80.0,142.8,122.73333333333333,25.3,22.8,37.12,34.26,31.0,35.0,46.8,49.666666666666664,1.0,4.0,2.2,1.9333333333333333,0,1,0
1447,1,113,45.1,68,0,1,0,1,2,7,0.8503522249955628,-0.5262139236518697,114.0,198.0,125.8,123.66666666666667,40.8,40.2,38.099999999999994,34.95333333333333,45.0,67.0,47.0,49.733333333333334,3.0,3.0,2.0,2.0,0,1,0
1448,1,174,48.3,84,0,1,0,0,1,8,0.8480480961564261,-0.5299192642332048,113.0,108.0,139.0,126.53333333333333,45.1,33.3,41.1,35.50666666666667,68.0,39.0,56.0,52.46666666666667,2.0,1.0,2.0,2.066666666666667,0,0,1
1449,1,173,40.5,56,0,0,1,1,2,9,0.8457278217039732,-0.5336145159156115,174.0,134.0,146.8,128.0,48.3,46.0,40.0,36.593333333333334,84.0,52.0,56.8,53.6,1.0,3.0,1.8,2.1333333333333333,1,2,0
1450,1,78,34.9,75,1,1,1,1,4,10,0.8433914458128858,-0.5372996083468236,173.0,160.0,130.4,127.73333333333333,40.5,25.3,41.919999999999995,37.526666666666664,56.0,31.0,65.6,55.733333333333334,2.0,1.0,2.4,2.3333333333333335,0,0,1
1451,1,150,38.5,45,1,1,0,1,3,11,0.8410390129643925,-0.5409744713679938,78.0,114.0,137.6,125.53333333333333,34.9,40.8,41.46,38.14666666666666,75.0,45.0,65.6,53.46666666666667,4.0,3.0,2.4,2.466666666666667,1,3,0
1452,1,93,46.1,67,1,1,1,1,4,12,0.8386705679454243,-0.5446390350150268,150.0,113.0,133.6,128.2,38.5,45.1,41.660000000000004,38.48,45.0,68.0,65.4,53.266666666666666,3.0,2.0,2.8,2.533333333333333,0,0,0
1453,1,110,37.1,35,0,1,0,1,2,13,0.8362861558477597,-0.5482932295199137,93.0,174.0,120.8,130.13333333333333,46.1,48.3,39.42,39.21333333333334,67.0,84.0,55.6,52.2,4.0,1.0,3.0,2.466666666666667,1,2,0
1454,1,181,20.9,50,1,0,1,0,2,14,0.8338858220671684,-0.5519369853120578,110.0,173.0,122.4,135.33333333333334,37.1,40.5,35.5,37.92666666666666,35.0,56.0,54.4,53.4,2.0,2.0,3.0,2.4,1,2,1
1455,1,120,47.9,36,1,1,1,0,3,15,0.8314696123025451,-0.5555702330196024,181.0,78.0,130.8,132.4,20.9,34.9,38.1,37.846666666666664,50.0,75.0,46.6,52.333333333333336,2.0,4.0,2.8,2.533333333333333,0,1,0
1456,1,105,40.7,90,1,1,1,0,3,16,0.8290375725550417,-0.5591929034707467,120.0,150.0,121.8,134.06666666666666,47.9,38.5,38.540000000000006,39.04,36.0,45.0,55.6,56.0,3.0,3.0,2.8,2.466666666666667,0,0,1
1457,1,162,40.3,35,0,1,1,1,3,17,0.8265897491271889,-0.5628049276950683,105.0,93.0,135.6,131.66666666666666,40.7,46.1,37.379999999999995,39.04666666666666,90.0,67.0,49.2,53.86666666666667,3.0,4.0,2.6,2.466666666666667,0,1,0
1458,1,175,26.5,65,1,1,0,0,2,18,0.8241261886220155,-0.566406236924833,162.0,110.0,148.6,136.13333333333333,40.3,37.1,35.260000000000005,38.593333333333334,35.0,35.0,55.2,55.6,3.0,2.0,2.6,2.533333333333333,1,2,1
1459,1,68,39.8,65,1,1,0,0,2,19,0.8216469379421637,-0.569996762596303,175.0,181.0,126.0,131.73333333333332,26.5,20.9,39.04,38.18,65.0,50.0,58.2,56.46666666666667,2.0,2.0,2.6,2.466666666666667,0,1,1
1460,1,94,31.8,32,0,0,1,0,1,20,0.8191520442889917,-0.5735764363510462,68.0,120.0,120.8,127.33333333333333,39.8,47.9,35.82000000000001,38.61333333333333,65.0,36.0,57.4,56.53333333333333,2.0,3.0,2.2,2.466666666666667,1,3,0
1461,1,57,39.5,31,1,1,1,0,3,21,0.816641555161679,-0.5771451900372335,94.0,105.0,111.2,123.53333333333333,31.8,40.7,35.58,38.526666666666664,32.0,90.0,45.6,55.6,1.0,3.0,2.2,2.466666666666667,1,2,0
1462,1,143,23.2,35,1,1,1,1,4,22,0.8141155183563192,-0.5807029557109398,57.0,162.0,107.4,125.53333333333333,39.5,40.3,32.16,37.06666666666667,31.0,35.0,45.6,53.4,3.0,3.0,2.4,2.6,1,3,0
1463,1,120,39.7,67,1,0,1,1,3,23,0.8115739819650124,-0.5842496656374342,143.0,175.0,96.4,121.93333333333334,23.2,26.5,34.8,36.49333333333333,35.0,65.0,46.0,52.266666666666666,4.0,2.0,2.6,2.7333333333333334,0,1,1
1464,1,186,50.0,57,0,0,1,0,1,24,0.8090169943749475,-0.587785252292473,120.0,68.0,120.0,122.8,39.7,39.8,36.839999999999996,37.126666666666665,67.0,65.0,44.4,52.333333333333336,3.0,2.0,2.4,2.6666666666666665,0,1,0
1465,1,146,21.4,81,0,1,0,1,2,25,0.8064446042674828,-0.5913096483635821,186.0,94.0,130.4,127.33333333333333,50.0,31.8,34.76,36.22666666666667,57.0,32.0,54.2,52.733333333333334,1.0,1.0,2.6,2.533333333333333,0,1,1
1466,1,118,49.3,83,1,0,0,0,1,26,0.8038568606172174,-0.5948227867513411,146.0,57.0,142.6,125.2,21.4,39.5,36.720000000000006,36.94666666666667,81.0,31.0,64.6,55.266666666666666,2.0,3.0,2.2,2.4,0,1,1
1467,1,137,32.2,89,1,0,1,0,2,27,0.8012538126910609,-0.5983246005706587,118.0,143.0,141.4,128.13333333333333,49.3,23.2,38.519999999999996,36.019999999999996,83.0,35.0,75.4,56.733333333333334,1.0,4.0,1.8,2.2666666666666666,0,1,1
1468,1,93,46.1,45,0,0,1,0,1,28,0.7986355100472927,-0.6018150231520484,137.0,120.0,136.0,127.0,32.2,39.7,39.8,36.62,89.0,67.0,71.0,57.4,2.0,3.0,1.4,2.2,0,1,0
1469,1,188,43.5,63,1,1,0,0,2,29,0.7960020025346222,-0.6052939880428942,93.0,186.0,136.4,127.46666666666667,46.1,50.0,38.5,38.126666666666665,45.0,57.0,72.2,58.266666666666666,1.0,1.0,1.6,2.2,1,2,0
1470,1,60,37.0,46,1,0,0,0,1,30,0.7933533402912352,-0.6087614290087207,188.0,146.0,119.2,123.46666666666667,43.5,21.4,41.620000000000005,37.4,63.0,81.0,65.2,58.93333333333333,2.0,2.0,1.4,2.066666666666667,0,0,0
1471,1,106,42.2,53,1,0,0,0,1,31,0.7906895737438432,-0.6122172800344495,60.0,118.0,116.8,123.53333333333333,37.0,49.3,40.2,37.5,46.0,83.0,59.2,56.46666666666667,1.0,1.0,1.4,1.9333333333333333,0,1,0
1472,1,65,46.4,65,0,0,1,1,2,32,0.788010753606722,-0.6156614753256583,106.0,137.0,102.4,117.06666666666666,42.2,32.2,43.040000000000006,37.906666666666666,53.0,89.0,54.4,58.46666666666667,1.0,2.0,1.4,1.8666666666666667,0,1,0
1473,1,189,32.1,30,1,0,0,1,2,33,0.7853169308807448,-0.6190939493098341,65.0,93.0,121.6,118.0,46.4,46.1,40.24,38.28,65.0,45.0,51.4,56.13333333333333,2.0,1.0,1.6,1.8666666666666667,0,1,0
1474,1,180,29.8,55,1,0,1,0,2,34,0.782608156852414,-0.6225146366376194,189.0,188.0,120.0,125.46666666666667,32.1,43.5,37.5,37.61333333333333,30.0,63.0,49.8,55.46666666666667,2.0,2.0,1.6,1.8666666666666667,1,3,1
1475,1,63,40.0,39,1,1,1,0,3,35,0.7798844830928817,-0.6259234721840591,180.0,60.0,120.6,123.4,29.8,37.0,38.1,38.16,55.0,46.0,48.4,55.93333333333333,2.0,1.0,2.0,2.0,0,1,0
1476,1,140,44.2,56,0,0,0,0,0,36,0.777145961456971,-0.6293203910498373,63.0,106.0,127.4,128.93333333333334,40.0,42.2,38.5,38.473333333333336,39.0,53.0,49.0,57.6,3.0,1.0,1.8,1.8,1,2,0
1477,1,199,42.9,55,0,1,1,0,2,37,0.7743926440821857,-0.632705328562516,140.0,65.0,154.2,132.66666666666666,44.2,46.4,37.8,39.78666666666666,56.0,65.0,47.0,58.93333333333333,0.0,2.0,1.8,1.6666666666666667,0,1,0
1478,1,186,43.9,57,0,1,1,1,3,38,0.7716245833877202,-0.6360782202777637,199.0,189.0,153.6,137.06666666666666,42.9,32.1,40.160000000000004,40.06666666666667,55.0,30.0,52.4,58.266666666666666,2.0,2.0,2.0,1.6666666666666667,1,3,0
1479,1,171,33.1,81,1,1,1,0,3,39,0.7688418320734596,-0.6394390019805847,186.0,180.0,151.8,136.06666666666666,43.9,29.8,40.82,38.940000000000005,57.0,55.0,57.6,59.86666666666667,3.0,2.0,2.2,1.8,1,2,1
1480,1,94,44.5,62,1,0,1,0,2,40,0.7660444431189783,-0.642787609686539,171.0,63.0,158.0,132.6,33.1,40.0,41.720000000000006,40.480000000000004,81.0,39.0,62.2,58.6,3.0,3.0,2.0,1.8,1,2,0
1481,1,148,23.6,57,0,0,1,0,1,41,0.7632324697825288,-0.646123979642964,94.0,140.0,159.6,134.6,44.5,44.2,37.6,38.766666666666666,62.0,56.0,62.4,56.86666666666667,2.0,0.0,2.2,1.8,1,2,1
1482,1,157,36.3,46,0,0,1,1,2,42,0.760405965600031,-0.6494480483301835,148.0,199.0,151.2,135.93333333333334,23.6,42.9,36.279999999999994,39.04,57.0,55.0,60.6,54.0,1.0,2.0,2.2,1.8,1,2,0
1483,1,106,20.2,79,0,1,1,1,3,43,0.7575649843840495,-0.6527597524627226,157.0,186.0,135.2,136.8,36.3,43.9,31.540000000000003,37.31333333333334,46.0,57.0,65.0,56.266666666666666,2.0,3.0,2.2,1.9333333333333333,1,2,1
1484,1,196,29.7,67,0,1,0,0,1,44,0.7547095802227721,-0.6560590289905072,106.0,171.0,140.2,137.33333333333334,20.2,33.1,30.859999999999996,36.39333333333333,79.0,81.0,62.2,56.53333333333333,3.0,3.0,1.8,1.8666666666666667,1,2,1
1485,1,181,31.0,60,0,0,0,0,0,45,0.7518398074789774,-0.6593458151000688,196.0,94.0,157.6,145.4,29.7,44.5,28.159999999999997,35.99333333333333,67.0,62.0,61.8,57.46666666666667,1.0,2.0,1.4,1.8,0,1,1
1486,1,135,31.9,66,0,1,1,1,3,46,0.748955720789002,-0.6626200482157376,181.0,148.0,155.0,147.33333333333334,31.0,23.6,29.82,35.306666666666665,60.0,57.0,63.6,58.333333333333336,0.0,1.0,1.8,1.9333333333333333,1,2,1
1487,1,73,40.9,81,1,0,1,1,3,47,0.7460573750616996,-0.6658816660008342,135.0,157.0,138.2,147.86666666666667,31.9,36.3,30.74,34.940000000000005,66.0,46.0,70.6,59.4,3.0,2.0,2.0,2.0,1,3,1
1488,1,97,31.7,70,0,1,0,0,1,48,0.7431448254773942,-0.6691306063588582,73.0,106.0,136.4,141.73333333333332,40.9,20.2,33.040000000000006,34.91333333333333,81.0,79.0,68.8,62.06666666666667,3.0,3.0,1.6,1.9333333333333333,1,3,1
1489,1,90,33.5,68,0,1,0,1,2,49,0.7402181274868322,-0.6723668074346679,97.0,196.0,115.2,135.73333333333332,31.7,29.7,33.8,35.16,70.0,67.0,69.0,62.93333333333333,1.0,1.0,1.8,1.9333333333333333,0,0,1
1490,1,154,27.1,44,1,1,1,0,3,50,0.7372773368101241,-0.6755902076156602,90.0,181.0,109.8,141.8,33.5,31.0,33.019999999999996,34.3,68.0,60.0,65.8,63.266666666666666,2.0,0.0,2.4,1.9333333333333333,0,1,0
1491,1,148,31.2,57,1,1,1,0,3,51,0.7343225094356858,-0.6788007455329416,154.0,135.0,112.4,142.33333333333334,27.1,31.9,32.879999999999995,33.43333333333333,44.0,66.0,64.0,63.333333333333336,3.0,3.0,2.4,2.1333333333333333,0,1,1
1492,1,89,26.8,84,1,1,1,1,4,52,0.7313537016191706,-0.6819983600624984,148.0,73.0,115.6,135.0,31.2,40.9,30.060000000000002,32.36,57.0,81.0,64.6,65.26666666666667,3.0,3.0,2.6,2.2666666666666666,1,3,1
1493,1,55,22.2,85,0,1,0,1,2,53,0.7283709698824006,-0.6851829903263589,89.0,97.0,107.2,126.26666666666667,26.8,31.7,28.160000000000004,30.913333333333338,84.0,70.0,67.6,67.13333333333334,4.0,1.0,2.8,2.2,1,2,1
1494,1,61,38.1,33,0,0,1,0,1,54,0.7253743710122875,-0.6883545756937541,55.0,90.0,101.4,118.93333333333334,22.2,33.5,29.080000000000002,31.246666666666666,85.0,68.0,60.6,63.93333333333333,2.0,2.0,2.6,2.066666666666667,0,0,0
1495,1,180,40.0,57,0,0,1,0,1,55,0.7223639620597556,-0.6915130557822693,61.0,154.0,106.6,124.66666666666667,38.1,27.1,31.660000000000004,30.946666666666665,33.0,44.0,63.2,63.6,1.0,3.0,2.2,2.0,1,2,0
1496,1,135,38.6,53,0,0,1,1,2,56,0.7193398003386511,-0.6946583704589974,180.0,148.0,104.0,123.8,40.0,31.2,33.14,31.946666666666665,57.0,57.0,62.4,63.333333333333336,1.0,3.0,2.0,2.066666666666667,1,2,0
1497,1,146,33.9,90,1,1,1,1,4,57,0.7163019434246544,-0.69779045984168,135.0,89.0,115.4,123.06666666666666,38.6,26.8,34.56,31.786666666666665,53.0,84.0,63.6,66.26666666666667,2.0,4.0,2.0,2.2,1,2,1
1498,1,107,31.4,58,0,0,1,0,1,58,0.7132504491541816,-0.7009092642998509,146.0,55.0,125.8,123.13333333333334,33.9,22.2,36.4,32.53333333333333,90.0,85.0,58.2,64.86666666666666,4.0,2.0,1.8,2.066666666666667,1,3,1
1499,1,166,45.9,37,0,1,1,0,2,59,0.7101853756232855,-0.7040147244559682,107.0,61.0,146.8,121.13333333333334,31.4,38.1,37.959999999999994,33.61333333333333,58.0,33.0,59.0,62.86666666666667,1.0,1.0,2.0,2.1333333333333333,0,1,0
1500,1,64,35.6,75,1,0,1,1,3,0,0.7071067811865476,-0.7071067811865475,166.0,180.0,123.6,113.33333333333333,45.9,40.0,37.08,33.92,37.0,57.0,62.6,63.86666666666667,2.0,1.0,2.4,2.3333333333333335,0,1,1
1501,1,116,34.4,81,0,0,1,1,2,1,0.7040147244559682,-0.7101853756232854,64.0,135.0,119.8,112.06666666666666,35.6,38.6,36.239999999999995,34.086666666666666,75.0,53.0,68.2,64.86666666666666,3.0,2.0,2.4,2.2666666666666666,0,0,1
1502,1,198,20.8,46,1,1,0,0,2,2,0.700909264299851,-0.7132504491541815,116.0,146.0,130.2,120.4,34.4,33.9,33.620000000000005,32.74666666666666,81.0,90.0,59.4,62.53333333333333,2.0,4.0,2.0,2.2,1,2,1
1503,1,107,30.2,85,1,1,1,0,3,3,0.6977904598416802,-0.7163019434246543,198.0,107.0,130.2,121.06666666666666,20.8,31.4,33.38,32.64666666666667,46.0,58.0,64.8,63.53333333333333,2.0,1.0,2.4,2.3333333333333335,1,2,1
1504,1,117,31.4,30,1,0,0,1,2,4,0.6946583704589975,-0.719339800338651,107.0,166.0,120.4,122.86666666666666,30.2,45.9,30.48,32.50666666666667,85.0,37.0,63.4,61.0,3.0,2.0,2.4,2.3333333333333335,1,2,0
1505,1,95,32.0,52,1,1,0,1,3,5,0.6915130557822695,-0.7223639620597555,117.0,64.0,126.6,118.93333333333334,31.4,35.6,29.76,32.833333333333336,30.0,75.0,58.8,61.53333333333333,2.0,3.0,2.4,2.3333333333333335,0,1,0
1506,1,66,37.4,30,0,1,1,1,3,6,0.6883545756937542,-0.7253743710122874,95.0,116.0,116.6,113.46666666666667,32.0,34.4,30.360000000000003,33.24666666666666,52.0,81.0,48.6,59.733333333333334,3.0,2.0,2.6,2.3333333333333335,1,2,0
1507,1,118,36.0,67,1,0,0,0,1,7,0.685182990326359,-0.7283709698824005,66.0,198.0,100.6,115.4,37.4,20.8,33.4,33.86,30.0,46.0,52.8,58.6,3.0,2.0,2.4,2.1333333333333333,0,0,1
1508,1,112,38.2,82,1,0,1,1,3,8,0.6819983600624986,-0.7313537016191705,118.0,107.0,101.6,119.2,36.0,30.2,35.0,34.92666666666666,67.0,85.0,52.2,58.4,1.0,3.0,2.4,2.2,1,2,1
1509,1,83,42.9,84,1,0,0,1,2,9,0.6788007455329417,-0.7343225094356856,112.0,117.0,94.8,120.66666666666667,38.2,31.4,37.3,35.24666666666667,82.0,30.0,63.0,61.8,3.0,2.0,2.4,2.2666666666666666,1,2,1
1510,1,119,44.4,55,0,1,1,0,2,10,0.6755902076156604,-0.737277336810124,83.0,95.0,99.6,116.6,42.9,32.0,39.779999999999994,35.54,84.0,52.0,63.6,61.666666666666664,2.0,3.0,2.2,2.3333333333333335,1,2,0
1511,1,97,41.5,74,0,1,1,0,2,11,0.672366807434668,-0.7402181274868321,119.0,66.0,105.8,114.06666666666666,44.4,37.4,40.6,35.733333333333334,55.0,30.0,72.4,63.06666666666667,2.0,3.0,2.0,2.3333333333333335,0,1,1
1512,1,104,48.7,36,1,0,1,0,2,12,0.6691306063588585,-0.743144825477394,97.0,118.0,103.0,111.26666666666667,41.5,36.0,43.14,36.72,74.0,67.0,66.2,59.46666666666667,2.0,1.0,2.2,2.2,0,0,0
1513,1,180,20.5,62,0,1,1,0,2,13,0.6658816660008343,-0.7460573750616994,104.0,112.0,116.6,116.13333333333334,48.7,38.2,39.6,35.99333333333334,36.0,82.0,62.2,59.733333333333334,2.0,3.0,2.0,2.2666666666666666,1,3,1
1514,1,178,25.9,52,1,1,1,1,4,14,0.6626200482157377,-0.748955720789002,180.0,83.0,135.6,116.93333333333334,20.5,42.9,36.2,34.66,62.0,84.0,55.8,60.733333333333334,2.0,2.0,2.4,2.4,0,0,1
1515,1,170,20.2,53,1,1,0,1,3,15,0.659345815100069,-0.7518398074789773,178.0,119.0,145.8,124.0,25.9,44.4,31.360000000000003,33.63333333333333,52.0,55.0,55.4,59.266666666666666,4.0,2.0,2.6,2.4,0,1,1
1516,1,167,39.4,43,0,0,0,1,1,16,0.6560590289905073,-0.754709580222772,170.0,97.0,159.8,127.4,20.2,41.5,30.939999999999998,33.96666666666667,53.0,74.0,49.2,56.733333333333334,3.0,2.0,2.4,2.3333333333333335,0,0,0
1517,1,78,46.9,40,1,1,1,1,4,17,0.6527597524627227,-0.7575649843840494,167.0,104.0,154.6,119.4,39.4,48.7,30.580000000000002,35.70666666666667,43.0,36.0,50.0,56.333333333333336,1.0,2.0,2.8,2.466666666666667,1,3,0
1518,1,166,27.3,75,1,1,0,0,2,18,0.6494480483301838,-0.7604059656000308,78.0,180.0,151.8,123.33333333333333,46.9,20.5,31.939999999999998,35.513333333333335,40.0,62.0,52.6,55.666666666666664,4.0,2.0,2.8,2.4,1,3,1
1519,1,175,47.8,37,0,1,0,0,1,19,0.6461239796429642,-0.7632324697825287,166.0,178.0,151.2,127.2,27.3,25.9,36.32,36.60666666666667,75.0,52.0,49.6,56.13333333333333,2.0,4.0,2.2,2.3333333333333335,0,1,0
1520,1,113,21.8,35,1,1,0,1,3,20,0.6427876096865391,-0.7660444431189781,175.0,170.0,139.8,128.4,47.8,20.2,36.64,35.92666666666666,37.0,53.0,46.0,55.0,1.0,3.0,2.2,2.3333333333333335,0,1,0
1521,1,76,48.0,39,0,0,1,1,2,21,0.6394390019805848,-0.7688418320734595,113.0,167.0,121.6,129.06666666666666,21.8,39.4,38.36,36.63333333333333,35.0,43.0,45.2,55.6,3.0,1.0,2.4,2.2666666666666666,1,2,0
1522,1,131,30.5,80,0,0,1,1,2,22,0.6360782202777638,-0.7716245833877201,76.0,78.0,132.2,129.93333333333334,48.0,46.9,35.08,36.266666666666666,39.0,40.0,53.2,56.46666666666667,2.0,4.0,2.0,2.3333333333333335,1,2,1
1523,1,161,23.0,74,1,1,1,0,3,23,0.6327053285625162,-0.7743926440821856,131.0,166.0,131.2,133.2,30.5,27.3,34.220000000000006,35.25333333333333,80.0,75.0,53.0,55.93333333333333,2.0,2.0,2.2,2.3333333333333335,1,2,1
1524,1,50,34.6,44,0,0,1,0,1,24,0.6293203910498374,-0.7771459614569709,161.0,175.0,106.2,131.0,23.0,47.8,31.580000000000002,34.7,74.0,37.0,54.4,53.266666666666666,3.0,1.0,2.2,2.2666666666666666,0,1,0
1525,1,96,27.7,48,1,0,0,1,2,25,0.6259234721840592,-0.7798844830928817,50.0,113.0,102.8,129.46666666666667,34.6,21.8,32.76,33.586666666666666,44.0,35.0,57.0,52.8,1.0,3.0,2.0,2.2666666666666666,1,2,0
1526,1,192,28.5,56,0,0,1,1,2,26,0.6225146366376196,-0.7826081568524139,96.0,76.0,126.0,135.8,27.7,48.0,28.860000000000003,32.72,48.0,39.0,60.4,51.6,2.0,2.0,2.0,2.2666666666666666,0,1,1
1527,1,142,29.2,73,0,1,1,1,3,27,0.6190939493098342,-0.7853169308807447,192.0,131.0,128.2,138.33333333333334,28.5,30.5,28.6,31.42,56.0,80.0,59.0,54.06666666666667,2.0,2.0,2.2,2.3333333333333335,1,2,1
1528,1,64,44.1,73,0,0,1,0,1,28,0.6156614753256584,-0.7880107536067219,142.0,161.0,108.8,130.6,29.2,23.0,32.82,32.99333333333333,73.0,74.0,58.8,54.8,3.0,3.0,1.8,2.2666666666666666,1,2,1
1529,1,177,36.2,35,1,0,0,0,1,29,0.6122172800344496,-0.7906895737438431,64.0,50.0,134.2,130.53333333333333,44.1,34.6,33.14,33.68,73.0,44.0,57.0,53.666666666666664,1.0,1.0,1.8,2.066666666666667,1,2,0
1530,1,192,29.3,69,0,0,1,0,1,30,0.6087614290087209,-0.793353340291235,177.0,96.0,153.4,132.0,36.2,27.7,33.459999999999994,34.28666666666666,35.0,48.0,61.2,54.733333333333334,1.0,2.0,1.6,1.9333333333333333,1,3,1
1531,1,126,38.3,57,0,0,1,1,2,31,0.6052939880428945,-0.7960020025346219,192.0,192.0,140.2,129.26666666666668,29.3,28.5,35.42,34.21333333333334,69.0,56.0,61.4,55.666666666666664,1.0,2.0,1.6,2.0,0,1,0
1532,1,111,41.5,69,1,0,1,1,3,32,0.6018150231520486,-0.7986355100472926,126.0,142.0,134.0,131.46666666666667,38.3,29.2,37.88,33.85333333333333,57.0,73.0,60.6,57.6,2.0,3.0,1.6,1.9333333333333333,1,2,1
1533,1,192,28.2,71,0,1,0,0,1,33,0.5983246005706588,-0.8012538126910608,111.0,64.0,159.6,133.2,41.5,44.1,34.7,33.913333333333334,69.0,73.0,60.2,57.333333333333336,3.0,1.0,1.6,1.8666666666666667,0,1,1
1534,1,148,32.4,69,0,0,0,1,1,34,0.5948227867513413,-0.8038568606172173,192.0,177.0,153.8,131.4,28.2,36.2,33.94,32.88666666666667,71.0,35.0,67.0,59.46666666666667,1.0,1.0,1.6,1.8666666666666667,0,1,1
1535,1,92,23.7,74,1,0,0,0,1,35,0.5913096483635822,-0.8064446042674827,148.0,192.0,133.8,130.0,32.4,29.3,32.82,33.013333333333335,69.0,69.0,68.0,62.06666666666667,1.0,1.0,1.6,1.7333333333333334,1,2,1
1536,1,100,25.4,47,0,0,0,0,0,36,0.5877852522924732,-0.8090169943749473,92.0,126.0,128.6,131.6,23.7,38.3,30.24,31.506666666666664,74.0,57.0,66.0,62.6,1.0,2.0,1.2,1.6,1,3,0
1537,1,78,40.4,75,0,1,1,0,2,37,0.5842496656374344,-0.8115739819650123,100.0,111.0,122.0,128.06666666666666,25.4,41.5,30.02,32.166666666666664,47.0,69.0,67.2,62.266666666666666,0.0,3.0,1.0,1.6,1,2,1
1538,1,67,25.4,49,1,1,0,0,2,38,0.5807029557109399,-0.8141155183563191,78.0,192.0,97.0,121.8,40.4,28.2,29.459999999999997,32.32666666666667,75.0,71.0,62.8,60.6,2.0,1.0,1.2,1.5333333333333334,1,2,0
1539,1,150,35.8,55,0,1,0,0,1,39,0.5771451900372336,-0.8166415551616789,67.0,148.0,97.4,128.46666666666667,25.4,32.4,30.139999999999997,32.406666666666666,49.0,69.0,60.0,61.333333333333336,2.0,1.0,1.2,1.5333333333333334,0,0,0
1540,1,164,41.3,79,1,1,1,1,4,40,0.5735764363510464,-0.8191520442889917,150.0,92.0,111.8,133.0,35.8,23.7,33.66,33.31333333333333,55.0,74.0,61.0,63.4,1.0,1.0,1.8,1.6666666666666667,1,2,1
1541,1,149,23.2,83,0,0,0,0,0,41,0.5699967625963032,-0.8216469379421636,164.0,100.0,121.6,130.13333333333333,41.3,25.4,33.22,32.96,79.0,47.0,68.2,65.2,4.0,0.0,1.8,1.5333333333333334,0,1,1
1542,1,88,37.0,83,1,1,1,0,3,42,0.5664062369248332,-0.8241261886220155,149.0,78.0,123.6,126.53333333333333,23.2,40.4,32.54,33.48,83.0,75.0,69.8,65.86666666666666,0.0,2.0,2.0,1.5333333333333334,0,1,1
1543,1,151,27.7,55,1,0,0,1,2,43,0.5628049276950684,-0.8265897491271887,88.0,67.0,140.4,132.33333333333334,37.0,25.4,32.99999999999999,32.38666666666667,83.0,49.0,71.0,64.66666666666667,3.0,2.0,2.0,1.6,1,2,1
1544,1,106,48.9,44,1,0,0,1,2,44,0.5591929034707469,-0.8290375725550416,151.0,150.0,131.6,127.6,27.7,35.8,35.62,33.23333333333333,55.0,55.0,68.8,65.26666666666667,2.0,1.0,2.2,1.6666666666666667,0,1,0
1545,1,71,34.5,67,0,1,0,1,2,45,0.5555702330196025,-0.831469612302545,106.0,164.0,113.0,119.53333333333333,48.9,41.3,34.26,33.58,44.0,79.0,66.4,65.13333333333334,2.0,4.0,1.8,1.7333333333333334,1,2,1
1546,1,191,44.2,44,1,1,1,0,3,46,0.5519369853120579,-0.8338858220671683,71.0,149.0,121.4,123.86666666666666,34.5,23.2,38.46,33.973333333333336,67.0,83.0,58.6,64.26666666666667,2.0,0.0,2.4,1.8,1,2,0
1547,1,58,36.5,59,1,1,1,0,3,47,0.5482932295199138,-0.8362861558477596,191.0,88.0,115.4,120.33333333333333,44.2,37.0,38.36,33.64,44.0,83.0,53.8,63.6,3.0,3.0,2.4,1.8,0,0,0
1548,1,115,21.3,47,0,0,0,1,1,48,0.544639035015027,-0.8386705679454242,58.0,151.0,108.2,115.2,36.5,27.7,37.08,33.18,59.0,55.0,52.2,62.0,3.0,2.0,2.2,1.8,0,1,1
1549,1,180,39.0,44,1,0,0,1,2,49,0.540974471367994,-0.8410390129643924,115.0,106.0,123.0,117.33333333333333,21.3,48.9,35.1,33.62,47.0,44.0,52.2,60.333333333333336,1.0,2.0,2.2,1.8666666666666667,0,1,0
1550,1,67,48.5,87,0,0,1,1,2,50,0.5372996083468238,-0.8433914458128857,180.0,71.0,122.2,115.66666666666667,39.0,34.5,37.9,35.27333333333333,44.0,67.0,56.2,61.2,2.0,2.0,2.2,1.9333333333333333,1,2,1
1551,1,82,38.0,86,1,0,0,1,2,51,0.5336145159156117,-0.8457278217039732,67.0,191.0,100.4,114.46666666666667,48.5,44.2,36.660000000000004,36.11333333333334,87.0,44.0,64.6,63.8,2.0,3.0,2.0,2.066666666666667,0,1,1
1552,1,95,44.6,32,0,1,0,1,2,52,0.529919264233205,-0.848048096156426,82.0,58.0,107.8,115.6,38.0,36.5,38.28,36.39333333333333,86.0,59.0,59.2,60.93333333333333,2.0,3.0,1.8,2.066666666666667,1,2,0
1553,1,110,46.5,53,0,0,0,1,1,53,0.5262139236518698,-0.8503522249955627,95.0,115.0,106.8,118.46666666666667,44.6,21.3,43.32,37.8,32.0,47.0,60.4,61.2,2.0,1.0,1.8,2.0,1,2,0
1554,1,147,26.8,40,1,0,0,0,1,54,0.5224985647159489,-0.8526401643540922,110.0,180.0,100.2,118.26666666666667,46.5,39.0,40.88,37.2,53.0,44.0,59.6,60.2,1.0,2.0,1.6,2.0,0,0,0
1555,1,61,26.4,69,0,0,0,1,1,55,0.5187732581605218,-0.8549118706729464,147.0,67.0,99.0,111.4,26.8,48.5,36.46,36.20666666666667,40.0,87.0,56.0,59.53333333333333,1.0,2.0,1.4,1.8,1,2,1
1556,1,94,38.3,55,0,0,1,1,2,56,0.515038074910054,-0.8571673007021124,61.0,82.0,101.4,107.73333333333333,26.4,38.0,36.519999999999996,37.21333333333334,69.0,86.0,49.8,57.666666666666664,1.0,2.0,1.4,1.9333333333333333,0,1,0
1557,1,144,32.3,69,0,1,1,0,2,57,0.5112930860770522,-0.8594064115014527,94.0,95.0,111.2,111.46666666666667,38.3,44.6,34.06,36.9,55.0,32.0,57.2,56.733333333333334,2.0,2.0,1.4,1.8666666666666667,0,1,1
1558,1,109,45.2,81,0,1,0,1,2,58,0.5075383629607044,-0.8616291604415256,144.0,110.0,111.0,108.66666666666667,32.3,46.5,33.8,38.06666666666667,69.0,53.0,62.8,58.46666666666667,2.0,1.0,1.6,1.8666666666666667,0,1,1
1559,1,115,47.0,36,0,1,0,0,1,59,0.5037739770455267,-0.8638355052043954,109.0,147.0,104.6,109.26666666666667,45.2,26.8,37.839999999999996,37.940000000000005,81.0,40.0,62.0,57.93333333333333,2.0,1.0,1.6,1.8,1,2,0
1560,1,59,30.6,75,1,0,1,1,3,0,0.49999999999999994,-0.8660254037844387,115.0,61.0,104.2,108.46666666666667,47.0,26.4,38.67999999999999,37.68,36.0,69.0,63.2,58.46666666666667,1.0,1.0,2.0,1.8666666666666667,1,2,1
1561,1,116,27.1,35,0,1,1,1,3,1,0.49621650367520803,-0.8681988144891424,59.0,94.0,108.6,103.46666666666667,30.6,38.3,36.44,36.53999999999999,75.0,55.0,59.2,57.86666666666667,3.0,2.0,2.2,1.8666666666666667,0,1,0
1562,1,158,43.4,44,0,0,0,0,0,2,0.49242356010346716,-0.8703556959398997,116.0,144.0,111.4,110.13333333333334,27.1,32.3,38.66,37.0,35.0,69.0,54.2,56.86666666666667,3.0,2.0,1.8,1.6666666666666667,1,3,0
1563,1,65,28.2,48,1,0,0,0,1,3,0.48862124149695485,-0.8724960070727972,158.0,109.0,102.6,106.8,43.4,45.2,35.260000000000005,37.46,44.0,81.0,47.6,56.93333333333333,0.0,2.0,1.6,1.6666666666666667,1,2,0
1564,1,147,44.7,89,1,1,1,1,4,4,0.48480962024633717,-0.8746197071393957,65.0,115.0,109.0,104.6,28.2,47.0,34.8,37.84,48.0,36.0,58.2,59.93333333333333,1.0,1.0,2.2,1.8,1,2,1
1565,1,122,32.7,65,1,1,1,1,4,5,0.48098876891938763,-0.8767267557075077,147.0,59.0,121.6,108.26666666666667,44.7,30.6,35.220000000000006,36.78666666666666,89.0,75.0,56.2,58.46666666666667,4.0,3.0,2.4,1.9333333333333333,0,0,1
1566,1,179,40.0,60,1,1,1,1,4,6,0.4771587602596086,-0.8788171126619653,122.0,116.0,134.2,114.73333333333333,32.7,27.1,37.8,36.919999999999995,65.0,35.0,61.2,56.733333333333334,4.0,3.0,2.6,2.066666666666667,0,1,0
1567,1,66,22.9,82,1,0,1,1,3,7,0.4733196671848435,-0.8808907382053855,179.0,158.0,115.8,112.8,40.0,43.4,33.7,35.473333333333336,60.0,44.0,68.8,60.06666666666667,4.0,0.0,3.2,2.1333333333333333,0,1,1
1568,1,136,38.7,77,1,1,1,0,3,8,0.4694715627858911,-0.8829475928589268,66.0,65.0,130.0,114.53333333333333,22.9,28.2,35.8,34.95333333333333,82.0,48.0,74.6,61.666666666666664,3.0,1.0,3.6,2.2666666666666666,0,0,1
1569,1,106,33.6,72,0,1,0,1,2,9,0.4656145203251112,-0.884987637463042,136.0,147.0,121.8,111.8,38.7,44.7,33.58,35.406666666666666,77.0,89.0,71.2,63.8,3.0,4.0,3.2,2.3333333333333335,0,1,1
1570,1,119,37.6,33,0,0,1,1,2,10,0.4617486132350339,-0.8870108331782217,106.0,122.0,121.2,115.66666666666667,33.6,32.7,34.559999999999995,36.15333333333333,72.0,65.0,64.8,61.4,2.0,4.0,2.8,2.4,1,3,0
1571,1,147,25.0,42,1,1,0,1,3,11,0.457873915116957,-0.8890171414857363,119.0,179.0,114.8,119.2,37.6,40.0,31.560000000000002,35.266666666666666,33.0,60.0,61.2,60.53333333333333,2.0,4.0,2.6,2.466666666666667,1,3,0
1572,1,132,42.1,42,0,1,0,1,2,12,0.4539904997395473,-0.8910065241883676,147.0,66.0,128.0,118.4,25.0,22.9,35.4,35.92,42.0,82.0,53.2,58.733333333333334,3.0,3.0,2.4,2.466666666666667,1,2,0
1573,1,195,45.9,30,1,1,0,1,3,13,0.45009844103743496,-0.892978943411137,132.0,136.0,139.8,124.13333333333334,42.1,38.7,36.839999999999996,35.96666666666667,42.0,77.0,43.8,55.333333333333336,2.0,3.0,2.4,2.533333333333333,0,1,0
1574,1,162,26.5,34,0,0,1,1,2,14,0.446197813109809,-0.894934361602025,195.0,106.0,151.0,127.26666666666667,45.9,33.6,35.42,34.6,30.0,72.0,36.2,55.2,3.0,2.0,2.4,2.6,1,2,0
1575,1,157,22.9,86,0,1,1,1,3,15,0.4422886902190017,-0.8968727415326881,162.0,119.0,158.6,133.8,26.5,37.6,32.480000000000004,34.086666666666666,34.0,33.0,46.8,55.93333333333333,2.0,2.0,2.6,2.6,0,1,1
1576,1,161,20.7,89,1,1,0,1,3,16,0.4383711467890773,-0.898794046299167,157.0,147.0,161.4,136.8,22.9,25.0,31.619999999999997,33.66,86.0,42.0,56.2,59.53333333333333,3.0,3.0,2.6,2.6,1,3,1
1577,1,145,39.3,68,1,1,0,1,3,17,0.4344452574044172,-0.9006982393225879,161.0,132.0,164.0,135.93333333333334,20.7,42.1,31.060000000000002,33.38666666666667,89.0,42.0,61.4,61.13333333333333,3.0,2.0,2.8,2.8,1,2,1
1578,1,178,38.2,56,1,0,1,0,2,18,0.4305110968082947,-0.9025852843498609,145.0,195.0,160.6,143.46666666666667,39.3,45.9,29.52,34.05333333333333,68.0,30.0,66.6,61.666666666666664,3.0,3.0,2.6,2.8666666666666667,1,2,0
1579,1,88,36.4,75,1,1,1,1,4,19,0.42656873990145855,-0.9044551454543679,178.0,162.0,145.8,139.53333333333333,38.2,26.5,31.5,33.5,56.0,34.0,74.8,60.733333333333334,2.0,2.0,3.0,2.8666666666666667,0,0,1
1580,1,147,27.0,45,0,1,0,0,1,20,0.4226182617406995,-0.9063077870366499,88.0,157.0,143.8,141.2,36.4,22.9,32.32000000000001,33.12,75.0,86.0,66.6,59.4,4.0,3.0,2.6,2.6666666666666665,0,1,0
1581,1,63,31.7,81,0,0,0,0,0,21,0.4186597375374284,-0.9081431738250811,147.0,161.0,124.2,133.46666666666667,27.0,20.7,34.519999999999996,32.56666666666667,45.0,89.0,65.0,60.8,1.0,3.0,2.0,2.4,1,2,1
1582,1,121,37.8,72,1,0,1,1,3,22,0.4146932426562392,-0.9099612708765431,63.0,145.0,119.4,137.13333333333333,31.7,39.3,34.220000000000006,33.56,81.0,68.0,65.8,60.13333333333333,0.0,3.0,2.0,2.4,0,1,1
1583,1,68,34.9,66,1,1,0,0,2,23,0.41071885261347724,-0.9117620435770886,121.0,178.0,97.4,132.6,37.8,38.2,33.559999999999995,33.306666666666665,72.0,56.0,67.8,59.4,3.0,2.0,2.0,2.3333333333333335,0,1,1
1584,1,91,49.6,31,1,0,0,0,1,24,0.40673664307580043,-0.9135454576426008,68.0,88.0,98.0,131.6,34.9,36.4,36.2,34.373333333333335,66.0,75.0,59.0,56.666666666666664,2.0,4.0,1.4,2.2666666666666666,0,0,0
1585,1,75,24.1,42,1,0,0,1,2,25,0.4027466898587373,-0.9153114791194471,91.0,147.0,83.6,128.66666666666666,49.6,27.0,35.62,33.47333333333333,31.0,45.0,58.4,57.266666666666666,1.0,1.0,1.6,2.2666666666666666,1,2,0
1586,1,183,40.9,67,1,1,1,1,4,26,0.39874906892524614,-0.917060074385124,75.0,63.0,107.6,131.06666666666666,24.1,31.7,37.46,34.53333333333333,42.0,81.0,55.6,58.93333333333333,2.0,0.0,2.4,2.3333333333333335,0,1,1
1587,1,81,32.1,37,0,0,1,1,2,27,0.3947438563842674,-0.9187912101488982,183.0,121.0,99.6,127.66666666666667,40.9,37.8,36.32,33.86666666666666,67.0,72.0,48.6,58.6,4.0,3.0,2.2,2.3333333333333335,0,1,0
1588,1,158,32.8,50,1,1,1,1,4,28,0.39073112848927377,-0.9205048534524404,81.0,68.0,117.6,125.2,32.1,34.9,35.9,32.99333333333333,37.0,66.0,45.4,59.93333333333333,2.0,2.0,2.6,2.4,0,1,0
1589,1,145,41.5,36,0,1,0,0,1,29,0.3867109616368213,-0.9222009716704516,158.0,91.0,128.4,124.06666666666666,32.8,49.6,34.279999999999994,33.99333333333333,50.0,31.0,46.4,60.06666666666667,4.0,1.0,2.6,2.3333333333333335,1,2,0
1590,1,186,40.8,79,0,0,0,1,1,30,0.3826834323650899,-0.9238795325112867,145.0,75.0,150.6,126.0,41.5,24.1,37.62,35.18666666666666,36.0,42.0,53.8,59.6,1.0,2.0,2.4,2.2,1,2,1
1591,1,169,49.7,54,0,1,0,1,2,31,0.37864861735243294,-0.9255405040175664,186.0,183.0,147.8,126.53333333333333,40.8,40.9,39.379999999999995,37.120000000000005,79.0,67.0,51.2,57.266666666666666,1.0,4.0,2.0,2.1333333333333333,1,2,0
1592,1,117,23.9,40,0,1,0,1,2,32,0.3746065934159118,-0.9271838545667875,169.0,81.0,155.0,124.66666666666667,49.7,32.1,37.739999999999995,36.093333333333334,54.0,37.0,51.8,55.4,2.0,2.0,2.0,2.066666666666667,1,2,0
1593,1,113,23.1,41,1,0,1,0,2,33,0.3705574375098363,-0.9288095528719242,117.0,158.0,146.0,120.33333333333333,23.9,32.8,35.8,35.08666666666667,40.0,50.0,50.0,54.4,2.0,4.0,1.6,2.066666666666667,0,1,0
1594,1,97,41.7,77,1,0,1,1,3,34,0.3665012267242976,-0.9304175679820245,113.0,145.0,136.4,120.93333333333334,23.1,41.5,35.84,35.440000000000005,41.0,36.0,58.2,54.53333333333333,2.0,1.0,2.0,2.0,1,2,1
1595,1,53,37.4,64,1,0,1,0,2,35,0.36243803828370136,-0.9320078692827987,97.0,186.0,109.8,114.66666666666667,41.7,40.8,35.160000000000004,36.13333333333333,77.0,79.0,55.2,55.8,3.0,1.0,2.2,2.066666666666667,1,3,1
1596,1,80,28.2,60,1,0,1,1,3,36,0.35836794954530066,-0.9335804264972016,53.0,169.0,92.0,115.8,37.4,49.7,30.860000000000003,35.9,64.0,54.0,56.4,54.4,2.0,2.0,2.4,2.2666666666666666,0,1,1
1597,1,188,22.4,68,0,1,0,1,2,37,0.35429103799771566,-0.9351352096860118,80.0,117.0,106.2,120.26666666666667,28.2,23.9,30.560000000000002,34.873333333333335,60.0,40.0,62.0,54.13333333333333,3.0,2.0,2.4,2.2,1,2,1
1598,1,170,22.6,30,0,0,0,1,1,38,0.35020738125946793,-0.9366721892483975,188.0,113.0,117.6,127.06666666666666,22.4,23.1,30.46,34.053333333333335,68.0,41.0,59.8,51.733333333333334,2.0,2.0,2.2,2.1333333333333333,0,1,0
1599,1,102,46.8,84,0,0,1,1,2,39,0.34611705707749285,-0.9381913359224842,170.0,97.0,118.6,127.8,22.6,41.7,31.479999999999997,33.86666666666667,30.0,77.0,61.2,55.266666666666666,1.0,3.0,2.0,2.2,1,3,1
1600,1,108,25.8,87,0,1,0,0,1,40,0.3420201433256689,-0.9396926207859083,102.0,53.0,129.6,130.0,46.8,37.4,29.160000000000004,33.980000000000004,84.0,64.0,65.8,58.266666666666666,2.0,2.0,1.8,2.1333333333333333,1,3,1
1601,1,122,29.7,50,0,1,1,1,3,41,0.3379167180033274,-0.9411760152563705,108.0,80.0,138.0,125.93333333333334,25.8,28.2,29.46,33.233333333333334,87.0,60.0,63.8,57.13333333333333,1.0,3.0,1.8,2.066666666666667,1,2,0
1602,1,100,26.8,71,0,1,0,1,2,42,0.3338068592337712,-0.9426414910921783,122.0,188.0,120.4,127.2,29.7,22.4,30.340000000000003,32.88,50.0,68.0,64.4,59.4,3.0,2.0,1.8,2.066666666666667,1,2,1
1603,1,128,30.6,42,1,1,1,0,3,43,0.32969064526278735,-0.9440890203927842,100.0,170.0,112.0,125.2,26.8,22.6,31.940000000000005,32.733333333333334,71.0,30.0,66.8,58.86666666666667,2.0,1.0,2.2,2.0,1,3,0
1604,1,105,22.1,81,0,0,0,1,1,44,0.32556815445715703,-0.9455185755993167,128.0,102.0,112.6,122.53333333333333,30.6,46.8,27.0,31.44,42.0,84.0,66.2,61.86666666666667,3.0,2.0,2.0,2.0,1,2,1
1605,1,127,35.6,86,0,0,1,1,2,45,0.32143946530316175,-0.9469301294951056,105.0,108.0,116.4,118.6,22.1,25.8,28.96,31.09333333333333,81.0,87.0,66.0,62.333333333333336,1.0,1.0,2.2,2.066666666666667,0,1,1
1606,1,198,22.0,66,1,0,1,0,2,46,0.31730465640509214,-0.9483236552061993,127.0,122.0,131.6,120.53333333333333,35.6,29.7,27.420000000000005,29.24666666666667,86.0,50.0,69.2,63.13333333333333,2.0,3.0,2.0,2.066666666666667,0,1,1
1607,1,69,44.0,88,0,1,1,0,2,47,0.3131638064837498,-0.9496991262018769,198.0,100.0,125.4,117.33333333333333,22.0,26.8,30.860000000000003,30.58666666666667,66.0,71.0,72.6,66.33333333333333,2.0,2.0,2.0,2.066666666666667,0,1,1
1608,1,126,27.0,86,0,1,1,1,3,48,0.3090169943749475,-0.9510565162951535,69.0,128.0,125.0,118.2,44.0,30.6,30.139999999999997,30.84666666666667,88.0,42.0,81.4,69.33333333333333,2.0,3.0,2.0,2.1333333333333333,0,1,1
1609,1,182,36.2,79,0,0,0,1,1,49,0.30486429902801077,-0.9523957996432784,126.0,105.0,140.4,123.86666666666666,27.0,22.1,32.96,30.480000000000004,86.0,81.0,81.0,69.46666666666667,3.0,1.0,2.0,2.0,1,2,1
1610,1,84,46.4,70,0,0,0,0,0,50,0.30070579950427334,-0.9537169507482268,182.0,127.0,131.8,125.93333333333334,36.2,35.6,35.12,31.08,79.0,86.0,77.8,69.86666666666666,1.0,2.0,1.6,1.8666666666666667,1,2,0
1611,1,150,39.5,52,1,1,1,1,4,51,0.296541574975571,-0.9550199444571866,84.0,198.0,122.2,130.6,46.4,22.0,38.620000000000005,31.833333333333332,70.0,66.0,75.0,69.33333333333333,0.0,2.0,2.0,1.9333333333333333,0,1,0
1612,1,81,36.0,58,1,0,1,1,3,52,0.2923717047227366,-0.9563047559630355,150.0,69.0,124.6,123.46666666666667,39.5,44.0,37.02,32.74,52.0,88.0,69.0,68.66666666666667,4.0,2.0,2.2,2.0,0,1,0
1613,1,93,29.7,33,0,0,0,1,1,53,0.28819626813408944,-0.9575713608048144,81.0,126.0,118.0,118.33333333333333,36.0,27.0,37.56,33.21333333333333,58.0,86.0,58.4,68.86666666666666,3.0,3.0,1.8,2.0,1,3,0
1614,1,159,30.0,74,0,1,0,1,2,54,0.2840153447039226,-0.958819734868193,93.0,182.0,113.4,122.13333333333334,29.7,36.2,36.32,32.093333333333334,33.0,79.0,57.4,68.2,1.0,1.0,2.0,2.0,1,2,1
1615,1,88,40.1,71,1,0,0,1,2,55,0.2798290140309927,-0.9600498543859285,159.0,84.0,114.2,120.8,30.0,46.4,35.06,33.04666666666667,74.0,70.0,57.6,67.13333333333334,2.0,0.0,2.4,2.066666666666667,0,1,1
1616,1,98,49.8,58,1,0,1,0,2,56,0.2756373558169992,-0.9612616959383189,88.0,150.0,103.8,119.2,40.1,39.5,37.12,34.38666666666666,71.0,52.0,58.8,67.66666666666667,2.0,4.0,2.0,2.0,1,2,0
1617,1,83,39.9,51,0,1,1,1,3,57,0.2714404498650746,-0.9624552364536472,98.0,81.0,104.2,118.06666666666666,49.8,36.0,37.9,35.26,58.0,58.0,57.4,66.33333333333333,2.0,3.0,2.0,2.066666666666667,0,1,0
1618,1,95,36.7,88,0,0,0,0,0,58,0.2672383760782566,-0.9636304532086231,83.0,93.0,104.6,115.86666666666666,39.9,29.7,39.3,35.666666666666664,51.0,33.0,68.4,69.4,3.0,1.0,1.8,1.8666666666666667,1,2,1
1619,1,195,41.9,67,0,1,1,1,3,59,0.2630312144579752,-0.9647873238288128,95.0,159.0,111.8,121.86666666666666,36.7,30.0,41.68,36.986666666666665,88.0,74.0,67.0,68.46666666666667,0.0,2.0,2.0,2.0,0,1,1
1620,1,151,34.0,43,0,1,0,1,2,0,0.258819045102521,-0.9659258262890682,195.0,88.0,124.4,123.46666666666667,41.9,40.1,40.46,36.879999999999995,67.0,71.0,61.4,65.6,3.0,2.0,2.0,2.0,1,2,0
1621,1,149,21.8,50,1,0,1,1,3,1,0.2546019482055273,-0.9670459389139432,151.0,98.0,134.6,120.2,34.0,49.8,34.86,36.86666666666667,43.0,58.0,59.8,64.53333333333333,2.0,2.0,2.2,2.066666666666667,1,2,1
1622,1,58,36.9,43,0,0,0,1,1,2,0.2503800040544418,-0.9681476403781076,149.0,83.0,129.6,119.46666666666667,21.8,39.9,34.260000000000005,36.39333333333333,50.0,51.0,58.2,61.53333333333333,3.0,3.0,1.8,2.0,0,1,0
1623,1,79,48.7,85,1,0,0,1,2,3,0.2461532930289928,-0.9692309097067544,58.0,95.0,126.4,116.33333333333333,36.9,36.7,36.660000000000004,37.84,43.0,88.0,57.6,61.46666666666667,1.0,0.0,2.2,1.9333333333333333,1,2,1
1624,1,158,25.3,43,1,0,0,1,2,4,0.24192189559966817,-0.9702957262759964,79.0,195.0,119.0,114.73333333333333,48.7,41.9,33.34,37.11333333333334,85.0,67.0,52.8,59.06666666666667,2.0,3.0,2.0,2.0,1,2,0
1625,1,111,40.7,70,1,0,1,1,3,5,0.23768589232617293,-0.9713420698132614,158.0,151.0,111.0,116.53333333333333,25.3,34.0,34.68,36.733333333333334,43.0,43.0,58.2,59.06666666666667,2.0,2.0,2.2,2.2,1,2,1
1626,1,179,26.0,58,1,0,1,0,2,6,0.23344536385590553,-0.9723699203976766,111.0,149.0,117.0,118.46666666666667,40.7,21.8,35.519999999999996,35.833333333333336,70.0,50.0,59.8,59.46666666666667,3.0,3.0,2.0,2.066666666666667,1,3,1
1627,1,136,36.1,43,1,1,0,0,2,7,0.22920039092241454,-0.9733792584604484,179.0,58.0,132.6,122.13333333333334,26.0,36.9,35.36,35.84,58.0,43.0,59.8,58.46666666666667,2.0,1.0,2.2,2.0,0,1,0
1628,1,114,22.9,66,0,1,1,1,3,8,0.2249510543438652,-0.9743700647852351,136.0,79.0,139.6,123.53333333333333,36.1,48.7,30.2,35.38666666666667,43.0,85.0,56.0,60.666666666666664,2.0,2.0,2.4,2.1333333333333333,1,2,1
1629,1,73,33.5,71,1,0,0,0,1,9,0.22069743502150113,-0.9753423205085127,114.0,158.0,122.6,117.8,22.9,25.3,31.839999999999996,35.620000000000005,66.0,43.0,61.6,60.46666666666667,3.0,2.0,2.2,2.066666666666667,0,0,1
1630,1,111,42.7,80,1,1,0,1,3,10,0.21643961393810318,-0.9762960071199333,73.0,111.0,122.6,119.33333333333333,33.5,40.7,32.239999999999995,35.79333333333333,71.0,70.0,63.6,61.06666666666667,1.0,3.0,2.2,2.1333333333333333,1,3,1
1631,1,154,30.4,88,0,1,1,1,3,11,0.21217767215644642,-0.9772311064626789,111.0,179.0,117.6,123.06666666666666,42.7,26.0,33.12,34.5,80.0,58.0,69.6,63.06666666666667,3.0,2.0,2.4,2.2,1,2,1
1632,1,93,39.9,61,0,1,0,0,1,12,0.20791169081775931,-0.9781476007338057,154.0,136.0,109.0,123.73333333333333,30.4,36.1,33.88,34.5,88.0,43.0,73.2,63.733333333333334,3.0,2.0,2.2,2.066666666666667,1,2,0
1633,1,83,43.9,75,1,0,1,1,3,13,0.2036417511401777,-0.9790454724845838,93.0,114.0,102.8,122.93333333333334,39.9,22.9,38.08,34.980000000000004,61.0,66.0,75.0,62.86666666666667,1.0,3.0,2.2,2.2666666666666666,0,1,1
1634,1,131,47.8,42,1,1,1,1,4,14,0.19936793441719725,-0.9799247046208296,83.0,73.0,114.4,118.66666666666667,43.9,33.5,40.94,35.373333333333335,75.0,71.0,69.2,61.2,3.0,1.0,2.8,2.3333333333333335,0,1,0
1635,1,89,27.0,81,1,0,0,0,1,15,0.19509032201612816,-0.9807852804032304,131.0,111.0,110.0,114.53333333333333,47.8,42.7,37.8,34.906666666666666,42.0,80.0,69.4,63.733333333333334,4.0,3.0,2.4,2.2666666666666666,0,1,1
1636,1,121,32.0,76,0,0,0,0,0,16,0.19080899537654497,-0.9816271834476639,89.0,154.0,103.4,112.66666666666667,27.0,30.4,38.12,35.586666666666666,81.0,88.0,67.0,65.46666666666667,1.0,3.0,1.8,2.066666666666667,1,2,1
1637,1,192,24.6,62,1,0,0,0,1,17,0.18652403600873463,-0.9824503977255097,121.0,93.0,123.2,121.6,32.0,39.9,35.06,34.766666666666666,76.0,61.0,67.2,66.73333333333333,0.0,1.0,1.8,2.066666666666667,0,1,1
1638,1,137,49.8,71,1,1,1,1,4,18,0.18223552549214728,-0.9832549075639546,192.0,83.0,134.0,125.46666666666667,24.6,43.9,36.239999999999995,34.84,62.0,75.0,66.4,65.8,1.0,3.0,2.0,2.2,0,1,0
1639,1,104,47.8,57,0,1,1,1,3,19,0.17794354547384186,-0.9840406976462909,137.0,131.0,128.6,121.86666666666666,49.8,47.8,36.239999999999995,36.34,71.0,42.0,69.4,66.73333333333333,4.0,4.0,1.8,2.2666666666666666,1,3,0
1640,1,75,36.2,60,1,1,1,1,4,20,0.17364817766693028,-0.984807753012208,104.0,89.0,125.8,119.46666666666667,47.8,27.0,38.08,36.04,57.0,81.0,65.2,66.06666666666666,3.0,1.0,2.4,2.3333333333333335,0,0,0
1641,1,140,45.3,71,0,0,0,0,0,21,0.16934950384902525,-0.9855560590580776,75.0,121.0,129.6,116.86666666666666,36.2,32.0,40.739999999999995,37.32666666666667,60.0,76.0,64.2,66.93333333333334,4.0,0.0,2.4,2.2,1,2,1
1642,1,106,35.6,58,0,1,1,1,3,22,0.16504760586067765,-0.9862856015372314,140.0,192.0,112.4,114.86666666666666,45.3,24.6,42.94,37.29333333333333,71.0,62.0,63.4,67.93333333333334,0.0,1.0,2.8,2.2666666666666666,1,2,0
1643,1,74,38.7,39,1,0,1,1,3,23,0.16074256560382638,-0.9869963665602318,106.0,137.0,99.8,112.2,35.6,49.8,40.72,38.34666666666667,58.0,71.0,57.0,66.13333333333334,3.0,4.0,2.6,2.2666666666666666,0,0,0
1644,1,198,22.7,76,1,1,0,0,2,24,0.15643446504023054,-0.9876883405951378,74.0,104.0,118.6,120.53333333333333,38.7,47.8,35.7,37.626666666666665,39.0,57.0,60.8,66.46666666666667,3.0,3.0,2.4,2.3333333333333335,1,2,1
1645,1,58,42.7,34,0,0,1,0,1,25,0.15212338618991708,-0.9883615104677607,198.0,75.0,115.2,117.0,22.7,36.2,37.0,37.626666666666665,76.0,60.0,55.6,63.4,2.0,4.0,1.8,2.2,1,3,0
1646,1,62,23.8,55,1,1,0,1,3,26,0.14780941112961038,-0.9890158633619168,58.0,140.0,99.6,110.86666666666666,42.7,45.3,32.7,37.18666666666666,34.0,71.0,52.4,61.2,1.0,0.0,2.4,2.2,0,1,1
1647,1,77,44.8,83,1,0,1,0,2,27,0.1434926219911798,-0.9896513868196701,62.0,106.0,93.8,109.8,23.8,35.6,34.54,37.513333333333335,55.0,58.0,57.4,62.666666666666664,3.0,3.0,2.2,2.2666666666666666,1,2,1
1648,1,128,43.5,35,0,1,1,0,2,28,0.13917310096006574,-0.9902680687415703,77.0,74.0,104.6,112.8,44.8,38.7,35.5,37.48666666666667,83.0,39.0,56.6,60.0,2.0,3.0,2.0,2.2,0,1,0
1649,1,188,41.3,68,1,1,1,1,4,29,0.13485093027372316,-0.9908658973868822,128.0,198.0,102.6,116.6,43.5,22.7,39.21999999999999,37.05333333333333,35.0,76.0,55.0,61.733333333333334,2.0,2.0,2.4,2.2,1,3,1
1650,1,54,21.1,86,1,0,0,1,2,30,0.130526192220052,-0.9914448613738104,188.0,58.0,101.8,114.26666666666667,41.3,42.7,34.9,36.66,68.0,34.0,65.4,62.06666666666667,4.0,1.0,2.6,2.2666666666666666,1,2,1
1651,1,55,29.1,53,1,1,0,1,3,31,0.12619896913582956,-0.992004949679715,54.0,62.0,100.4,109.86666666666666,21.1,23.8,35.959999999999994,36.46666666666667,86.0,55.0,65.0,60.53333333333333,2.0,3.0,2.6,2.466666666666667,1,2,0
1652,1,130,27.9,73,0,1,0,0,1,32,0.12186934340514755,-0.992546151641322,55.0,77.0,111.0,105.73333333333333,29.1,44.8,32.58,36.686666666666675,53.0,83.0,63.0,61.266666666666666,3.0,2.0,2.4,2.466666666666667,0,1,1
1653,1,58,30.8,38,1,1,1,0,3,33,0.11753739745783798,-0.9930684569549263,130.0,128.0,97.0,100.46666666666667,27.9,43.5,30.04,35.419999999999995,73.0,35.0,63.6,59.06666666666667,1.0,2.0,2.6,2.4,0,1,0
1654,1,52,22.6,73,0,0,0,0,0,34,0.11320321376790689,-0.9935718556765875,58.0,188.0,69.8,97.0,30.8,41.3,26.3,33.74,38.0,68.0,64.6,60.13333333333333,3.0,4.0,1.8,2.2,0,1,1
1655,1,100,48.1,84,0,1,0,1,2,35,0.10886687485196457,-0.9940563382223196,52.0,54.0,79.0,98.66666666666667,22.6,21.1,31.7,34.53333333333333,73.0,86.0,64.2,61.733333333333334,0.0,2.0,1.8,2.066666666666667,1,2,1
1656,1,177,36.6,60,0,0,0,1,1,36,0.10452846326765373,-0.9945218953682733,100.0,55.0,103.4,101.13333333333334,48.1,29.1,33.2,33.95333333333333,84.0,53.0,65.6,61.0,2.0,3.0,1.4,2.1333333333333333,1,2,1
1657,1,78,29.2,52,0,0,1,1,2,37,0.10018806161207638,-0.9949685182509117,177.0,130.0,93.0,99.26666666666667,36.6,27.9,33.46,33.52666666666667,60.0,73.0,61.4,60.6,1.0,1.0,1.6,2.066666666666667,1,2,0
1658,1,191,31.9,47,0,0,1,0,1,38,0.09584575252022391,-0.9953961983671789,78.0,58.0,119.6,107.06666666666666,29.2,30.8,33.68,33.07333333333334,52.0,38.0,63.2,61.13333333333333,2.0,3.0,1.2,1.9333333333333333,1,3,0
1659,1,84,33.4,33,0,0,0,1,1,39,0.09150161866340258,-0.9958049275746617,191.0,52.0,126.0,99.46666666666667,31.9,22.6,35.839999999999996,33.78666666666666,47.0,73.0,55.2,58.266666666666666,1.0,0.0,1.4,1.8666666666666667,0,1,0
1660,1,58,38.0,74,1,1,0,0,2,40,0.0871557427476582,-0.9961946980917455,84.0,100.0,117.6,99.46666666666667,33.4,48.1,33.81999999999999,33.47333333333333,33.0,84.0,53.2,60.93333333333333,1.0,2.0,1.4,1.9333333333333333,1,2,1
1661,1,185,35.5,64,1,1,1,0,3,41,0.08280820751220419,-0.9965655024977614,58.0,177.0,119.2,107.66666666666667,38.0,36.6,33.6,34.25333333333333,74.0,60.0,54.0,61.53333333333333,2.0,1.0,1.8,1.9333333333333333,0,1,1
1662,1,98,47.6,84,1,0,1,1,3,42,0.07845909572784551,-0.996917333733128,185.0,78.0,123.2,109.06666666666666,35.5,29.2,37.28,34.440000000000005,64.0,52.0,60.4,61.6,3.0,2.0,2.0,2.0,1,2,1
1663,1,166,34.9,85,1,1,1,1,4,43,0.07410849019539918,-0.9972501850994857,98.0,191.0,118.2,111.6,47.6,31.9,37.879999999999995,33.86666666666667,84.0,47.0,68.0,64.93333333333334,3.0,1.0,2.6,2.1333333333333333,1,3,1
1664,1,99,49.8,58,0,0,0,1,1,44,0.06975647374412597,-0.9975640502598242,166.0,84.0,121.2,105.66666666666667,34.9,33.4,41.160000000000004,34.43333333333333,85.0,33.0,73.0,64.26666666666667,4.0,1.0,2.6,1.9333333333333333,0,1,0
1665,1,96,45.5,85,0,1,1,1,3,45,0.06540312923014312,-0.9978589232386035,99.0,58.0,128.8,108.46666666666667,49.8,38.0,42.660000000000004,36.059999999999995,58.0,74.0,75.2,64.2,1.0,2.0,2.8,2.0,1,2,1
1666,1,100,26.3,47,0,0,1,1,2,46,0.06104853953485675,-0.998134798421867,96.0,185.0,111.8,111.46666666666667,45.5,35.5,40.82000000000001,35.873333333333335,85.0,64.0,71.8,63.8,3.0,3.0,2.6,1.9333333333333333,1,2,0
1667,1,167,47.9,80,0,1,1,0,2,47,0.056692787563378096,-0.9983916705573488,100.0,98.0,125.6,113.93333333333334,26.3,47.6,40.879999999999995,37.20666666666667,47.0,84.0,71.0,64.26666666666667,2.0,3.0,2.4,2.0,1,2,1
1668,1,150,23.5,80,1,0,1,0,2,48,0.05233595624294381,-0.9986295347545738,167.0,166.0,122.4,120.06666666666666,47.9,34.9,38.6,36.720000000000006,80.0,85.0,70.0,67.06666666666666,2.0,4.0,2.0,1.9333333333333333,0,1,1
1669,1,157,44.5,65,1,1,1,1,4,49,0.04797812852134419,-0.9988483864849507,150.0,99.0,134.0,127.06666666666666,23.5,49.8,37.54,38.18,80.0,58.0,71.4,66.53333333333333,2.0,1.0,2.6,2.2,0,1,0
1670,1,108,31.4,67,0,0,0,1,1,50,0.043619387365335625,-0.9990482215818578,157.0,96.0,136.4,127.6,44.5,45.5,34.72,37.06666666666667,65.0,85.0,67.8,65.4,4.0,3.0,2.2,2.1333333333333333,1,2,1
1671,1,122,46.3,70,1,1,0,0,2,51,0.03925981575906895,-0.9992290362407229,108.0,100.0,140.8,123.93333333333334,31.4,26.3,38.72,37.71333333333333,67.0,47.0,72.4,66.06666666666666,1.0,2.0,2.2,2.2,0,1,1
1672,1,64,46.0,76,0,1,1,1,3,52,0.0348994967025007,-0.9993908270190958,122.0,167.0,120.2,123.0,46.3,47.9,38.339999999999996,38.833333333333336,70.0,80.0,71.6,67.66666666666667,2.0,2.0,2.4,2.2666666666666666,0,1,1
1673,1,89,44.2,59,0,0,0,0,0,53,0.030538513209823103,-0.9995335908367129,64.0,150.0,108.0,116.2,46.0,23.5,42.48,39.653333333333336,76.0,80.0,67.4,68.46666666666667,3.0,2.0,2.0,2.2,1,3,0
1674,1,89,43.7,63,1,0,1,1,3,54,0.026176948307873423,-0.9996573249755573,89.0,157.0,94.4,116.53333333333333,44.2,44.5,42.32,40.339999999999996,59.0,65.0,67.0,70.46666666666667,0.0,4.0,1.8,2.3333333333333335,1,2,0
1675,1,139,29.1,59,0,1,1,1,3,55,0.021814885034561218,-0.9997620270799091,89.0,108.0,100.6,121.93333333333334,43.7,31.4,41.86,39.74666666666666,63.0,67.0,65.4,69.46666666666667,3.0,1.0,2.2,2.4,1,2,1
1676,1,170,22.4,43,1,1,0,1,3,56,0.017452406437283883,-0.9998476951563913,139.0,122.0,110.2,120.93333333333334,29.1,46.3,37.08,38.87333333333333,59.0,70.0,60.0,68.06666666666666,3.0,2.0,2.4,2.4,0,1,0
1677,1,93,32.1,44,0,0,1,0,1,57,0.013089595571344636,-0.999914327574007,170.0,64.0,116.0,120.6,22.4,46.0,34.3,37.84,43.0,76.0,53.6,65.4,3.0,3.0,2.0,2.2666666666666666,1,2,0
1678,1,58,25.2,89,1,1,1,0,3,58,0.008726535498373959,-0.9999619230641713,93.0,89.0,109.8,113.4,32.1,44.2,30.5,37.193333333333335,44.0,59.0,59.6,65.66666666666667,1.0,0.0,2.6,2.2,0,1,1
1679,1,62,40.8,84,1,1,0,0,2,59,0.004363309284746866,-0.9999904807207345,58.0,89.0,104.4,110.93333333333334,25.2,43.7,29.919999999999998,36.593333333333334,89.0,63.0,63.8,67.4,3.0,3.0,2.4,2.2666666666666666,1,3,1
1680,1,106,30.4,68,0,0,0,0,0,0,1.2246467991473532e-16,-1.0,62.0,139.0,97.8,111.6,40.8,29.1,30.18,35.586666666666666,84.0,59.0,65.6,66.26666666666667,2.0,3.0,1.8,2.066666666666667,0,0,1
1681,1,147,49.3,50,1,0,0,1,2,1,-0.0043633092847466205,-0.9999904807207345,106.0,170.0,93.2,114.73333333333333,30.4,22.4,35.559999999999995,37.12,68.0,43.0,67.0,66.46666666666667,0.0,3.0,1.6,2.066666666666667,0,1,0
1682,1,195,39.2,85,1,1,1,1,4,2,-0.008726535498373713,-0.9999619230641713,147.0,93.0,113.6,116.6,49.3,32.1,36.980000000000004,36.54,50.0,44.0,75.2,66.8,2.0,1.0,2.2,2.2,1,2,1
1683,1,193,44.7,56,1,1,0,1,3,3,-0.013089595571344391,-0.999914327574007,195.0,58.0,140.6,119.46666666666667,39.2,25.2,40.88,37.95333333333334,85.0,89.0,68.6,65.2,4.0,3.0,2.2,2.2666666666666666,0,1,0
1684,1,195,24.0,85,1,1,0,0,2,4,-0.017452406437283637,-0.9998476951563913,193.0,62.0,167.2,122.0,44.7,40.8,37.519999999999996,36.58666666666667,56.0,84.0,68.8,66.53333333333333,3.0,2.0,2.2,2.1333333333333333,1,2,1
1685,1,194,45.9,31,0,0,1,1,2,5,-0.021814885034560975,-0.9997620270799091,195.0,106.0,184.8,127.73333333333333,24.0,30.4,40.62,37.553333333333335,85.0,68.0,61.4,64.13333333333334,2.0,0.0,2.6,2.2,1,3,0
1686,1,110,47.7,57,0,0,1,1,2,6,-0.026176948307873177,-0.9996573249755573,194.0,147.0,177.4,126.93333333333334,45.9,49.3,40.3,37.64666666666666,31.0,50.0,62.8,63.266666666666666,2.0,2.0,2.6,2.2,1,2,0
1687,1,83,34.6,60,0,1,0,1,2,7,-0.030538513209822857,-0.9995335908367129,110.0,195.0,155.0,128.2,47.7,39.2,39.38,36.88666666666666,57.0,85.0,57.8,62.2,2.0,4.0,2.2,2.1333333333333333,1,2,1
1688,1,115,38.2,44,0,0,1,0,1,8,-0.034899496702500456,-0.9993908270190958,83.0,193.0,139.4,129.93333333333334,34.6,44.7,38.08,36.486666666666665,60.0,56.0,55.4,61.2,2.0,3.0,1.8,2.2,0,1,0
1689,1,200,42.9,75,0,0,0,0,0,9,-0.03925981575906871,-0.9992290362407229,115.0,195.0,140.4,137.33333333333334,38.2,24.0,41.86,36.43333333333333,44.0,85.0,53.4,62.0,1.0,2.0,1.4,2.0,1,2,1
1690,1,71,25.2,88,1,0,1,1,3,10,-0.04361938736533538,-0.9990482215818578,200.0,194.0,115.8,132.8,42.9,45.9,37.72,36.17333333333333,75.0,31.0,64.8,63.93333333333333,0.0,2.0,1.6,2.0,1,2,1
1691,1,113,35.1,73,0,1,1,1,3,11,-0.04797812852134395,-0.9988483864849507,71.0,110.0,116.4,129.0,25.2,47.7,35.2,37.019999999999996,88.0,57.0,68.0,65.93333333333334,3.0,2.0,1.8,2.0,1,2,1
1692,1,146,32.0,56,0,0,0,1,1,12,-0.052335956242943564,-0.9986295347545738,113.0,83.0,129.0,132.53333333333333,35.1,34.6,34.67999999999999,37.01333333333333,73.0,60.0,67.2,66.73333333333333,3.0,2.0,1.6,2.0,1,2,1
1693,1,141,24.4,35,0,0,1,1,2,13,-0.05669278756337785,-0.9983916705573488,146.0,115.0,134.2,138.06666666666666,32.0,38.2,31.919999999999998,36.96000000000001,56.0,44.0,65.4,63.13333333333333,1.0,1.0,1.8,1.9333333333333333,1,2,0
1694,1,167,31.0,76,1,1,0,1,3,14,-0.0610485395348565,-0.998134798421867,141.0,200.0,127.6,145.06666666666666,24.4,42.9,29.54,36.306666666666665,35.0,75.0,65.6,62.6,2.0,0.0,2.4,2.0,1,2,1
1695,1,65,22.0,67,1,1,1,1,4,15,-0.06540312923014287,-0.9978589232386035,167.0,71.0,126.4,142.33333333333334,31.0,25.2,28.9,35.74666666666667,76.0,88.0,61.4,62.53333333333333,3.0,3.0,2.6,2.2666666666666666,0,1,1
1696,1,110,20.8,55,1,1,0,0,2,16,-0.06975647374412572,-0.9975640502598242,65.0,113.0,125.8,139.86666666666667,22.0,35.1,26.04,33.846666666666664,67.0,73.0,57.8,62.86666666666667,4.0,3.0,2.4,2.2666666666666666,0,1,1
1697,1,105,24.1,60,0,0,0,0,0,17,-0.07410849019539895,-0.9972501850994857,110.0,146.0,117.6,133.86666666666667,20.8,32.0,24.46,32.84,55.0,56.0,58.6,61.2,2.0,1.0,2.2,2.0,1,3,1
1698,1,109,48.9,84,0,0,1,1,2,18,-0.07845909572784526,-0.996917333733128,105.0,141.0,111.2,128.26666666666668,24.1,24.4,29.360000000000003,33.12,60.0,35.0,68.4,63.06666666666667,0.0,2.0,2.2,1.9333333333333333,0,1,1
1699,1,124,36.5,83,0,0,1,0,1,19,-0.08280820751220395,-0.9965655024977614,109.0,167.0,102.6,123.53333333333333,48.9,31.0,30.46,33.95333333333333,84.0,76.0,69.8,62.93333333333333,2.0,3.0,1.8,1.8666666666666667,1,2,1
1700,1,158,49.0,68,0,0,0,0,0,20,-0.08715574274765794,-0.9961946980917455,124.0,65.0,121.2,121.13333333333334,36.5,22.0,35.86,34.16,83.0,67.0,70.0,65.4,1.0,4.0,1.0,1.7333333333333334,0,1,0
1701,1,132,33.0,53,1,1,0,1,3,21,-0.09150161866340234,-0.9958049275746618,158.0,110.0,125.6,122.6,49.0,20.8,38.3,33.18,68.0,55.0,69.6,65.13333333333334,0.0,2.0,1.2,1.8,0,1,0
1702,1,161,29.4,82,1,1,1,1,4,22,-0.09584575252022366,-0.9953961983671789,132.0,105.0,136.8,127.8,33.0,24.1,39.36,32.833333333333336,53.0,60.0,74.0,66.6,3.0,0.0,2.0,1.9333333333333333,1,3,1
1703,1,164,35.2,44,0,0,0,0,0,23,-0.10018806161207613,-0.9949685182509117,161.0,109.0,147.8,131.06666666666666,29.4,48.9,36.62,32.63333333333333,82.0,84.0,66.0,66.6,4.0,2.0,1.6,1.8666666666666667,0,1,0
1704,1,127,33.2,75,1,1,0,1,3,24,-0.1045284632676535,-0.9945218953682733,164.0,124.0,148.4,126.2,35.2,36.5,35.96,31.986666666666668,44.0,83.0,64.4,66.6,0.0,1.0,2.0,2.066666666666667,1,2,1
1705,1,83,23.2,34,1,0,0,0,1,25,-0.10886687485196432,-0.9940563382223196,127.0,158.0,133.4,127.0,33.2,49.0,30.8,31.853333333333335,75.0,68.0,57.6,63.0,3.0,0.0,2.2,1.9333333333333333,1,3,0
1706,1,146,39.2,58,1,1,0,0,2,26,-0.11320321376790664,-0.9935718556765875,83.0,132.0,136.2,129.2,23.2,33.0,32.04,32.126666666666665,34.0,53.0,58.6,62.0,1.0,3.0,2.0,1.8666666666666667,0,1,0
1707,1,119,26.5,88,0,0,0,1,1,27,-0.11753739745783774,-0.9930684569549263,146.0,161.0,127.8,127.4,39.2,29.4,31.46,31.759999999999998,58.0,82.0,59.8,64.13333333333334,2.0,4.0,1.4,1.8666666666666667,0,0,1
1708,1,146,38.6,40,0,0,0,1,1,28,-0.12186934340514731,-0.9925461516413221,119.0,164.0,124.2,127.73333333333333,26.5,35.2,32.14,32.70666666666667,88.0,44.0,59.0,64.46666666666667,1.0,0.0,1.6,1.8,1,2,0
1709,1,131,39.5,69,1,0,0,1,2,29,-0.12619896913582931,-0.9920049496797151,146.0,127.0,125.0,125.33333333333333,38.6,33.2,33.4,33.27333333333333,40.0,75.0,57.8,64.0,1.0,3.0,1.4,1.7333333333333334,1,3,1
1710,1,114,24.6,77,1,1,1,0,3,30,-0.13052619222005177,-0.9914448613738104,131.0,83.0,131.2,128.6,39.5,23.2,33.68,33.44666666666667,69.0,34.0,66.4,64.66666666666667,2.0,1.0,1.8,1.6666666666666667,0,0,1
1711,1,117,21.8,38,0,1,1,0,2,31,-0.1348509302737229,-0.9908658973868822,114.0,146.0,125.4,129.06666666666666,24.6,39.2,30.2,33.513333333333335,77.0,58.0,62.4,63.53333333333333,3.0,2.0,1.8,1.6666666666666667,1,3,0
1712,1,198,43.4,35,1,0,0,0,1,32,-0.13917310096006552,-0.9902680687415703,117.0,119.0,141.2,135.26666666666668,21.8,26.5,33.58,34.8,38.0,88.0,51.8,61.86666666666667,2.0,1.0,1.8,1.7333333333333334,1,2,0
1713,1,150,33.8,81,0,0,0,0,0,33,-0.14349262199117954,-0.9896513868196701,198.0,146.0,142.0,138.0,43.4,38.6,32.620000000000005,33.79333333333333,35.0,40.0,60.0,61.666666666666664,1.0,1.0,1.6,1.6,0,0,1
1714,1,83,21.7,80,1,1,0,0,2,34,-0.14780941112961016,-0.9890158633619169,150.0,131.0,132.4,135.26666666666668,33.8,39.5,29.060000000000002,32.806666666666665,81.0,69.0,62.2,61.46666666666667,0.0,2.0,1.6,1.6666666666666667,1,2,1
1715,1,130,49.8,35,0,0,1,0,1,35,-0.15212338618991683,-0.9883615104677607,83.0,114.0,135.6,133.4,21.7,24.6,34.1,32.86,80.0,77.0,53.8,59.266666666666666,2.0,3.0,1.2,1.7333333333333334,1,3,0
1716,1,79,21.7,85,1,1,1,0,3,36,-0.1564344650402303,-0.9876883405951378,130.0,117.0,128.0,129.86666666666667,49.8,21.8,34.08,32.10666666666667,35.0,38.0,63.2,61.4,1.0,2.0,1.4,1.7333333333333334,1,2,1
1717,1,195,40.9,81,1,0,0,0,1,37,-0.16074256560382613,-0.9869963665602319,79.0,198.0,127.4,132.13333333333333,21.7,43.4,33.58,32.873333333333335,85.0,35.0,72.4,61.333333333333336,3.0,1.0,1.4,1.5333333333333334,1,3,1
1718,1,65,49.5,30,0,0,0,0,0,38,-0.16504760586067743,-0.9862856015372314,195.0,150.0,110.4,125.53333333333333,40.9,33.8,36.71999999999999,33.82666666666667,81.0,81.0,62.2,60.4,1.0,0.0,1.4,1.5333333333333334,1,2,0
1719,1,184,27.2,61,1,1,1,1,4,39,-0.169349503849025,-0.9855560590580776,65.0,83.0,130.6,129.33333333333334,49.5,21.7,37.82,33.42666666666666,30.0,80.0,58.4,59.46666666666667,0.0,2.0,1.8,1.6,1,2,1
1720,1,189,24.3,74,1,0,0,0,1,40,-0.17364817766693003,-0.9848077530122081,184.0,130.0,142.4,136.4,27.2,49.8,32.720000000000006,33.5,61.0,35.0,66.2,62.13333333333333,4.0,1.0,1.8,1.6,1,2,1
1721,1,127,23.6,51,1,1,1,1,4,41,-0.1779435454738416,-0.9840406976462909,189.0,79.0,152.0,135.13333333333333,24.3,21.7,33.1,32.46,74.0,85.0,59.4,61.666666666666664,1.0,3.0,2.0,1.7333333333333334,0,1,1
1722,1,65,29.1,89,1,1,1,0,3,42,-0.18223552549214703,-0.9832549075639546,127.0,195.0,126.0,131.53333333333333,23.6,40.9,30.74,32.63333333333333,51.0,81.0,61.0,61.733333333333334,4.0,1.0,2.4,1.8666666666666667,0,1,1
1723,1,144,23.0,60,1,1,0,0,2,43,-0.18652403600873438,-0.9824503977255098,65.0,65.0,141.8,131.4,29.1,49.5,25.44,31.59333333333333,89.0,30.0,67.0,63.06666666666667,3.0,0.0,2.8,1.9333333333333333,0,1,1
1724,1,50,40.8,88,1,0,0,1,2,44,-0.19080899537654472,-0.981627183447664,144.0,184.0,115.0,126.0,23.0,27.2,28.160000000000004,31.68,60.0,61.0,72.4,64.33333333333333,2.0,4.0,2.4,1.9333333333333333,1,2,1
1725,1,146,21.9,48,0,0,1,1,2,45,-0.19509032201612792,-0.9807852804032305,50.0,189.0,106.4,128.13333333333333,40.8,24.3,27.68,31.5,88.0,74.0,67.2,62.4,2.0,1.0,2.6,1.8666666666666667,1,2,1
1726,1,137,35.3,46,0,1,1,0,2,46,-0.199367934417197,-0.9799247046208297,146.0,127.0,108.4,129.46666666666667,21.9,23.6,30.02,32.4,48.0,51.0,66.2,62.93333333333333,2.0,4.0,2.2,1.8666666666666667,1,2,0
1727,1,144,49.9,68,1,0,0,0,1,47,-0.20364175114017746,-0.9790454724845838,137.0,65.0,124.2,125.86666666666666,35.3,29.1,34.17999999999999,32.833333333333336,46.0,89.0,62.0,65.13333333333334,2.0,3.0,1.8,1.8666666666666667,1,3,0
1728,1,184,44.4,57,1,0,1,0,2,48,-0.20791169081775907,-0.9781476007338057,144.0,144.0,132.2,128.13333333333333,49.9,23.0,38.459999999999994,33.54,68.0,60.0,61.4,63.53333333333333,1.0,2.0,1.8,2.0,1,2,0
1729,1,82,38.5,67,0,1,0,0,1,49,-0.21217767215644617,-0.9772311064626789,184.0,50.0,138.6,128.06666666666666,44.4,40.8,38.0,34.66,57.0,88.0,57.2,62.666666666666664,2.0,2.0,1.6,1.9333333333333333,0,1,1
1730,1,171,29.2,61,0,0,0,0,0,50,-0.21643961393810293,-0.9762960071199334,82.0,146.0,143.6,130.8,38.5,21.9,39.46,33.28666666666667,67.0,48.0,59.8,64.4,1.0,2.0,1.2,1.8666666666666667,0,1,1
1731,1,117,38.7,77,1,0,1,1,3,51,-0.22069743502150088,-0.9753423205085128,171.0,137.0,139.6,133.33333333333334,29.2,35.3,40.14,34.419999999999995,61.0,46.0,66.0,63.86666666666667,0.0,2.0,1.4,1.8666666666666667,1,2,1
1732,1,130,35.8,90,0,0,0,1,1,52,-0.22495105434386498,-0.9743700647852352,117.0,144.0,136.8,129.0,38.7,49.9,37.32000000000001,34.08,77.0,68.0,70.4,64.46666666666667,3.0,1.0,1.4,1.8666666666666667,0,1,1
1733,1,92,32.8,74,0,0,0,1,1,53,-0.2292003909224143,-0.9733792584604485,130.0,184.0,118.4,130.8,35.8,44.4,35.0,32.96666666666667,90.0,57.0,73.8,67.4,1.0,2.0,1.2,1.9333333333333333,1,2,1
1734,1,79,23.9,31,1,0,0,1,2,54,-0.23344536385590528,-0.9723699203976767,92.0,82.0,117.8,123.8,32.8,38.5,32.08,32.74666666666666,74.0,67.0,66.6,65.4,1.0,1.0,1.4,1.8,0,1,0
1735,1,116,46.6,62,0,1,0,1,2,55,-0.2376858923261727,-0.9713420698132615,79.0,171.0,106.8,118.93333333333334,23.9,29.2,35.559999999999995,34.233333333333334,31.0,61.0,66.8,64.6,2.0,0.0,1.8,1.8666666666666667,0,1,0
1736,1,61,33.5,71,1,1,1,0,3,56,-0.24192189559966792,-0.9702957262759965,116.0,117.0,95.6,114.53333333333333,46.6,38.7,34.519999999999996,34.89333333333333,62.0,77.0,65.6,65.93333333333334,2.0,3.0,1.8,1.8,0,1,1
1737,1,127,25.8,39,0,0,1,0,1,57,-0.24615329302899255,-0.9692309097067545,61.0,130.0,95.0,118.66666666666667,33.5,35.8,32.52,34.67333333333333,71.0,90.0,55.4,62.6,3.0,1.0,1.8,1.6666666666666667,1,2,0
1738,1,130,31.0,73,1,0,1,1,3,58,-0.25038000405444155,-0.9681476403781077,127.0,92.0,102.6,117.73333333333333,25.8,32.8,32.160000000000004,35.20666666666667,39.0,74.0,55.2,63.46666666666667,1.0,1.0,2.2,1.7333333333333334,1,2,1
1739,1,158,32.4,55,0,1,1,1,3,59,-0.254601948205527,-0.9670459389139433,130.0,79.0,118.4,124.93333333333334,31.0,23.9,33.86,34.64666666666667,73.0,31.0,60.0,61.266666666666666,3.0,2.0,2.4,1.8,0,1,0
1740,1,61,44.8,61,0,0,0,0,0,0,-0.2588190451025208,-0.9659258262890683,158.0,116.0,107.4,119.26666666666667,32.4,46.6,33.5,36.17333333333333,55.0,62.0,59.8,62.13333333333333,3.0,2.0,2.0,1.6666666666666667,1,3,0
1741,1,182,42.0,63,1,0,1,0,2,1,-0.26303121445797495,-0.9647873238288129,61.0,61.0,131.6,122.26666666666667,44.8,33.5,35.2,36.62,61.0,71.0,58.2,63.266666666666666,0.0,3.0,1.8,1.6666666666666667,1,3,0
1742,1,94,43.1,69,0,0,0,0,0,2,-0.26723837607825635,-0.9636304532086232,182.0,127.0,125.0,118.93333333333334,42.0,25.8,38.66,36.166666666666664,63.0,39.0,64.2,63.333333333333336,2.0,1.0,1.6,1.6,1,2,1
1743,1,85,20.3,69,0,1,1,1,3,3,-0.2714404498650743,-0.9624552364536473,94.0,130.0,116.0,112.33333333333333,43.1,31.0,36.519999999999996,34.559999999999995,69.0,73.0,63.4,64.13333333333334,0.0,3.0,1.6,1.6666666666666667,1,2,1
1744,1,182,32.5,39,1,1,1,1,4,4,-0.275637355816999,-0.9612616959383189,85.0,158.0,120.8,119.0,20.3,32.4,36.54,34.16,69.0,55.0,60.2,62.266666666666666,3.0,3.0,1.8,1.8666666666666667,1,3,0
1745,1,118,34.4,83,0,0,0,0,0,5,-0.2798290140309925,-0.9600498543859286,182.0,61.0,132.2,115.46666666666667,32.5,44.8,34.46,34.50666666666667,39.0,61.0,64.6,63.733333333333334,4.0,0.0,1.8,1.8666666666666667,0,1,1
1746,1,128,20.6,78,0,1,1,0,2,6,-0.28401534470392237,-0.9588197348681932,118.0,182.0,121.4,116.2,34.4,42.0,30.18,33.3,83.0,63.0,67.6,63.8,0.0,2.0,1.8,1.8,0,1,1
1747,1,159,27.8,53,0,1,1,0,2,7,-0.2881962681340892,-0.9575713608048144,128.0,94.0,134.4,118.13333333333334,20.6,43.1,27.120000000000005,32.766666666666666,78.0,69.0,64.4,61.333333333333336,2.0,0.0,2.2,1.8666666666666667,0,1,1
1748,1,135,42.8,68,1,1,1,1,4,8,-0.2923717047227364,-0.9563047559630355,159.0,85.0,144.4,121.0,27.8,20.3,31.619999999999997,33.43333333333333,53.0,69.0,64.2,60.93333333333333,2.0,3.0,2.4,2.066666666666667,0,1,1
1749,1,152,24.1,85,1,0,0,0,1,9,-0.29654157497557077,-0.9550199444571867,135.0,182.0,138.4,125.86666666666666,42.8,32.5,29.939999999999998,33.446666666666665,68.0,39.0,73.4,64.53333333333333,4.0,4.0,1.8,2.0,0,0,1
1750,1,57,36.1,56,1,1,1,0,3,10,-0.30070579950427306,-0.9537169507482269,152.0,118.0,126.2,121.93333333333334,24.1,34.4,30.279999999999994,32.74666666666666,85.0,83.0,68.0,64.13333333333334,1.0,0.0,2.4,2.066666666666667,1,2,0
1751,1,147,26.5,37,1,0,1,1,3,11,-0.3048642990280105,-0.9523957996432785,57.0,128.0,130.0,127.66666666666667,36.1,20.6,31.46,32.28,56.0,78.0,59.8,61.86666666666667,3.0,2.0,2.6,2.066666666666667,0,1,0
1752,1,110,20.4,42,1,0,1,1,3,12,-0.3090169943749473,-0.9510565162951536,147.0,159.0,120.2,126.53333333333333,26.5,27.8,29.979999999999997,31.919999999999998,37.0,53.0,57.6,62.06666666666667,3.0,2.0,2.8,2.2,0,1,0
1753,1,77,27.2,49,0,0,1,1,2,13,-0.3131638064837496,-0.949699126201877,110.0,135.0,108.6,123.0,20.4,42.8,26.860000000000003,31.666666666666668,42.0,68.0,53.8,60.46666666666667,3.0,4.0,2.4,2.1333333333333333,1,3,0
1754,1,95,49.3,44,0,0,0,0,0,14,-0.3173046564050919,-0.9483236552061994,77.0,152.0,97.2,118.8,27.2,24.1,31.9,32.79333333333333,49.0,85.0,45.6,59.733333333333334,2.0,1.0,2.2,1.9333333333333333,0,1,0
1755,1,118,44.0,88,0,0,1,1,2,15,-0.32143946530316153,-0.9469301294951057,95.0,57.0,109.4,122.6,49.3,36.1,33.48,32.739999999999995,44.0,56.0,52.0,61.53333333333333,0.0,3.0,2.0,2.066666666666667,0,1,1
1756,1,129,48.8,55,0,0,0,0,0,16,-0.32556815445715676,-0.9455185755993167,118.0,147.0,105.8,119.06666666666666,44.0,26.5,37.94,33.193333333333335,88.0,37.0,55.6,61.0,2.0,3.0,1.4,1.9333333333333333,1,2,0
1757,1,175,34.6,47,0,1,0,0,1,17,-0.32969064526278713,-0.9440890203927843,129.0,110.0,118.8,124.46666666666667,48.8,20.4,40.779999999999994,32.62666666666667,55.0,42.0,56.6,59.53333333333333,0.0,3.0,1.0,2.0,1,2,0
1758,1,156,23.3,78,0,1,1,1,3,18,-0.33380685923377096,-0.9426414910921784,175.0,77.0,134.6,129.2,34.6,27.2,40.0,32.82666666666667,47.0,49.0,62.4,60.13333333333333,1.0,2.0,1.2,2.0,0,1,1
1759,1,82,36.4,48,0,0,0,1,1,19,-0.3379167180033272,-0.9411760152563705,156.0,95.0,132.0,122.53333333333333,23.3,49.3,37.419999999999995,33.086666666666666,78.0,44.0,63.2,60.733333333333334,3.0,0.0,1.4,1.8,0,1,0
1760,1,90,33.6,48,0,0,1,0,1,20,-0.34202014332566866,-0.9396926207859084,82.0,118.0,126.4,120.66666666666667,36.4,44.0,35.339999999999996,33.03333333333333,48.0,88.0,55.2,58.4,1.0,2.0,1.2,1.8666666666666667,1,2,0
1761,1,180,45.3,81,0,1,1,0,2,21,-0.34611705707749263,-0.9381913359224843,90.0,129.0,136.6,124.13333333333334,33.6,48.8,34.64,34.68,48.0,55.0,60.4,58.6,1.0,0.0,1.6,1.8666666666666667,0,1,1
1762,1,128,22.9,57,0,0,0,0,0,22,-0.3502073812594677,-0.9366721892483976,180.0,175.0,127.2,122.06666666666666,45.3,34.6,32.3,34.35333333333333,81.0,47.0,62.4,58.86666666666667,2.0,1.0,1.4,1.7333333333333334,1,3,1
1763,1,186,34.6,38,0,0,1,1,2,23,-0.3542910379977154,-0.9351352096860118,128.0,156.0,133.2,125.46666666666667,22.9,23.3,34.559999999999995,33.806666666666665,57.0,78.0,54.4,56.86666666666667,0.0,3.0,1.2,1.6,0,1,0
1764,1,166,24.5,37,1,1,1,0,3,24,-0.35836794954530043,-0.9335804264972016,186.0,82.0,150.0,126.4,34.6,36.4,32.17999999999999,33.833333333333336,38.0,48.0,52.2,53.666666666666664,2.0,1.0,1.6,1.7333333333333334,0,1,0
1765,1,127,29.7,59,0,0,0,0,0,25,-0.36243803828370114,-0.9320078692827987,166.0,90.0,157.4,131.06666666666666,24.5,33.6,31.4,33.406666666666666,37.0,48.0,54.4,53.86666666666667,3.0,1.0,1.4,1.5333333333333334,0,1,1
1766,1,85,42.1,42,1,1,1,0,3,26,-0.36650122672429736,-0.9304175679820245,127.0,180.0,138.4,126.93333333333334,29.7,45.3,30.76,34.44666666666667,59.0,81.0,46.6,54.2,0.0,2.0,1.6,1.5333333333333334,1,2,0
1767,1,199,34.3,90,0,1,0,1,2,27,-0.37055743750983605,-0.9288095528719243,85.0,128.0,152.6,132.86666666666667,42.1,22.9,33.04,35.373333333333335,42.0,57.0,53.2,57.4,3.0,0.0,2.0,1.4666666666666666,0,0,1
1768,1,55,31.3,49,0,1,0,1,2,28,-0.37460659341591157,-0.9271838545667875,199.0,186.0,126.4,131.4,34.3,34.6,32.38,35.64666666666666,90.0,38.0,55.4,57.4,2.0,2.0,2.0,1.4666666666666666,0,0,0
1769,1,161,31.8,53,0,1,0,1,2,29,-0.3786486173524327,-0.9255405040175665,55.0,166.0,125.4,135.8,31.3,24.5,33.84,34.480000000000004,49.0,37.0,58.6,58.0,2.0,3.0,1.8,1.6,1,2,0
1770,1,79,33.8,40,0,1,0,0,1,30,-0.38268343236508967,-0.9238795325112868,161.0,127.0,115.8,133.2,31.8,29.7,34.66,33.8,53.0,59.0,54.8,54.8,2.0,0.0,2.0,1.5333333333333334,1,2,0
1771,1,120,43.6,84,0,1,1,1,3,31,-0.38671096163682106,-0.9222009716704517,79.0,85.0,122.8,132.6,33.8,42.1,34.96,33.45333333333333,40.0,42.0,63.2,56.733333333333334,1.0,3.0,2.0,1.7333333333333334,1,2,1
1772,1,118,46.8,45,0,1,0,0,1,32,-0.39073112848927355,-0.9205048534524404,120.0,199.0,106.6,128.8,43.6,34.3,37.459999999999994,34.266666666666666,84.0,90.0,54.2,56.6,3.0,2.0,1.8,1.7333333333333334,1,2,0
1773,1,190,48.7,44,0,1,1,1,3,33,-0.3947438563842672,-0.9187912101488983,118.0,55.0,133.6,131.06666666666666,46.8,31.3,40.94,35.96,45.0,49.0,53.2,54.333333333333336,1.0,2.0,2.0,1.7333333333333334,1,2,0
1774,1,176,43.6,90,0,1,1,1,3,34,-0.3987490689252459,-0.9170600743851242,190.0,161.0,136.6,137.33333333333334,48.7,31.8,43.3,36.440000000000005,44.0,53.0,60.6,57.13333333333333,3.0,2.0,2.2,1.8666666666666667,1,2,1
1775,1,148,29.5,57,0,1,0,1,2,35,-0.4027466898587371,-0.9153114791194472,176.0,79.0,150.4,141.2,43.6,33.8,42.440000000000005,36.166666666666664,90.0,40.0,64.0,57.733333333333334,3.0,1.0,2.4,1.9333333333333333,1,2,1
1776,1,69,40.6,83,1,0,1,1,3,36,-0.4067366430758002,-0.9135454576426009,148.0,120.0,140.2,133.8,29.5,43.6,41.84,35.85333333333333,57.0,84.0,63.8,57.86666666666667,2.0,3.0,2.4,2.0,1,2,1
1777,1,113,33.1,66,1,0,1,0,2,37,-0.410718852613477,-0.9117620435770887,69.0,118.0,139.2,132.8,40.6,46.8,39.1,36.53333333333333,83.0,45.0,68.0,58.46666666666667,3.0,1.0,2.6,2.1333333333333333,0,1,1
1778,1,96,27.6,58,1,0,1,0,2,38,-0.41469324265623897,-0.9099612708765432,113.0,190.0,120.4,126.8,33.1,48.7,34.88000000000001,36.06666666666667,66.0,44.0,70.8,59.8,2.0,3.0,2.4,2.1333333333333333,1,2,1
1779,1,173,45.2,81,1,0,0,1,2,39,-0.41865973753742813,-0.9081431738250813,96.0,176.0,119.8,127.26666666666667,27.6,43.6,35.2,37.44666666666667,58.0,90.0,69.0,62.733333333333334,2.0,3.0,2.2,2.066666666666667,0,1,1
1780,1,90,21.2,51,1,0,0,1,2,40,-0.4226182617406993,-0.90630778703665,173.0,148.0,108.2,124.8,45.2,29.5,33.54,36.879999999999995,81.0,57.0,67.8,62.2,2.0,2.0,2.2,2.2,0,0,1
1781,1,186,47.1,70,1,0,1,0,2,41,-0.4265687399014583,-0.904455145454368,90.0,69.0,131.6,131.53333333333333,21.2,40.6,34.839999999999996,37.21333333333334,51.0,83.0,65.2,64.06666666666666,2.0,3.0,2.0,2.1333333333333333,1,2,1
1782,1,162,33.8,43,1,1,1,0,3,42,-0.43051109680829447,-0.902585284349861,186.0,113.0,141.4,129.06666666666666,47.1,33.1,34.980000000000004,37.18,70.0,66.0,60.6,60.93333333333333,2.0,2.0,2.2,2.2,0,1,0
1783,1,194,39.1,75,0,0,1,1,2,43,-0.434445257404417,-0.900698239322588,162.0,96.0,161.0,138.33333333333334,33.8,27.6,37.28,37.7,43.0,58.0,64.0,62.666666666666664,3.0,2.0,2.2,2.2,1,3,1
1784,1,131,39.8,38,1,0,0,0,1,44,-0.43837114678907707,-0.8987940462991671,194.0,173.0,152.6,136.33333333333334,39.1,45.2,36.2,38.233333333333334,75.0,81.0,55.4,61.666666666666664,2.0,2.0,2.0,2.1333333333333333,0,0,0
1785,1,87,46.9,36,1,0,1,1,3,45,-0.44228869021900147,-0.8968727415326881,131.0,90.0,152.0,136.86666666666667,39.8,21.2,41.339999999999996,39.10666666666666,38.0,51.0,52.4,61.4,1.0,2.0,2.2,2.2666666666666666,1,3,0
1786,1,150,39.1,79,0,0,1,1,2,46,-0.44619781310980877,-0.8949343616020251,87.0,186.0,144.8,138.86666666666667,46.9,47.1,39.739999999999995,38.806666666666665,36.0,70.0,54.2,61.06666666666667,3.0,2.0,2.2,2.2,0,1,1
1787,1,137,38.4,56,0,1,0,1,2,47,-0.45009844103743474,-0.8929789434111371,150.0,162.0,139.8,140.13333333333333,39.1,33.8,40.660000000000004,38.24666666666666,79.0,43.0,56.8,61.8,2.0,3.0,2.0,2.2666666666666666,1,2,0
1788,1,131,22.0,86,1,0,0,0,1,48,-0.4539904997395471,-0.8910065241883677,137.0,194.0,127.2,136.2,38.4,39.1,37.239999999999995,36.46666666666667,56.0,75.0,59.0,64.6,2.0,2.0,1.8,2.1333333333333333,1,2,1
1789,1,52,35.6,30,0,0,1,1,2,49,-0.4578739151169564,-0.8890171414857366,131.0,131.0,111.4,127.93333333333334,22.0,39.8,36.4,35.93333333333333,86.0,38.0,57.4,60.6,1.0,1.0,2.0,2.066666666666667,1,2,0
1790,1,109,24.5,79,0,0,1,0,1,50,-0.46174861323503413,-0.8870108331782216,52.0,87.0,115.8,125.33333333333333,35.6,46.9,31.920000000000005,35.6,30.0,36.0,66.0,62.06666666666667,2.0,3.0,1.6,2.0,1,3,1
1791,1,188,42.1,60,1,0,0,0,1,51,-0.46561452032511097,-0.8849876374630421,109.0,150.0,123.4,133.26666666666668,24.5,39.1,32.519999999999996,35.7,79.0,79.0,62.2,60.53333333333333,1.0,2.0,1.4,1.8666666666666667,1,2,0
1792,1,125,35.4,73,1,0,0,1,2,52,-0.46947156278589086,-0.8829475928589269,188.0,137.0,121.0,134.06666666666666,42.1,38.4,31.919999999999998,35.85333333333333,60.0,56.0,65.6,61.0,1.0,2.0,1.4,1.8666666666666667,0,1,1
1793,1,77,40.4,75,0,0,0,0,0,53,-0.47331966718484325,-0.8808907382053857,125.0,131.0,110.2,132.8,35.4,22.0,35.6,36.70666666666667,73.0,86.0,63.4,62.13333333333333,2.0,1.0,1.2,1.7333333333333334,1,2,1
1794,1,79,21.3,68,0,0,0,1,1,54,-0.477158760259608,-0.8788171126619656,77.0,52.0,115.6,126.53333333333333,40.4,35.6,32.74,35.11333333333333,75.0,30.0,71.0,61.266666666666666,0.0,2.0,1.0,1.6666666666666667,1,3,1
1795,1,173,22.5,79,0,1,0,0,1,55,-0.4809887689193874,-0.8767267557075078,79.0,109.0,128.4,132.06666666666666,21.3,24.5,32.34,35.2,68.0,79.0,71.0,63.13333333333333,1.0,1.0,1.0,1.6,1,2,1
1796,1,68,41.5,69,0,1,0,0,1,56,-0.48480962024633695,-0.8746197071393959,173.0,188.0,104.4,124.2,22.5,42.1,32.22,34.82666666666667,79.0,60.0,72.8,63.06666666666667,1.0,1.0,1.0,1.5333333333333334,1,2,1
1797,1,184,22.2,35,1,0,1,0,2,57,-0.48862124149695463,-0.8724960070727973,68.0,125.0,116.2,125.66666666666667,41.5,35.4,29.579999999999995,34.053333333333335,69.0,73.0,65.2,62.53333333333333,1.0,2.0,1.0,1.4666666666666666,1,2,0
1798,1,109,22.1,53,0,0,0,0,0,58,-0.49242356010346694,-0.8703556959398998,184.0,77.0,122.6,120.0,22.2,40.4,25.919999999999998,32.919999999999995,35.0,75.0,60.8,61.06666666666667,2.0,0.0,1.0,1.3333333333333333,1,2,1
1799,1,101,20.4,77,0,0,1,1,2,59,-0.4962165036752082,-0.8681988144891423,109.0,79.0,127.0,118.0,22.1,21.3,25.74,31.62666666666667,53.0,68.0,62.6,63.666666666666664,0.0,1.0,1.2,1.4,0,1,1
1800,1,191,48.7,82,0,1,1,0,2,0,-0.4999999999999998,-0.8660254037844388,101.0,173.0,130.6,124.93333333333334,20.4,22.5,30.98,31.746666666666666,77.0,79.0,63.2,66.73333333333333,2.0,1.0,1.4,1.3333333333333333,0,0,1
1801,1,118,42.1,89,0,1,0,1,2,1,-0.5037739770455262,-0.8638355052043958,191.0,68.0,140.6,122.8,48.7,41.5,31.1,31.94666666666667,82.0,69.0,67.2,67.4,2.0,1.0,1.6,1.3333333333333333,1,2,1
1802,1,154,30.6,71,1,1,1,0,3,2,-0.5075383629607042,-0.8616291604415257,118.0,184.0,134.6,123.93333333333334,42.1,22.2,32.78000000000001,31.426666666666666,89.0,35.0,74.4,68.4,2.0,2.0,1.8,1.4,0,1,1
1803,1,55,28.9,76,1,0,1,1,3,3,-0.5112930860770519,-0.8594064115014528,154.0,109.0,123.8,118.86666666666666,30.6,22.1,34.14,31.886666666666667,71.0,53.0,79.0,67.73333333333333,3.0,0.0,2.4,1.5333333333333334,1,2,1
1804,1,174,30.5,51,1,0,1,0,2,4,-0.5150380749100542,-0.8571673007021123,55.0,101.0,138.4,127.0,28.9,20.4,36.160000000000004,31.54666666666667,76.0,77.0,73.8,69.13333333333334,3.0,2.0,2.4,1.5333333333333334,1,2,0
1805,1,153,43.2,36,1,1,0,1,3,5,-0.5187732581605216,-0.8549118706729465,174.0,191.0,130.8,129.93333333333334,30.5,48.7,35.06,32.79333333333334,51.0,82.0,64.6,66.26666666666667,2.0,2.0,2.6,1.6666666666666667,0,1,0
1806,1,128,39.8,69,0,1,0,1,2,6,-0.5224985647159488,-0.8526401643540923,153.0,118.0,132.8,125.93333333333334,43.2,42.1,34.6,32.64,36.0,89.0,60.6,66.86666666666666,3.0,2.0,2.6,1.7333333333333334,0,0,1
1807,1,102,25.6,43,1,0,1,1,3,7,-0.5262139236518696,-0.8503522249955628,128.0,154.0,122.4,124.4,39.8,30.6,33.6,31.986666666666668,69.0,71.0,55.0,64.86666666666666,2.0,3.0,2.6,1.8,1,2,0
1808,1,79,25.2,59,0,0,0,1,1,8,-0.5299192642332043,-0.8480480961564263,102.0,55.0,127.2,124.53333333333333,25.6,28.9,32.86,30.973333333333333,43.0,76.0,51.6,63.8,3.0,3.0,2.2,1.8666666666666667,1,3,1
1809,1,108,23.0,59,0,1,0,1,2,9,-0.5336145159156115,-0.8457278217039733,79.0,174.0,114.0,126.46666666666667,25.2,30.5,31.360000000000003,31.086666666666662,59.0,51.0,53.2,63.2,1.0,2.0,2.2,1.9333333333333333,0,1,1
1810,1,189,39.8,51,0,0,1,0,1,10,-0.5372996083468236,-0.8433914458128859,108.0,153.0,121.2,127.53333333333333,23.0,43.2,30.679999999999996,32.239999999999995,59.0,36.0,56.2,61.333333333333336,2.0,3.0,1.8,1.9333333333333333,1,2,0
1811,1,55,42.9,32,0,1,1,0,2,11,-0.5409744713679941,-0.8410390129643923,189.0,128.0,106.6,126.66666666666667,39.8,39.8,31.3,32.333333333333336,51.0,69.0,48.8,58.86666666666667,1.0,2.0,1.8,2.0,0,1,0
1812,1,154,28.0,70,1,1,0,0,2,12,-0.5446390350150268,-0.8386705679454243,55.0,102.0,117.0,124.66666666666667,42.9,25.6,31.779999999999994,32.72,32.0,43.0,54.2,61.2,2.0,3.0,1.6,2.0,1,2,1
1813,1,134,20.6,82,0,1,0,0,1,13,-0.548293229519914,-0.8362861558477594,154.0,79.0,128.0,126.33333333333333,28.0,25.2,30.860000000000003,32.62,70.0,59.0,58.8,63.13333333333333,2.0,1.0,1.6,2.066666666666667,1,2,1
1814,1,185,22.5,41,0,0,1,1,2,14,-0.5519369853120577,-0.8338858220671685,134.0,108.0,143.4,131.93333333333334,20.6,23.0,30.76,32.76,82.0,59.0,55.2,60.733333333333334,1.0,2.0,1.6,2.066666666666667,0,1,0
1815,1,139,49.0,79,1,0,1,0,2,15,-0.555570233019602,-0.8314696123025455,185.0,189.0,133.4,128.46666666666667,22.5,39.8,32.6,32.78,41.0,51.0,60.8,60.53333333333333,2.0,1.0,1.8,2.066666666666667,1,3,1
1816,1,56,28.9,52,0,0,1,0,1,16,-0.559192903470747,-0.8290375725550415,139.0,55.0,133.6,124.33333333333333,49.0,42.9,29.8,31.9,79.0,32.0,64.8,58.06666666666667,2.0,2.0,1.6,2.0,0,1,0
1817,1,170,43.1,77,0,1,1,1,3,17,-0.5628049276950682,-0.8265897491271889,56.0,154.0,136.8,125.4,28.9,28.0,32.82,32.733333333333334,52.0,70.0,66.2,58.46666666666667,1.0,2.0,1.8,2.0,0,0,1
1818,1,53,38.7,76,1,1,0,0,2,18,-0.5664062369248329,-0.8241261886220156,170.0,134.0,120.6,125.26666666666667,43.1,20.6,36.44,33.38666666666666,77.0,82.0,65.0,58.46666666666667,3.0,1.0,2.0,1.9333333333333333,0,0,1
1819,1,188,31.5,47,1,1,0,1,3,19,-0.5699967625963029,-0.8216469379421637,53.0,185.0,121.2,126.2,38.7,22.5,38.239999999999995,33.45333333333333,76.0,41.0,66.2,58.2,2.0,2.0,2.2,2.0,0,1,0
1820,1,185,26.2,79,0,0,1,1,2,20,-0.5735764363510458,-0.819152044288992,188.0,139.0,130.4,128.33333333333334,31.5,49.0,33.68,32.32,47.0,79.0,66.2,61.06666666666667,3.0,2.0,2.2,1.9333333333333333,0,1,1
1821,1,103,23.6,41,1,0,1,0,2,21,-0.5771451900372334,-0.816641555161679,185.0,56.0,139.8,126.66666666666667,26.2,28.9,32.62,31.24,79.0,52.0,64.0,59.2,2.0,1.0,2.4,1.9333333333333333,1,2,0
1822,1,196,38.5,32,0,1,0,1,2,22,-0.5807029557109398,-0.8141155183563192,103.0,170.0,145.0,132.93333333333334,23.6,43.1,31.7,32.1,41.0,77.0,55.0,58.46666666666667,2.0,3.0,2.2,1.8666666666666667,0,1,0
1823,1,121,43.2,33,0,0,0,0,0,23,-0.5842496656374342,-0.8115739819650125,196.0,53.0,158.6,135.73333333333332,38.5,38.7,32.6,33.3,32.0,76.0,46.4,56.733333333333334,2.0,2.0,1.8,1.8,0,1,0
1824,1,110,39.3,60,1,1,1,0,3,24,-0.587785252292473,-0.8090169943749475,121.0,188.0,143.0,135.86666666666667,43.2,31.5,34.160000000000004,34.38666666666667,33.0,47.0,49.0,56.8,0.0,3.0,1.8,1.8666666666666667,0,1,0
1825,1,193,35.9,56,0,1,1,1,3,25,-0.5913096483635824,-0.8064446042674825,110.0,185.0,144.6,136.13333333333333,39.3,26.2,36.1,34.12666666666667,60.0,79.0,44.4,57.13333333333333,3.0,2.0,2.0,2.0,0,1,0
1826,1,181,21.3,53,0,0,0,0,0,26,-0.5948227867513411,-0.8038568606172175,193.0,103.0,160.2,144.53333333333333,35.9,23.6,35.64,32.68666666666666,56.0,41.0,46.8,58.53333333333333,3.0,2.0,1.6,1.8666666666666667,0,1,1
1827,1,113,49.1,50,0,1,1,1,3,27,-0.598324600570659,-0.8012538126910607,181.0,196.0,143.6,141.8,21.3,38.5,37.76,34.093333333333334,53.0,32.0,50.4,57.2,0.0,2.0,1.8,1.9333333333333333,0,0,0
1828,1,96,44.0,45,1,0,0,1,2,28,-0.6018150231520484,-0.7986355100472928,113.0,121.0,138.6,139.26666666666668,49.1,43.2,37.92,35.65333333333333,50.0,33.0,52.8,54.733333333333334,3.0,0.0,2.2,2.0,1,2,0
1829,1,113,28.8,50,0,0,1,1,2,29,-0.6052939880428939,-0.7960020025346224,96.0,110.0,139.2,134.46666666666667,44.0,39.3,35.82000000000001,36.07333333333334,45.0,60.0,50.8,55.333333333333336,2.0,3.0,2.0,2.0,0,1,0
1830,1,133,49.4,55,0,0,0,0,0,30,-0.6087614290087207,-0.7933533402912352,113.0,193.0,127.2,134.06666666666666,28.8,35.9,38.52,36.1,50.0,56.0,50.6,53.733333333333334,2.0,3.0,1.4,1.8666666666666667,1,2,0
1831,1,84,38.1,56,0,1,0,1,2,31,-0.6122172800344494,-0.7906895737438432,133.0,181.0,107.8,135.93333333333334,49.4,21.3,41.88,36.71333333333334,55.0,53.0,51.2,54.0,0.0,0.0,1.8,1.9333333333333333,1,2,0
1832,1,129,37.5,35,0,1,1,0,2,32,-0.6156614753256582,-0.788010753606722,84.0,113.0,111.0,133.2,38.1,49.1,39.56,36.34,56.0,50.0,48.2,51.2,2.0,3.0,1.6,1.8666666666666667,0,1,0
1833,1,90,42.4,88,1,1,0,1,3,33,-0.6190939493098341,-0.7853169308807448,129.0,96.0,109.8,135.66666666666666,37.5,44.0,39.239999999999995,36.586666666666666,35.0,45.0,56.8,52.0,2.0,2.0,1.8,1.9333333333333333,0,0,1
1834,1,194,44.4,42,1,1,0,0,2,34,-0.6225146366376191,-0.7826081568524144,90.0,113.0,126.0,136.06666666666666,42.4,28.8,42.36,37.446666666666665,88.0,50.0,55.2,51.666666666666664,3.0,2.0,1.8,1.8666666666666667,1,3,0
1835,1,191,39.7,81,0,0,1,0,1,35,-0.6259234721840591,-0.7798844830928818,194.0,133.0,137.6,136.46666666666667,44.4,49.4,40.42,38.34666666666667,42.0,55.0,60.4,51.8,2.0,0.0,2.0,1.8,1,3,1
1836,1,73,23.8,58,0,0,0,0,0,36,-0.6293203910498373,-0.7771459614569711,191.0,84.0,135.4,134.46666666666667,39.7,38.1,37.559999999999995,38.36,81.0,56.0,60.8,52.93333333333333,1.0,2.0,1.6,1.6666666666666667,0,1,1
1837,1,100,30.1,39,1,0,0,0,1,37,-0.6327053285625164,-0.7743926440821854,73.0,129.0,129.6,128.06666666666666,23.8,37.5,36.08,37.8,58.0,35.0,61.6,53.4,0.0,2.0,1.4,1.6,0,1,0
1838,1,103,47.8,45,1,1,0,1,3,38,-0.6360782202777636,-0.7716245833877202,100.0,90.0,132.2,126.86666666666666,30.1,42.4,37.16,38.10666666666666,39.0,88.0,53.0,54.2,1.0,3.0,1.4,1.8,0,0,0
1839,1,169,26.7,85,1,1,0,1,3,39,-0.6394390019805849,-0.7688418320734594,103.0,194.0,127.2,130.8,47.8,44.4,33.62,37.266666666666666,45.0,42.0,61.6,55.86666666666667,3.0,2.0,1.6,1.8,0,0,1
1840,1,53,31.2,89,0,1,1,0,2,40,-0.6427876096865389,-0.7660444431189783,169.0,191.0,99.6,121.46666666666667,26.7,39.7,31.919999999999998,36.95333333333334,85.0,81.0,63.2,58.06666666666667,3.0,1.0,1.8,1.7333333333333334,0,1,1
1841,1,149,33.0,42,1,0,0,1,2,41,-0.6461239796429636,-0.763232469782529,53.0,73.0,114.8,119.33333333333333,31.2,23.8,33.760000000000005,37.733333333333334,89.0,58.0,60.0,57.333333333333336,2.0,0.0,2.2,1.8666666666666667,0,1,0
1842,1,114,33.2,39,0,0,1,1,2,42,-0.6494480483301835,-0.760405965600031,149.0,100.0,117.6,119.4,33.0,30.1,34.379999999999995,36.67333333333333,42.0,39.0,60.0,56.6,2.0,1.0,2.4,1.8,1,3,0
1843,1,195,38.4,31,0,1,0,1,2,43,-0.6527597524627221,-0.7575649843840498,114.0,103.0,136.0,126.0,33.2,47.8,32.5,36.3,39.0,45.0,57.2,55.666666666666664,2.0,3.0,2.2,1.8,0,0,0
1844,1,142,48.3,35,0,0,0,1,1,44,-0.656059028990507,-0.7547095802227721,195.0,169.0,130.6,127.93333333333334,38.4,26.7,36.82000000000001,37.6,31.0,85.0,47.2,54.666666666666664,2.0,3.0,1.8,1.7333333333333334,1,2,0
1845,1,97,27.2,37,1,1,1,0,3,45,-0.6593458151000688,-0.7518398074789775,142.0,53.0,139.4,125.53333333333333,48.3,31.2,36.019999999999996,36.12,35.0,89.0,36.8,53.46666666666667,1.0,2.0,2.0,1.9333333333333333,0,1,0
1846,1,72,23.6,36,0,1,1,1,3,46,-0.6626200482157372,-0.7489557207890024,97.0,149.0,124.0,124.73333333333333,27.2,33.0,34.14,35.15333333333333,37.0,42.0,35.6,52.13333333333333,3.0,2.0,2.2,2.0,0,0,0
1847,1,152,25.9,74,1,0,0,0,1,47,-0.6658816660008342,-0.7460573750616996,72.0,114.0,131.6,126.26666666666667,23.6,33.2,32.68,34.379999999999995,36.0,39.0,42.6,54.733333333333334,3.0,2.0,2.0,1.9333333333333333,1,2,1
1848,1,126,46.6,35,1,0,1,1,3,48,-0.6691306063588582,-0.7431448254773942,152.0,195.0,117.8,128.66666666666666,25.9,38.4,34.32,34.66,74.0,31.0,43.4,51.2,1.0,2.0,2.2,1.9333333333333333,1,2,0
1849,1,135,39.4,84,1,1,0,0,2,49,-0.6723668074346678,-0.7402181274868322,126.0,142.0,116.4,124.73333333333333,46.6,48.3,32.54,34.32666666666667,35.0,35.0,53.2,54.0,3.0,1.0,2.4,1.9333333333333333,0,0,1
1850,1,141,28.6,38,0,0,0,0,0,50,-0.6755902076156601,-0.7372773368101241,135.0,97.0,125.2,121.4,39.4,27.2,32.82000000000001,33.586666666666666,84.0,37.0,53.4,51.13333333333333,2.0,3.0,1.8,1.8666666666666667,0,1,0
1851,1,112,44.5,40,0,1,1,0,2,51,-0.6788007455329418,-0.7343225094356854,141.0,72.0,133.2,124.0,28.6,23.6,37.0,34.96666666666667,38.0,36.0,54.2,49.93333333333333,0.0,3.0,1.6,2.0,1,2,0
1852,1,155,45.8,69,0,0,1,1,2,52,-0.6819983600624984,-0.7313537016191706,112.0,152.0,133.8,127.66666666666667,44.5,25.9,40.980000000000004,36.013333333333335,40.0,74.0,53.2,51.93333333333333,2.0,1.0,1.8,2.066666666666667,0,1,1
1853,1,173,45.4,79,0,1,0,1,2,53,-0.6851829903263591,-0.7283709698824002,155.0,126.0,143.2,132.33333333333334,45.8,46.6,40.74,35.85333333333333,69.0,35.0,62.0,54.2,2.0,3.0,1.6,2.0,0,1,1
1854,1,150,47.6,36,0,0,0,1,1,54,-0.6883545756937541,-0.7253743710122875,173.0,135.0,146.2,131.06666666666666,45.4,39.4,42.38,37.24666666666667,79.0,84.0,52.4,50.93333333333333,2.0,2.0,1.4,1.8666666666666667,1,2,0
1855,1,79,27.6,48,1,0,0,1,2,55,-0.691513055782269,-0.722363962059756,150.0,141.0,133.8,132.8,47.6,28.6,42.18,37.00666666666666,36.0,38.0,54.4,48.2,1.0,0.0,1.8,1.8666666666666667,1,2,0
1856,1,199,42.7,80,1,0,0,1,2,56,-0.6946583704589974,-0.7193398003386511,79.0,112.0,151.2,136.13333333333333,27.6,44.5,41.82,37.65333333333333,48.0,40.0,62.4,50.733333333333334,2.0,2.0,1.8,1.8666666666666667,0,1,1
1857,1,157,33.8,49,0,0,0,1,1,57,-0.6977904598416796,-0.7163019434246547,199.0,155.0,151.6,139.0,42.7,45.8,39.42,37.693333333333335,80.0,69.0,58.4,51.4,2.0,2.0,1.6,1.8,0,1,0
1858,1,123,45.3,50,1,0,0,0,1,58,-0.7009092642998509,-0.7132504491541817,157.0,173.0,141.6,134.2,33.8,45.4,39.4,38.153333333333336,49.0,79.0,52.6,52.666666666666664,1.0,2.0,1.4,1.7333333333333334,1,2,0
1859,1,168,41.9,71,0,1,1,1,3,59,-0.7040147244559681,-0.7101853756232857,123.0,150.0,145.2,135.93333333333334,45.3,47.6,38.260000000000005,37.72666666666667,50.0,36.0,59.6,55.06666666666667,1.0,1.0,1.8,1.8666666666666667,1,2,1
1860,1,113,43.3,71,0,0,0,0,0,0,-0.7071067811865471,-0.7071067811865479,168.0,79.0,152.0,137.0,41.9,27.6,41.4,38.8,71.0,48.0,64.2,57.333333333333336,3.0,2.0,1.4,1.6666666666666667,0,1,1
1861,1,142,39.7,57,1,0,0,1,2,1,-0.7101853756232854,-0.7040147244559684,113.0,199.0,140.6,141.66666666666666,43.3,42.7,40.8,39.873333333333335,71.0,80.0,59.6,58.733333333333334,0.0,2.0,1.4,1.6,0,1,0
1862,1,134,25.3,35,0,1,0,1,2,2,-0.7132504491541815,-0.7009092642998511,142.0,157.0,136.0,140.46666666666667,39.7,33.8,39.1,39.833333333333336,57.0,49.0,56.8,56.13333333333333,2.0,1.0,1.6,1.6666666666666667,1,3,0
1863,1,131,36.4,61,1,1,1,0,3,3,-0.7163019434246545,-0.6977904598416799,134.0,123.0,137.6,140.8,25.3,45.3,37.32,39.153333333333336,35.0,50.0,59.0,57.86666666666667,2.0,1.0,2.0,1.6666666666666667,1,2,1
1864,1,75,49.5,77,1,0,1,0,2,4,-0.7193398003386509,-0.6946583704589975,131.0,168.0,119.0,136.8,36.4,41.9,38.839999999999996,39.826666666666675,61.0,71.0,60.2,57.4,3.0,3.0,1.8,1.6666666666666667,0,1,1
1865,1,195,48.1,48,1,1,0,0,2,5,-0.7223639620597557,-0.6915130557822692,75.0,113.0,135.4,140.4,49.5,43.3,39.8,41.126666666666665,77.0,71.0,55.6,58.06666666666667,2.0,0.0,2.2,1.8,0,0,0
1866,1,99,21.3,43,0,0,0,1,1,6,-0.7253743710122873,-0.6883545756937544,195.0,142.0,126.8,139.53333333333333,48.1,39.7,36.120000000000005,39.580000000000005,48.0,57.0,52.8,58.266666666666666,2.0,2.0,2.0,1.7333333333333334,0,1,0
1867,1,91,24.9,83,0,1,1,1,3,7,-0.7283709698824,-0.6851829903263593,99.0,134.0,118.2,135.26666666666668,21.3,25.3,36.040000000000006,38.18666666666666,43.0,35.0,62.4,59.2,1.0,2.0,2.2,1.8,0,1,1
1868,1,143,24.0,70,0,1,1,1,3,8,-0.7313537016191703,-0.6819983600624986,91.0,131.0,120.6,133.26666666666668,24.9,36.4,33.56,36.76,83.0,61.0,64.2,58.6,3.0,3.0,2.2,1.8666666666666667,0,0,1
1869,1,136,41.8,43,1,1,1,1,4,9,-0.7343225094356853,-0.678800745532942,143.0,75.0,132.8,132.33333333333334,24.0,49.5,32.019999999999996,36.373333333333335,70.0,77.0,57.4,59.06666666666667,3.0,2.0,2.6,2.066666666666667,0,1,0
1870,1,100,44.5,35,0,0,1,1,2,10,-0.7372773368101239,-0.6755902076156604,136.0,195.0,113.8,133.73333333333332,41.8,48.1,31.3,37.5,43.0,48.0,54.8,58.2,4.0,2.0,2.6,2.066666666666667,0,1,0
1871,1,181,26.4,47,0,1,1,1,3,11,-0.7402181274868321,-0.672366807434668,100.0,99.0,130.2,132.53333333333333,44.5,21.3,32.32,36.41333333333333,35.0,43.0,55.6,56.0,2.0,1.0,3.0,2.1333333333333333,1,3,0
1872,1,198,35.2,42,1,1,0,1,3,12,-0.743144825477394,-0.6691306063588585,181.0,91.0,151.6,135.26666666666668,26.4,24.9,34.379999999999995,36.50666666666667,47.0,83.0,47.4,55.53333333333333,3.0,3.0,3.0,2.2666666666666666,1,3,0
1873,1,79,45.2,31,0,1,0,1,2,13,-0.7460573750616994,-0.6658816660008344,198.0,143.0,138.8,132.33333333333334,35.2,24.0,38.62,36.5,42.0,70.0,39.6,54.266666666666666,3.0,3.0,2.8,2.3333333333333335,1,3,0
1874,1,127,42.0,55,1,0,1,1,3,14,-0.7489557207890022,-0.6626200482157374,79.0,136.0,137.0,129.6,45.2,41.8,38.660000000000004,36.50666666666667,31.0,43.0,42.0,53.2,2.0,4.0,2.6,2.3333333333333335,0,1,0
1875,1,177,36.3,48,1,1,0,1,3,15,-0.7518398074789773,-0.6593458151000691,127.0,100.0,152.4,133.86666666666667,42.0,44.5,37.019999999999996,36.04,55.0,35.0,44.6,51.666666666666664,3.0,2.0,2.8,2.533333333333333,0,1,0
1876,1,146,37.7,86,0,1,0,1,2,16,-0.754709580222772,-0.6560590289905073,177.0,181.0,145.4,134.13333333333333,36.3,26.4,39.28,35.906666666666666,48.0,47.0,52.4,53.6,3.0,3.0,2.6,2.533333333333333,0,0,1
1877,1,171,35.3,86,1,1,0,1,3,17,-0.7575649843840494,-0.6527597524627227,146.0,198.0,140.0,136.6,37.7,35.2,39.3,36.57333333333334,86.0,42.0,61.2,57.0,2.0,3.0,2.6,2.6,1,2,1
1878,1,151,28.9,81,0,1,0,0,1,18,-0.7604059656000312,-0.6494480483301834,171.0,79.0,154.4,137.93333333333334,35.3,45.2,36.04,36.07333333333333,86.0,31.0,71.2,58.333333333333336,3.0,2.0,2.4,2.466666666666667,0,1,1
1879,1,121,37.0,60,0,1,1,0,2,19,-0.7632324697825289,-0.6461239796429639,151.0,127.0,153.2,141.0,28.9,42.0,35.04,35.24,81.0,55.0,72.2,57.2,1.0,3.0,2.2,2.466666666666667,1,3,0
1880,1,109,40.7,53,1,1,1,0,3,20,-0.7660444431189779,-0.6427876096865395,121.0,177.0,139.6,135.26666666666668,37.0,36.3,35.92,34.74666666666667,60.0,48.0,73.2,57.53333333333333,2.0,3.0,2.2,2.533333333333333,1,2,0
1881,1,73,46.2,42,0,1,0,1,2,21,-0.7688418320734591,-0.6394390019805851,109.0,146.0,125.0,133.53333333333333,40.7,37.7,37.62,36.406666666666666,53.0,86.0,64.4,57.46666666666667,3.0,2.0,2.2,2.6,1,3,0
1882,1,151,39.1,69,1,0,1,1,3,22,-0.77162458338772,-0.6360782202777638,73.0,171.0,121.0,137.53333333333333,46.2,35.3,38.38,37.35333333333333,42.0,86.0,61.0,56.53333333333333,2.0,3.0,2.2,2.6,1,2,1
1883,1,72,42.8,60,1,0,0,1,2,23,-0.7743926440821856,-0.6327053285625162,151.0,151.0,105.2,132.8,39.1,28.9,41.160000000000004,38.60666666666667,69.0,81.0,56.8,55.86666666666667,3.0,1.0,2.4,2.533333333333333,1,2,0
1884,1,152,24.8,81,0,1,1,1,3,24,-0.7771459614569711,-0.6293203910498371,72.0,121.0,111.4,133.86666666666667,42.8,37.0,38.72,37.473333333333336,60.0,60.0,61.0,58.4,2.0,2.0,2.6,2.466666666666667,0,1,1
1885,1,106,33.8,65,1,1,0,0,2,25,-0.7798844830928814,-0.6259234721840596,152.0,109.0,110.8,134.26666666666668,24.8,40.7,37.339999999999996,36.760000000000005,81.0,53.0,63.4,60.4,3.0,3.0,2.4,2.466666666666667,1,2,1
1886,1,70,20.3,81,1,1,0,1,3,26,-0.7826081568524138,-0.6225146366376196,106.0,73.0,110.2,126.86666666666666,33.8,46.2,32.160000000000004,36.35333333333333,65.0,42.0,71.2,62.666666666666664,2.0,2.0,2.6,2.466666666666667,1,2,1
1887,1,52,27.4,54,1,0,1,0,2,27,-0.7853169308807447,-0.6190939493098343,70.0,151.0,90.4,117.13333333333334,20.3,39.1,29.82,35.833333333333336,81.0,69.0,68.2,63.46666666666667,3.0,3.0,2.4,2.4,1,2,1
1888,1,109,41.8,76,0,0,1,1,2,28,-0.7880107536067216,-0.6156614753256588,52.0,72.0,97.8,119.13333333333334,27.4,42.8,29.619999999999997,35.60666666666667,54.0,60.0,71.4,66.46666666666667,2.0,2.0,2.4,2.4,0,1,1
1889,1,102,49.8,67,1,1,0,0,2,29,-0.7906895737438433,-0.6122172800344493,109.0,152.0,87.8,117.46666666666667,41.8,24.8,34.62,36.126666666666665,76.0,81.0,68.6,67.26666666666667,2.0,3.0,2.2,2.3333333333333335,1,2,0
1890,1,153,23.0,56,0,0,0,1,1,30,-0.7933533402912349,-0.6087614290087209,102.0,106.0,97.2,115.86666666666666,49.8,33.8,32.46,35.24,67.0,65.0,66.8,67.8,2.0,2.0,2.0,2.2,0,0,1
1891,1,117,32.0,79,1,0,1,0,2,31,-0.7960020025346223,-0.6052939880428941,153.0,70.0,106.6,113.93333333333334,23.0,20.3,34.8,34.86,56.0,81.0,66.4,67.33333333333333,1.0,3.0,1.8,2.2,1,2,1
1892,1,200,44.0,86,1,1,1,1,4,32,-0.7986355100472928,-0.6018150231520483,117.0,52.0,136.2,115.86666666666666,32.0,27.4,38.12,35.440000000000005,79.0,54.0,72.8,67.33333333333333,2.0,2.0,2.2,2.2666666666666666,1,2,1
1893,1,50,26.1,41,1,0,0,0,1,33,-0.8012538126910606,-0.5983246005706593,200.0,109.0,124.4,109.13333333333334,44.0,41.8,34.980000000000004,35.25333333333333,86.0,76.0,65.8,64.66666666666667,4.0,2.0,2.0,2.2666666666666666,0,1,0
1894,1,78,36.7,75,1,0,0,1,2,34,-0.8038568606172171,-0.5948227867513417,50.0,102.0,119.6,106.26666666666667,26.1,49.8,32.36,35.233333333333334,41.0,67.0,67.4,65.66666666666667,1.0,2.0,2.0,2.2666666666666666,0,1,1
1895,1,52,42.0,41,1,0,0,0,1,35,-0.8064446042674827,-0.5913096483635822,78.0,153.0,99.4,102.46666666666667,36.7,23.0,36.160000000000004,35.32,75.0,56.0,64.4,64.86666666666666,2.0,1.0,2.0,2.1333333333333333,0,1,0
1896,1,101,38.5,87,0,1,0,0,1,36,-0.8090169943749473,-0.5877852522924732,52.0,117.0,96.2,104.33333333333333,42.0,32.0,37.46,34.806666666666665,41.0,79.0,66.0,67.86666666666666,1.0,2.0,1.8,2.066666666666667,1,3,1
1897,1,172,25.6,62,0,1,1,1,3,37,-0.8115739819650121,-0.5842496656374347,101.0,200.0,90.6,105.73333333333333,38.5,44.0,33.78,33.906666666666666,87.0,86.0,61.2,67.4,1.0,4.0,1.6,2.066666666666667,0,1,1
1898,1,58,30.7,33,1,1,1,1,4,38,-0.8141155183563193,-0.5807029557109396,172.0,50.0,92.2,104.8,25.6,26.1,34.7,33.1,62.0,41.0,59.6,65.6,3.0,1.0,2.2,2.2,1,3,0
1899,1,99,43.5,55,1,0,1,1,3,39,-0.8166415551616789,-0.5771451900372337,58.0,78.0,96.4,101.26666666666667,30.7,36.7,36.06,34.34666666666667,33.0,75.0,55.6,63.86666666666667,4.0,2.0,2.4,2.2,0,0,0
1900,1,174,36.6,35,0,1,0,0,1,40,-0.8191520442889916,-0.5735764363510464,99.0,52.0,120.8,105.8,43.5,42.0,34.980000000000004,34.53333333333333,55.0,41.0,54.4,61.86666666666667,3.0,1.0,2.4,2.1333333333333333,0,1,0
1901,1,133,20.2,86,1,1,1,0,3,41,-0.8216469379421638,-0.5699967625963028,174.0,101.0,127.2,110.0,36.6,38.5,31.32,34.526666666666664,35.0,87.0,54.2,62.2,1.0,1.0,2.8,2.1333333333333333,0,1,1
1902,1,50,42.8,43,1,0,1,1,3,42,-0.8241261886220151,-0.5664062369248336,133.0,172.0,102.8,109.86666666666666,20.2,25.6,34.760000000000005,35.553333333333335,86.0,62.0,50.4,61.46666666666667,3.0,3.0,2.8,2.2,1,3,0
1903,1,196,21.1,89,0,0,0,0,0,43,-0.8265897491271884,-0.5628049276950688,50.0,58.0,130.4,115.66666666666667,42.8,30.7,32.84,34.17333333333333,43.0,33.0,61.6,62.333333333333336,3.0,4.0,2.0,2.066666666666667,1,2,1
1904,1,185,42.4,34,0,1,0,0,1,44,-0.8290375725550414,-0.5591929034707472,196.0,99.0,147.6,121.2,21.1,43.5,32.62,33.68,89.0,55.0,57.4,60.13333333333333,0.0,3.0,1.6,2.0,0,1,0
1905,1,127,26.1,39,1,1,0,0,2,45,-0.8314696123025452,-0.5555702330196022,185.0,174.0,138.2,119.46666666666667,42.4,36.6,30.52,33.88666666666667,34.0,35.0,58.2,59.0,1.0,1.0,1.8,2.066666666666667,1,2,0
1906,1,141,48.7,60,0,1,0,1,2,46,-0.8338858220671681,-0.5519369853120584,127.0,133.0,139.8,121.06666666666666,26.1,20.2,36.22,35.0,39.0,86.0,53.0,57.733333333333334,2.0,3.0,1.6,2.066666666666667,0,1,0
1907,1,191,31.0,89,1,0,1,0,2,47,-0.8362861558477592,-0.5482932295199142,141.0,50.0,168.0,120.46666666666667,48.7,42.8,33.86,34.13333333333333,60.0,43.0,62.2,57.93333333333333,2.0,3.0,1.4,1.9333333333333333,0,0,1
1908,1,107,29.8,54,1,1,1,1,4,48,-0.8386705679454242,-0.544639035015027,191.0,196.0,150.2,124.26666666666667,31.0,21.1,35.6,34.379999999999995,89.0,89.0,55.2,58.8,2.0,0.0,2.2,2.1333333333333333,0,1,1
1909,1,85,24.5,48,1,0,0,1,2,49,-0.8410390129643924,-0.540974471367994,107.0,185.0,130.2,124.73333333333333,29.8,42.4,32.019999999999996,33.56666666666667,54.0,34.0,58.0,57.0,4.0,1.0,2.4,2.1333333333333333,0,1,0
1910,1,62,29.2,69,0,0,0,1,1,50,-0.8433914458128859,-0.5372996083468234,85.0,127.0,117.2,125.4,24.5,26.1,32.64,32.71333333333333,48.0,39.0,64.0,58.86666666666667,2.0,2.0,2.2,2.1333333333333333,0,0,1
1911,1,123,46.3,54,1,0,0,0,1,51,-0.8457278217039729,-0.533614515915612,62.0,141.0,113.6,126.86666666666666,29.2,48.7,32.16,33.233333333333334,69.0,60.0,62.8,56.666666666666664,1.0,2.0,2.0,2.1333333333333333,0,1,0
1912,1,92,49.9,30,1,1,0,0,2,52,-0.848048096156426,-0.529919264233205,123.0,191.0,93.8,121.53333333333333,46.3,31.0,35.94,34.85333333333333,54.0,89.0,51.0,54.53333333333333,1.0,2.0,2.0,2.066666666666667,0,1,0
1913,1,128,31.0,30,0,0,1,0,1,53,-0.8503522249955627,-0.5262139236518698,92.0,107.0,98.0,126.2,49.9,29.8,36.18,34.873333333333335,30.0,54.0,46.2,54.333333333333336,2.0,4.0,1.4,1.8666666666666667,1,3,0
1914,1,116,33.5,32,1,1,1,0,3,54,-0.8526401643540918,-0.5224985647159494,128.0,85.0,104.2,127.33333333333333,31.0,24.5,37.980000000000004,34.20666666666667,30.0,48.0,43.0,52.8,1.0,2.0,1.6,1.8666666666666667,1,2,0
1915,1,154,41.7,33,1,1,0,1,3,55,-0.8549118706729466,-0.5187732581605214,116.0,62.0,122.6,126.0,33.5,29.2,40.48,34.54666666666667,32.0,69.0,35.8,52.666666666666664,3.0,1.0,2.0,2.0,0,0,0
1916,1,175,46.6,57,1,0,1,1,3,56,-0.8571673007021121,-0.5150380749100544,154.0,123.0,133.0,128.8,41.7,46.3,40.540000000000006,36.306666666666665,33.0,54.0,36.4,50.733333333333334,3.0,1.0,2.4,2.0,0,1,0
1917,1,153,37.8,56,0,0,0,0,0,57,-0.8594064115014524,-0.5112930860770525,175.0,92.0,145.2,135.66666666666666,46.6,49.9,38.12,35.973333333333336,57.0,30.0,41.6,51.6,3.0,2.0,2.0,1.8,1,2,0
1918,1,132,31.7,90,0,1,0,0,1,58,-0.8616291604415258,-0.5075383629607041,153.0,128.0,146.0,131.4,37.8,31.0,38.260000000000005,36.68,56.0,30.0,53.6,51.666666666666664,0.0,1.0,2.0,1.8666666666666667,0,1,1
1919,1,146,32.4,77,1,0,0,0,1,59,-0.8638355052043956,-0.5037739770455264,132.0,116.0,152.0,128.8,31.7,33.5,38.04,36.013333333333335,90.0,32.0,62.6,54.53333333333333,1.0,3.0,1.6,1.8666666666666667,0,0,1
1920,1,64,40.9,35,0,1,1,0,2,0,-0.8660254037844384,-0.5000000000000004,146.0,154.0,134.0,124.6,32.4,41.7,37.88,37.0,77.0,33.0,63.0,54.266666666666666,1.0,3.0,1.4,1.8666666666666667,0,1,0
1921,1,187,20.1,40,0,1,0,0,1,1,-0.8681988144891424,-0.4962165036752081,64.0,175.0,136.4,127.66666666666667,40.9,46.6,32.58,35.093333333333334,35.0,57.0,59.6,52.93333333333333,2.0,3.0,1.0,1.8,1,2,0
1922,1,115,38.6,79,1,1,1,1,4,2,-0.8703556959399,-0.49242356010346644,187.0,153.0,128.8,122.6,20.1,37.8,32.74,35.6,40.0,56.0,64.2,52.266666666666666,1.0,0.0,1.8,1.9333333333333333,0,1,1
1923,1,104,30.7,37,0,1,1,0,2,3,-0.872496007072797,-0.4886212414969553,115.0,132.0,123.2,122.4,38.6,31.7,32.54,35.66,79.0,90.0,53.6,51.13333333333333,4.0,1.0,2.0,1.8,0,0,0
1924,1,144,43.8,32,0,0,0,0,0,4,-0.874619707139396,-0.48480962024633684,104.0,146.0,122.8,126.33333333333333,30.7,32.4,34.82000000000001,36.94666666666667,37.0,77.0,44.6,50.06666666666667,2.0,1.0,1.8,1.6666666666666667,1,3,0
1925,1,139,22.8,31,1,1,1,1,4,5,-0.8767267557075072,-0.48098876891938847,144.0,64.0,137.8,131.46666666666667,43.8,40.9,31.2,36.519999999999996,32.0,35.0,43.8,47.53333333333333,0.0,2.0,2.2,1.8666666666666667,0,1,0
1926,1,60,37.6,73,0,0,1,1,2,6,-0.8788171126619653,-0.4771587602596087,139.0,187.0,112.4,127.26666666666667,22.8,20.1,34.7,35.940000000000005,31.0,40.0,50.4,48.8,4.0,1.0,2.4,1.9333333333333333,1,2,1
1927,1,89,34.4,42,1,0,1,0,2,7,-0.8808907382053857,-0.47331966718484314,60.0,115.0,107.2,127.06666666666666,37.6,38.6,33.86,34.906666666666666,73.0,79.0,43.0,49.6,2.0,4.0,2.0,1.9333333333333333,1,2,0
1928,1,62,39.3,31,1,1,0,0,2,8,-0.8829475928589265,-0.4694715627858915,89.0,104.0,98.8,122.66666666666667,34.4,30.7,35.58,35.46,42.0,37.0,41.8,49.666666666666664,2.0,2.0,2.0,2.0,0,0,0
1929,1,196,21.9,90,0,0,1,0,1,9,-0.8849876374630418,-0.46561452032511164,62.0,144.0,109.2,128.0,39.3,43.8,31.2,34.68666666666666,31.0,32.0,53.4,53.53333333333333,2.0,0.0,2.2,1.8666666666666667,0,1,1
1930,1,55,37.4,52,0,0,1,0,1,10,-0.8870108331782218,-0.4617486132350336,196.0,139.0,92.4,121.4,21.9,22.8,34.12,34.4,90.0,31.0,57.6,54.8,1.0,4.0,1.6,1.7333333333333334,1,2,0
1931,1,140,36.8,71,1,0,1,0,2,11,-0.8890171414857365,-0.4578739151169567,55.0,60.0,108.4,119.06666666666666,37.4,37.6,33.96,33.74666666666666,52.0,73.0,57.2,55.733333333333334,1.0,2.0,1.6,1.6666666666666667,0,1,1
1932,1,128,36.8,69,1,0,0,1,2,12,-0.8910065241883678,-0.45399049973954697,140.0,89.0,116.2,117.4,36.8,34.4,34.44,33.68,71.0,42.0,62.6,56.6,2.0,2.0,1.6,1.8,0,1,1
1933,1,75,38.1,34,0,0,0,0,0,13,-0.8929789434111368,-0.4500984410374354,128.0,62.0,118.8,113.6,36.8,39.3,34.2,34.10666666666667,69.0,31.0,63.2,52.86666666666667,2.0,2.0,1.2,1.7333333333333334,0,1,0
1934,1,74,40.3,51,0,1,1,0,2,14,-0.8949343616020251,-0.44619781310980866,75.0,196.0,94.4,108.8,38.1,21.9,37.88,34.63333333333333,34.0,90.0,55.4,51.13333333333333,0.0,1.0,1.4,1.8,1,2,0
1935,1,81,44.1,70,0,0,1,1,2,15,-0.8968727415326883,-0.44228869021900136,74.0,55.0,99.6,109.93333333333334,40.3,37.4,39.22,34.846666666666664,51.0,52.0,59.0,53.46666666666667,2.0,1.0,1.6,1.8,0,1,1
1936,1,77,28.1,30,1,0,1,0,2,16,-0.8987940462991668,-0.43837114678907774,81.0,140.0,87.0,102.6,44.1,36.8,37.48,35.379999999999995,70.0,71.0,50.8,52.8,2.0,2.0,1.6,1.8666666666666667,0,1,0
1937,1,57,44.8,59,0,1,1,0,2,17,-0.900698239322588,-0.43444525740441686,77.0,128.0,72.8,98.73333333333333,28.1,36.8,39.08,35.79333333333333,30.0,69.0,48.8,51.46666666666667,2.0,2.0,1.6,1.7333333333333334,0,0,0
1938,1,163,34.9,55,0,0,0,0,0,18,-0.9025852843498606,-0.43051109680829514,57.0,75.0,90.4,102.66666666666667,44.8,38.1,38.440000000000005,36.07333333333334,59.0,34.0,53.0,52.666666666666664,2.0,0.0,1.6,1.6,0,0,0
1939,1,112,22.3,49,0,1,1,1,3,19,-0.9044551454543679,-0.4265687399014586,163.0,74.0,98.0,100.53333333333333,34.9,40.3,34.839999999999996,34.64,55.0,51.0,52.6,53.8,0.0,2.0,1.8,1.8,0,1,1
1940,1,91,21.8,40,0,1,0,1,2,20,-0.9063077870366497,-0.42261826174069994,112.0,81.0,100.0,97.33333333333333,22.3,44.1,30.380000000000003,34.57333333333334,49.0,70.0,46.6,54.4,3.0,2.0,1.8,1.6666666666666667,0,1,0
1941,1,149,30.0,41,1,1,1,0,3,21,-0.9081431738250814,-0.418659737537428,91.0,77.0,114.4,103.26666666666667,21.8,28.1,30.76,34.06666666666666,40.0,30.0,48.8,52.266666666666666,2.0,2.0,2.0,1.7333333333333334,1,2,0
1942,1,97,43.5,36,0,1,1,1,3,22,-0.9099612708765431,-0.41469324265623925,149.0,57.0,122.4,103.8,30.0,44.8,30.5,34.67333333333333,41.0,59.0,44.2,51.86666666666667,3.0,2.0,2.2,1.8,1,2,0
1943,1,165,41.2,33,1,0,0,1,2,23,-0.9117620435770883,-0.41071885261347774,97.0,163.0,122.8,110.66666666666667,43.5,34.9,31.76,34.8,36.0,55.0,39.8,52.0,3.0,0.0,2.6,1.8,1,2,0
1944,1,199,43.7,55,1,0,0,1,2,24,-0.9135454576426005,-0.40673664307580093,165.0,112.0,140.2,110.86666666666666,41.2,22.3,36.040000000000006,36.25333333333333,33.0,49.0,41.0,49.666666666666664,2.0,3.0,2.4,1.8666666666666667,0,1,0
1945,1,182,35.5,55,1,0,1,0,2,25,-0.9153114791194471,-0.40274668985873735,199.0,91.0,158.4,119.33333333333333,43.7,21.8,38.78,36.126666666666665,55.0,40.0,44.0,49.86666666666667,2.0,2.0,2.4,1.9333333333333333,1,2,0
1946,1,153,33.2,81,1,0,1,1,3,26,-0.9170600743851239,-0.3987490689252466,182.0,149.0,159.2,120.2,35.5,30.0,39.42,35.88666666666666,55.0,41.0,52.0,50.53333333333333,2.0,3.0,2.4,2.0,0,1,1
1947,1,139,24.4,70,1,0,0,0,1,27,-0.9187912101488984,-0.39474385638426707,153.0,97.0,167.6,120.93333333333334,33.2,43.5,35.6,35.059999999999995,81.0,36.0,58.8,50.6,3.0,3.0,2.0,1.9333333333333333,1,2,1
1948,1,50,29.8,77,1,1,0,1,3,28,-0.9205048534524399,-0.39073112848927466,139.0,165.0,144.6,119.26666666666667,24.4,41.2,33.32000000000001,34.50666666666667,70.0,33.0,67.6,53.46666666666667,1.0,2.0,2.2,2.1333333333333333,1,2,1
1949,1,122,33.0,48,1,1,0,1,3,29,-0.9222009716704517,-0.38671096163682095,50.0,199.0,129.2,122.46666666666667,29.8,43.7,31.18,34.02,77.0,55.0,66.2,53.266666666666666,3.0,2.0,2.4,2.2,0,0,0
1950,1,53,22.7,71,1,0,1,0,2,30,-0.9238795325112868,-0.3826834323650895,122.0,182.0,103.4,120.6,33.0,35.5,28.619999999999997,32.593333333333334,48.0,55.0,69.4,53.333333333333336,3.0,2.0,2.4,2.2,1,2,1
1951,1,55,26.6,46,1,0,0,0,1,31,-0.925540504017566,-0.3786486173524338,53.0,153.0,83.8,119.13333333333334,22.7,33.2,27.3,32.49333333333333,71.0,81.0,62.4,54.4,2.0,3.0,2.0,2.1333333333333333,0,0,0
1952,1,110,37.9,73,0,1,1,1,3,32,-0.9271838545667873,-0.3746065934159123,55.0,139.0,78.0,122.66666666666667,26.6,24.4,30.0,32.03333333333333,46.0,70.0,63.0,55.333333333333336,1.0,1.0,2.4,2.2,0,1,1
1953,1,167,42.1,67,1,1,0,1,3,33,-0.9288095528719243,-0.3705574375098359,110.0,50.0,101.4,122.93333333333334,37.9,29.8,32.46,32.513333333333335,73.0,77.0,61.0,56.13333333333333,3.0,3.0,2.4,2.4,0,1,1
1954,1,126,50.0,40,0,0,0,1,1,34,-0.9304175679820242,-0.366501226724298,167.0,122.0,102.2,123.86666666666666,42.1,33.0,35.86,34.36000000000001,67.0,48.0,59.4,55.53333333333333,3.0,3.0,2.0,2.2666666666666666,0,1,0
1955,1,185,48.0,87,1,0,0,0,1,35,-0.9320078692827984,-0.3624380382837018,126.0,53.0,128.6,130.13333333333333,50.0,22.7,40.92,36.10666666666667,40.0,71.0,62.6,58.666666666666664,1.0,2.0,1.8,2.2,1,2,1
1956,1,77,39.3,31,0,0,0,0,0,36,-0.9335804264972019,-0.3583679495452999,185.0,55.0,133.0,125.33333333333333,48.0,26.6,43.459999999999994,36.72666666666667,87.0,46.0,59.6,58.0,1.0,1.0,1.6,2.0,0,1,0
1957,1,113,32.6,37,1,0,1,1,3,37,-0.9351352096860117,-0.3542910379977157,77.0,110.0,133.6,126.4,39.3,37.9,42.4,36.0,31.0,73.0,52.4,58.06666666666667,0.0,3.0,1.6,2.0,1,2,0
1958,1,107,39.1,58,0,1,0,0,1,38,-0.9366721892483976,-0.3502073812594676,113.0,167.0,121.6,122.53333333333333,32.6,42.1,41.8,35.86,37.0,67.0,50.6,59.733333333333334,3.0,3.0,1.2,1.9333333333333333,1,2,0
1959,1,169,43.6,54,0,1,0,0,1,39,-0.938191335922484,-0.34611705707749335,107.0,126.0,130.2,120.53333333333333,39.1,50.0,40.519999999999996,35.85333333333333,58.0,40.0,53.4,59.666666666666664,1.0,1.0,1.2,1.8666666666666667,1,2,0
1960,1,183,23.6,68,1,1,1,1,4,40,-0.9396926207859084,-0.34202014332566855,169.0,185.0,129.8,120.6,43.6,48.0,35.64,35.059999999999995,54.0,87.0,49.6,60.53333333333333,1.0,1.0,1.8,2.0,1,2,1
1961,1,120,32.3,37,0,1,0,0,1,41,-0.9411760152563706,-0.337916718003327,183.0,77.0,138.4,118.4,23.6,39.3,34.24,35.0,68.0,31.0,50.8,57.6,4.0,0.0,2.0,1.8666666666666667,1,3,0
1962,1,87,45.2,83,1,1,0,1,3,42,-0.9426414910921783,-0.33380685923377124,120.0,113.0,133.2,114.93333333333334,32.3,32.6,36.760000000000005,36.38666666666667,37.0,37.0,60.0,58.46666666666667,1.0,3.0,2.0,2.0,0,1,1
1963,1,197,31.5,70,1,1,0,1,3,43,-0.9440890203927841,-0.32969064526278785,87.0,107.0,151.2,124.73333333333333,45.2,39.1,35.239999999999995,36.5,83.0,58.0,62.4,58.0,3.0,1.0,2.4,2.0,1,2,1
1964,1,91,37.2,63,0,1,1,0,2,44,-0.9455185755993168,-0.32556815445715664,197.0,169.0,135.6,122.66666666666667,31.5,43.6,33.96,36.779999999999994,70.0,54.0,64.2,59.0,3.0,1.0,2.6,1.9333333333333333,1,3,1
1965,1,167,37.6,85,0,1,1,0,2,45,-0.9469301294951056,-0.3214394653031618,91.0,183.0,132.4,130.26666666666668,37.2,23.6,36.760000000000005,37.77333333333333,63.0,68.0,67.6,59.93333333333333,2.0,4.0,2.2,1.9333333333333333,1,3,1
1966,1,183,25.5,80,1,0,0,1,2,46,-0.9483236552061992,-0.31730465640509264,167.0,120.0,145.0,138.8,37.6,32.3,35.4,37.7,85.0,37.0,76.2,62.2,2.0,1.0,2.4,2.0,0,1,1
1967,1,112,30.9,38,1,0,0,0,1,47,-0.949699126201877,-0.3131638064837495,183.0,87.0,150.0,138.93333333333334,25.5,45.2,32.540000000000006,37.233333333333334,80.0,83.0,67.2,59.86666666666667,2.0,3.0,2.0,1.8666666666666667,1,2,0
1968,1,170,30.0,53,1,0,0,0,1,48,-0.9510565162951535,-0.30901699437494756,112.0,197.0,144.6,139.13333333333333,30.9,31.5,32.24,36.42666666666666,38.0,70.0,63.8,58.93333333333333,1.0,3.0,1.6,1.7333333333333334,1,2,1
1969,1,99,20.8,74,0,1,1,1,3,49,-0.9523957996432783,-0.3048642990280112,170.0,91.0,146.2,137.33333333333334,30.0,37.2,28.959999999999997,34.480000000000004,53.0,63.0,66.0,61.2,1.0,2.0,1.8,1.8666666666666667,0,1,1
1970,1,87,20.7,81,1,0,0,1,2,50,-0.9537169507482267,-0.3007057995042738,99.0,167.0,130.2,130.8,20.8,37.6,25.580000000000002,32.660000000000004,74.0,85.0,65.2,60.8,3.0,2.0,1.8,1.9333333333333333,0,0,1
1971,1,145,45.0,66,1,0,1,1,3,51,-0.9550199444571869,-0.2965415749755702,87.0,183.0,122.6,135.33333333333334,20.7,25.5,29.48,33.04,81.0,80.0,62.4,63.13333333333333,2.0,2.0,2.0,2.1333333333333333,1,3,0
1972,1,140,28.2,67,0,1,1,1,3,52,-0.9563047559630353,-0.2923717047227371,145.0,112.0,128.2,137.13333333333333,45.0,30.9,28.939999999999998,32.74666666666666,66.0,38.0,68.2,65.13333333333334,3.0,1.0,2.4,2.1333333333333333,1,2,1
1973,1,81,35.5,69,0,0,1,0,1,53,-0.9575713608048145,-0.2881962681340891,140.0,170.0,110.4,135.4,28.2,30.0,30.04,32.50666666666667,67.0,53.0,71.4,65.86666666666666,3.0,1.0,2.4,2.1333333333333333,0,1,1
1974,1,63,29.0,36,0,1,0,0,1,54,-0.9588197348681928,-0.2840153447039235,81.0,99.0,103.2,128.33333333333334,35.5,20.8,31.68,31.533333333333335,69.0,74.0,63.8,64.66666666666667,1.0,3.0,2.0,2.1333333333333333,0,0,0
1975,1,167,48.2,44,0,1,0,0,1,55,-0.9600498543859286,-0.27982901403099236,63.0,87.0,119.2,127.26666666666667,29.0,20.7,37.17999999999999,33.17333333333333,36.0,81.0,56.4,63.06666666666667,1.0,2.0,1.8,1.9333333333333333,1,2,0
1976,1,96,27.8,85,0,0,0,1,1,56,-0.961261695938319,-0.2756373558169989,167.0,145.0,109.4,125.66666666666667,48.2,45.0,33.739999999999995,32.873333333333335,44.0,66.0,60.2,66.26666666666667,1.0,3.0,1.4,1.9333333333333333,0,0,1
1977,1,182,32.9,78,1,0,0,0,1,57,-0.9624552364536471,-0.27144044986507504,96.0,140.0,117.8,132.0,27.8,28.2,34.68,32.053333333333335,85.0,67.0,62.4,65.93333333333334,1.0,3.0,1.0,1.8,1,2,1
1978,1,146,46.2,63,1,1,1,0,3,58,-0.963630453208623,-0.26723837607825707,182.0,81.0,130.8,128.6,32.9,35.5,36.82000000000001,33.03333333333333,78.0,69.0,61.2,65.46666666666667,1.0,1.0,1.4,1.8,1,2,0
1979,1,143,45.3,42,0,1,0,0,1,59,-0.964787323828813,-0.2630312144579744,146.0,63.0,146.8,132.06666666666666,46.2,29.0,40.08,33.57333333333333,63.0,36.0,62.4,64.06666666666666,3.0,1.0,1.4,1.7333333333333334,0,1,0
1980,1,107,25.6,63,0,0,1,1,2,0,-0.9659258262890683,-0.25881904510252063,143.0,167.0,134.8,128.06666666666666,45.3,48.2,35.559999999999995,32.77333333333333,42.0,44.0,66.2,62.6,1.0,1.0,1.6,1.7333333333333334,1,2,1
1981,1,170,44.1,39,1,0,0,0,1,1,-0.9670459389139431,-0.25460194820552773,107.0,96.0,149.6,127.2,25.6,27.8,38.82000000000001,34.013333333333335,63.0,85.0,57.0,59.86666666666667,2.0,1.0,1.6,1.6666666666666667,0,1,0
1982,1,198,33.7,62,0,0,1,1,2,2,-0.9681476403781079,-0.25038000405444094,170.0,182.0,152.8,132.93333333333334,44.1,32.9,38.980000000000004,34.2,39.0,78.0,53.8,61.46666666666667,1.0,1.0,1.8,1.7333333333333334,0,1,1
1983,1,66,34.5,81,0,1,0,1,2,3,-0.9692309097067544,-0.24615329302899286,198.0,146.0,136.8,126.0,33.7,46.2,36.64,34.5,62.0,63.0,57.4,63.333333333333336,2.0,3.0,1.6,1.8,0,1,1
1984,1,151,24.0,43,0,0,1,0,1,4,-0.9702957262759965,-0.24192189559966779,66.0,143.0,138.4,129.46666666666667,34.5,45.3,32.38,34.71333333333334,81.0,42.0,57.6,61.266666666666666,2.0,1.0,1.6,1.6666666666666667,0,1,0
1985,1,160,22.4,63,1,1,0,0,2,5,-0.9713420698132613,-0.23768589232617343,151.0,107.0,149.0,134.33333333333334,24.0,25.6,31.740000000000002,34.82666666666667,43.0,63.0,57.6,60.06666666666667,1.0,2.0,1.6,1.6666666666666667,0,1,1
1986,1,145,41.8,56,0,1,0,0,1,6,-0.9723699203976767,-0.23344536385590514,160.0,170.0,144.0,134.33333333333334,22.4,44.1,31.28,34.61333333333333,63.0,39.0,61.0,59.4,2.0,1.0,1.6,1.5333333333333334,1,2,0
1987,1,164,34.9,53,0,1,1,0,2,7,-0.9733792584604485,-0.22920039092241418,145.0,198.0,137.2,135.93333333333334,41.8,33.7,31.52,35.059999999999995,56.0,62.0,59.2,58.46666666666667,1.0,2.0,1.6,1.4666666666666666,1,2,0
1988,1,134,33.1,48,1,1,0,0,2,8,-0.9743700647852351,-0.22495105434386525,164.0,66.0,150.8,139.46666666666667,34.9,34.5,31.24,34.9,53.0,81.0,52.6,57.06666666666667,2.0,2.0,1.6,1.5333333333333334,1,2,0
1989,1,147,41.9,49,0,0,0,0,0,9,-0.9753423205085126,-0.22069743502150163,134.0,151.0,150.0,145.06666666666666,33.1,24.0,34.82,35.76,48.0,43.0,53.8,57.93333333333333,2.0,1.0,1.4,1.4666666666666666,1,2,0
1990,1,84,43.0,48,0,0,1,0,1,10,-0.9762960071199334,-0.21643961393810282,147.0,160.0,134.8,139.53333333333333,41.9,22.4,38.94,35.413333333333334,49.0,63.0,50.8,58.2,0.0,2.0,1.2,1.4666666666666666,1,2,0
1991,1,67,24.8,68,1,1,1,1,4,11,-0.9772311064626789,-0.21217767215644648,84.0,145.0,119.2,137.6,43.0,41.8,35.540000000000006,35.21333333333334,48.0,56.0,53.2,57.06666666666667,1.0,1.0,1.8,1.6666666666666667,0,0,1
1992,1,99,38.3,85,1,1,1,1,4,12,-0.9781476007338056,-0.2079116908177598,67.0,164.0,106.2,132.06666666666666,24.8,34.9,36.22,35.57333333333334,68.0,53.0,59.6,57.53333333333333,4.0,2.0,2.2,1.8666666666666667,1,3,1
1993,1,191,24.1,67,0,1,1,1,3,13,-0.9790454724845837,-0.2036417511401782,99.0,134.0,117.6,135.06666666666666,38.3,33.1,34.42,34.099999999999994,85.0,48.0,63.4,57.8,4.0,2.0,2.4,1.8666666666666667,1,2,1
1994,1,136,42.5,73,1,0,0,1,2,14,-0.9799247046208296,-0.1993679344171973,191.0,147.0,115.4,134.6,24.1,41.9,34.54,33.913333333333334,67.0,49.0,68.2,59.86666666666667,3.0,0.0,2.8,1.9333333333333333,0,1,1
1995,1,140,39.7,72,1,0,0,1,2,15,-0.9807852804032303,-0.19509032201612866,136.0,84.0,126.6,136.8,42.5,43.0,33.88,34.85333333333333,73.0,48.0,73.0,60.46666666666667,2.0,1.0,3.0,1.9333333333333333,1,2,1
1996,1,60,48.7,44,0,1,1,0,2,16,-0.9816271834476639,-0.19080899537654547,140.0,67.0,125.2,129.46666666666667,39.7,24.8,38.66,35.16,72.0,68.0,68.2,60.8,2.0,4.0,2.6,2.0,0,1,0
1997,1,165,22.1,71,1,0,0,1,2,17,-0.9824503977255099,-0.18652403600873382,60.0,99.0,138.4,127.26666666666667,48.7,38.3,35.42,34.38666666666666,44.0,85.0,65.4,61.4,2.0,4.0,2.2,2.0,1,2,1
1998,1,101,21.7,70,0,0,0,0,0,18,-0.9832549075639545,-0.18223552549214778,165.0,191.0,120.4,129.6,22.1,24.1,34.940000000000005,33.53333333333333,71.0,67.0,66.0,60.666666666666664,2.0,3.0,1.6,1.8666666666666667,1,3,1
1999,1,50,28.5,31,1,0,1,0,2,19,-0.9840406976462909,-0.17794354547384147,101.0,136.0,103.2,122.86666666666666,21.7,42.5,32.14,33.833333333333336,70.0,73.0,57.6,59.86666666666667,0.0,2.0,1.6,1.9333333333333333,1,2,0
2000,1,120,27.9,53,0,0,0,1,1,20,-0.9848077530122079,-0.1736481776669312,50.0,140.0,99.2,120.2,28.5,39.7,29.78,34.2,31.0,72.0,53.8,59.2,2.0,2.0,1.4,1.8666666666666667,0,0,1
2001,1,174,27.4,46,1,1,1,0,3,21,-0.9855560590580776,-0.16934950384902486,120.0,60.0,122.0,122.13333333333334,27.9,48.7,25.520000000000003,33.239999999999995,53.0,44.0,54.2,58.53333333333333,1.0,2.0,1.6,2.0,0,1,0
2002,1,186,47.2,77,0,1,1,0,2,22,-0.9862856015372314,-0.1650476058606773,174.0,165.0,126.2,123.6,27.4,22.1,30.54,34.06,46.0,71.0,55.4,60.13333333333333,3.0,2.0,1.6,2.0,1,2,1
2003,1,170,27.5,79,1,0,1,0,2,23,-0.9869963665602318,-0.16074256560382688,186.0,101.0,140.0,126.0,47.2,21.7,31.7,33.68666666666667,77.0,70.0,57.2,62.2,2.0,0.0,2.0,2.0,0,1,1
2004,1,184,28.2,53,0,1,1,1,3,24,-0.9876883405951377,-0.15643446504023104,170.0,50.0,166.8,128.46666666666667,27.5,28.5,31.640000000000004,32.77333333333333,79.0,31.0,61.6,62.46666666666667,2.0,2.0,2.2,2.2,1,2,1
2005,1,197,42.8,37,0,1,0,0,1,25,-0.9883615104677608,-0.15212338618991628,184.0,120.0,182.2,136.0,28.2,27.9,34.620000000000005,32.760000000000005,53.0,53.0,58.4,61.733333333333334,3.0,1.0,2.2,2.2,1,3,0
2006,1,139,33.5,48,0,0,1,1,2,26,-0.9890158633619168,-0.14780941112961046,197.0,174.0,175.2,140.8,42.8,27.4,35.839999999999996,33.34,37.0,46.0,58.8,60.4,1.0,3.0,2.0,2.066666666666667,1,2,0
2007,1,163,43.3,81,1,0,0,0,1,27,-0.9896513868196702,-0.1434926219911794,139.0,186.0,170.6,145.06666666666666,33.5,47.2,35.06,33.67333333333333,48.0,77.0,59.6,60.13333333333333,2.0,2.0,1.8,1.8666666666666667,0,1,1
2008,1,193,22.0,41,0,0,1,0,1,28,-0.9902680687415703,-0.13917310096006583,163.0,170.0,175.2,145.2,43.3,27.5,33.96,33.53333333333333,81.0,79.0,52.0,58.4,1.0,2.0,1.6,1.7333333333333334,1,2,0
2009,1,162,34.6,72,1,0,1,0,2,29,-0.9908658973868822,-0.13485093027372277,193.0,184.0,170.8,146.93333333333334,22.0,28.2,35.239999999999995,33.00666666666667,41.0,53.0,55.8,58.333333333333336,1.0,3.0,1.4,1.7333333333333334,0,1,1
2010,1,137,21.0,82,0,1,1,0,2,30,-0.9914448613738104,-0.13052619222005163,162.0,197.0,158.8,146.73333333333332,34.6,42.8,30.879999999999995,31.759999999999998,72.0,37.0,64.8,59.0,2.0,1.0,1.6,1.7333333333333334,0,1,1
2011,1,103,21.9,55,1,0,0,1,2,31,-0.992004949679715,-0.12619896913583006,137.0,139.0,151.6,149.6,21.0,33.5,28.560000000000002,29.973333333333336,82.0,48.0,66.2,59.733333333333334,2.0,2.0,1.6,1.7333333333333334,1,2,1
2012,1,147,47.2,52,0,0,0,1,1,32,-0.9925461516413221,-0.12186934340514717,103.0,163.0,148.4,148.4,21.9,43.3,29.339999999999996,31.646666666666665,55.0,81.0,60.4,58.46666666666667,2.0,1.0,1.6,1.6666666666666667,0,1,0
2013,1,111,24.2,50,0,0,0,1,1,33,-0.9930684569549263,-0.1175373974578376,147.0,193.0,132.0,149.06666666666666,47.2,22.0,29.78,31.813333333333333,52.0,41.0,62.2,57.13333333333333,1.0,1.0,1.6,1.7333333333333334,0,1,1
2014,1,155,36.0,44,1,1,1,0,3,34,-0.9935718556765875,-0.11320321376790694,111.0,162.0,130.6,156.06666666666666,24.2,34.6,30.060000000000002,32.31333333333333,50.0,72.0,56.6,58.0,1.0,2.0,1.8,1.8,1,2,0
2015,1,125,32.3,35,0,0,0,1,1,35,-0.9940563382223195,-0.10886687485196507,155.0,137.0,128.2,156.4,36.0,21.0,32.32000000000001,32.60666666666667,44.0,82.0,47.2,56.8,3.0,2.0,1.6,1.8,1,2,0
2016,1,165,30.4,59,0,0,1,0,1,36,-0.9945218953682734,-0.10452846326765336,125.0,103.0,140.6,155.8,32.3,21.9,34.019999999999996,32.806666666666665,35.0,55.0,48.0,57.666666666666664,1.0,2.0,1.4,1.6666666666666667,1,2,1
2017,1,57,47.0,59,1,1,1,0,3,37,-0.9949685182509117,-0.10018806161207644,165.0,147.0,122.6,147.2,30.4,47.2,33.980000000000004,32.79333333333333,59.0,52.0,49.4,56.46666666666667,1.0,1.0,1.8,1.7333333333333334,0,1,0
2018,1,94,20.7,39,0,0,1,1,2,38,-0.9953961983671787,-0.09584575252022441,57.0,111.0,119.2,142.13333333333333,47.0,24.2,33.28,32.339999999999996,59.0,50.0,47.2,53.8,3.0,1.0,2.0,1.7333333333333334,1,3,0
2019,1,176,39.9,79,0,1,1,0,2,39,-0.9958049275746617,-0.09150161866340308,94.0,155.0,123.4,141.6,20.7,36.0,34.059999999999995,33.12,39.0,44.0,54.2,55.53333333333333,2.0,3.0,1.8,1.6666666666666667,1,2,1
2020,1,182,48.9,90,0,1,1,0,2,40,-0.9961946980917455,-0.08715574274765825,176.0,125.0,134.8,140.6,39.9,32.3,37.38,33.526666666666664,79.0,35.0,65.2,59.06666666666667,2.0,1.0,2.0,1.7333333333333334,1,2,1
2021,1,104,36.8,68,1,1,0,0,2,41,-0.9965655024977614,-0.08280820751220469,182.0,165.0,122.6,138.26666666666668,48.9,30.4,38.66,33.74666666666666,90.0,59.0,67.0,60.4,2.0,1.0,2.2,1.7333333333333334,1,2,1
2022,1,64,48.1,53,1,0,0,1,2,42,-0.996917333733128,-0.07845909572784557,104.0,57.0,124.0,131.66666666666666,36.8,47.0,38.879999999999995,34.06666666666667,68.0,59.0,65.8,58.53333333333333,2.0,3.0,2.0,1.8,0,1,0
2023,1,119,21.6,84,1,0,1,1,3,43,-0.9972501850994856,-0.07410849019540014,64.0,94.0,129.0,126.73333333333333,48.1,20.7,39.06,34.04,53.0,39.0,74.8,61.4,2.0,2.0,2.2,1.9333333333333333,1,3,1
2024,1,81,32.6,70,1,1,1,1,4,44,-0.9975640502598242,-0.06975647374412558,119.0,176.0,110.0,121.33333333333333,21.6,39.9,37.6,33.906666666666666,84.0,79.0,73.0,61.266666666666666,3.0,2.0,2.6,2.066666666666667,0,1,1
2025,1,180,27.8,63,1,0,1,0,2,45,-0.9978589232386035,-0.06540312923014273,81.0,182.0,109.6,124.2,32.6,48.9,33.38,34.36,70.0,90.0,67.6,60.0,4.0,2.0,2.6,2.066666666666667,1,2,1
2026,1,86,41.9,84,1,0,0,1,2,46,-0.9981347984218669,-0.06104853953485769,180.0,104.0,106.0,123.06666666666666,27.8,36.8,34.4,35.69333333333334,63.0,68.0,70.8,61.93333333333333,2.0,2.0,2.6,2.066666666666667,1,2,1
2027,1,53,49.4,55,1,1,1,1,4,47,-0.9983916705573488,-0.056692787563377714,86.0,64.0,103.8,116.8,41.9,48.1,34.660000000000004,35.84,84.0,53.0,71.2,62.13333333333333,2.0,2.0,3.0,2.2666666666666666,1,2,0
2028,1,84,27.7,89,0,0,1,1,2,48,-0.9986295347545739,-0.052335956242943425,53.0,119.0,96.8,115.0,49.4,21.6,35.88,36.07333333333334,55.0,84.0,72.2,64.73333333333333,4.0,3.0,2.8,2.3333333333333335,0,0,1
2029,1,166,39.6,58,1,1,0,0,2,49,-0.9988483864849507,-0.0479781285213447,84.0,81.0,113.8,115.73333333333333,27.7,32.6,37.28000000000001,36.31333333333334,89.0,70.0,69.8,65.66666666666667,2.0,4.0,2.4,2.2666666666666666,1,2,0
2030,1,185,25.9,73,1,0,0,0,1,50,-0.9990482215818578,-0.04361938736533613,166.0,180.0,114.8,119.73333333333333,39.6,27.8,36.9,35.88666666666667,58.0,63.0,71.8,68.2,2.0,2.0,2.2,2.2666666666666666,0,1,1
2031,1,69,37.0,68,0,0,1,1,2,51,-0.9992290362407229,-0.039259815759068124,185.0,86.0,111.4,113.33333333333333,25.9,41.9,35.92,36.32666666666667,73.0,84.0,68.6,68.8,1.0,2.0,2.2,2.3333333333333335,1,3,1
2032,1,56,33.9,69,0,1,0,0,1,52,-0.9993908270190958,-0.03489949670250076,69.0,53.0,112.0,113.26666666666667,37.0,49.4,32.82,35.45333333333333,68.0,55.0,71.4,69.46666666666667,2.0,4.0,1.6,2.2,1,3,1
2033,1,195,49.2,44,0,0,1,0,1,53,-0.9995335908367129,-0.030538513209822718,56.0,84.0,134.2,120.0,33.9,27.7,37.120000000000005,37.35333333333334,69.0,89.0,62.4,69.8,1.0,2.0,1.4,2.1333333333333333,1,2,0
2034,1,85,38.3,77,1,0,0,1,2,54,-0.9996573249755573,-0.026176948307873482,195.0,166.0,118.0,113.93333333333334,49.2,39.6,36.86,37.24666666666667,44.0,58.0,66.2,69.66666666666667,1.0,2.0,1.4,2.1333333333333333,1,2,1
2035,1,117,30.5,44,0,0,0,0,0,55,-0.9997620270799091,-0.021814885034560836,85.0,185.0,104.4,109.6,38.3,25.9,37.78,36.019999999999996,77.0,73.0,60.4,66.6,2.0,1.0,1.2,2.0,0,1,0
2036,1,83,23.4,85,1,0,1,1,3,56,-0.9998476951563913,-0.017452406437283498,117.0,69.0,107.2,108.2,30.5,37.0,35.06,35.126666666666665,44.0,68.0,63.8,67.73333333333333,0.0,2.0,1.4,2.066666666666667,0,1,1
2037,1,190,24.5,79,0,0,1,0,1,57,-0.999914327574007,-0.013089595571344698,83.0,56.0,134.0,116.6,23.4,33.9,33.18,33.55333333333333,85.0,69.0,65.8,69.46666666666667,3.0,1.0,1.4,2.0,1,2,1
2038,1,54,26.8,54,0,0,0,1,1,58,-0.9999619230641713,-0.008726535498374464,190.0,195.0,105.8,112.26666666666667,24.5,49.2,28.7,33.9,79.0,44.0,67.8,67.46666666666667,1.0,1.0,1.4,1.8666666666666667,1,2,1
2039,1,103,27.5,55,0,1,1,1,3,59,-0.9999904807207345,-0.004363309284746483,54.0,85.0,109.4,113.73333333333333,26.8,38.3,26.54,33.559999999999995,54.0,77.0,63.4,66.46666666666667,1.0,2.0,1.6,1.8,0,0,1
2040,1,101,45.5,67,0,1,0,1,2,0,-1.0,-1.8369701987210297e-16,103.0,117.0,106.2,108.46666666666667,27.5,30.5,29.54,34.74,55.0,44.0,68.0,66.73333333333333,3.0,0.0,2.0,1.8,0,1,0
2041,1,110,36.8,51,1,0,0,1,2,1,-0.9999904807207345,0.004363309284746116,101.0,83.0,111.6,110.06666666666666,45.5,23.4,32.22,34.4,67.0,85.0,61.2,64.53333333333333,2.0,3.0,1.8,1.8,1,3,0
2042,1,165,35.7,74,1,1,1,0,3,2,-0.9999619230641713,0.008726535498374096,110.0,190.0,106.6,117.53333333333333,36.8,24.5,34.46,33.486666666666665,51.0,79.0,60.2,65.8,2.0,1.0,2.2,1.7333333333333334,1,2,1
2043,1,172,23.4,68,0,0,0,0,0,3,-0.999914327574007,0.01308959557134433,165.0,54.0,130.2,123.4,35.7,26.8,33.78,33.2,74.0,54.0,63.0,64.4,3.0,1.0,2.0,1.6,1,2,1
2044,1,62,45.8,39,0,0,1,1,2,4,-0.9998476951563913,0.01745240643728313,172.0,103.0,122.0,116.46666666666667,23.4,27.5,37.440000000000005,33.61333333333333,68.0,55.0,59.8,63.13333333333333,0.0,3.0,1.8,1.6,1,2,0
2045,1,155,41.7,55,0,1,0,0,1,5,-0.9997620270799091,0.021814885034560468,62.0,101.0,132.8,114.46666666666667,45.8,45.5,36.67999999999999,34.666666666666664,39.0,67.0,57.4,61.93333333333333,2.0,2.0,1.6,1.6,1,2,0
2046,1,131,22.0,79,0,0,0,0,0,6,-0.9996573249755573,0.026176948307873114,155.0,110.0,137.0,118.6,41.7,36.8,33.72,33.666666666666664,55.0,51.0,63.0,62.666666666666664,1.0,2.0,1.2,1.4666666666666666,1,3,1
2047,1,90,41.2,76,0,1,1,0,2,7,-0.999533590836713,0.030538513209822354,131.0,165.0,122.0,120.86666666666666,22.0,35.7,34.82,34.15333333333333,79.0,74.0,63.4,63.13333333333333,0.0,3.0,1.0,1.5333333333333334,1,2,1
2048,1,124,36.3,76,0,1,0,0,1,8,-0.9993908270190958,0.03489949670250039,90.0,172.0,112.4,116.13333333333334,41.2,23.4,37.4,33.29333333333334,76.0,68.0,65.0,65.26666666666667,2.0,0.0,1.2,1.5333333333333334,0,1,1
2049,1,156,22.5,63,1,1,0,0,2,9,-0.999229036240723,0.03925981575906776,124.0,62.0,131.2,120.86666666666666,36.3,45.8,32.739999999999995,32.24,76.0,39.0,69.8,64.33333333333333,1.0,2.0,1.2,1.5333333333333334,0,1,1
2050,1,144,33.7,66,0,1,1,1,3,10,-0.9990482215818578,0.043619387365335764,156.0,155.0,129.0,122.66666666666667,22.5,41.7,31.140000000000004,32.45333333333333,63.0,55.0,72.0,65.8,2.0,1.0,1.6,1.7333333333333334,0,1,1
2051,1,57,34.5,87,1,0,0,1,2,11,-0.9988483864849507,0.04797812852134433,144.0,131.0,114.2,120.93333333333334,33.7,22.0,33.64,33.193333333333335,66.0,79.0,73.6,65.93333333333334,3.0,0.0,2.0,1.6666666666666667,0,0,1
2052,1,68,25.0,52,0,1,0,0,1,12,-0.9986295347545739,0.05233595624294306,57.0,90.0,109.8,112.8,34.5,41.2,30.4,33.22666666666667,87.0,76.0,68.8,64.13333333333334,2.0,2.0,1.8,1.6666666666666667,0,1,1
2053,1,182,48.4,69,0,1,1,1,3,13,-0.9983916705573488,0.056692787563377346,68.0,124.0,121.4,121.33333333333333,25.0,36.3,32.82000000000001,34.666666666666664,52.0,76.0,67.4,65.13333333333334,1.0,1.0,2.2,1.8,1,2,0
2054,1,165,45.5,63,0,0,1,0,1,14,-0.9981347984218669,0.061048539534857324,182.0,156.0,123.2,125.46666666666667,48.4,22.5,37.42,35.86666666666667,69.0,63.0,67.4,65.66666666666667,3.0,2.0,2.0,1.6666666666666667,1,2,0
2055,1,136,40.1,54,0,0,0,0,0,15,-0.9978589232386036,0.06540312923014237,165.0,144.0,121.6,127.8,45.5,33.7,38.7,35.50666666666667,63.0,66.0,65.0,64.8,1.0,3.0,1.4,1.5333333333333334,1,3,0
2056,1,125,33.9,32,0,1,0,0,1,16,-0.9975640502598243,0.06975647374412522,136.0,57.0,135.2,128.8,40.1,34.5,38.58,35.31333333333334,54.0,87.0,54.0,63.53333333333333,0.0,2.0,1.2,1.4666666666666666,1,3,0
2057,1,86,32.4,42,0,1,0,1,2,17,-0.9972501850994856,0.07410849019539976,125.0,68.0,138.8,123.53333333333333,33.9,25.0,40.059999999999995,35.093333333333334,32.0,52.0,52.0,61.4,1.0,1.0,1.4,1.4,0,1,0
2058,1,73,39.5,82,0,0,0,0,0,18,-0.996917333733128,0.07845909572784521,86.0,182.0,117.0,116.93333333333334,32.4,48.4,38.279999999999994,36.166666666666664,42.0,69.0,54.6,62.333333333333336,2.0,3.0,0.8,1.4,1,3,1
2059,1,87,36.4,69,0,0,1,0,1,19,-0.9965655024977614,0.08280820751220433,73.0,165.0,101.4,118.6,39.5,45.5,36.459999999999994,35.54,82.0,63.0,55.8,64.33333333333333,0.0,1.0,0.8,1.3333333333333333,0,1,1
2060,1,170,21.9,72,0,0,1,0,1,20,-0.9961946980917455,0.08715574274765789,87.0,136.0,108.2,119.6,36.4,40.1,32.82,34.22,69.0,54.0,59.4,65.46666666666667,1.0,0.0,1.0,1.3333333333333333,1,2,1
2061,1,150,35.4,90,0,0,1,1,2,21,-0.9958049275746617,0.09150161866340271,170.0,125.0,113.2,120.86666666666666,21.9,33.9,33.11999999999999,35.11333333333333,72.0,32.0,71.0,66.2,1.0,1.0,1.2,1.4666666666666666,1,2,1
2062,1,145,44.2,58,0,1,1,1,3,22,-0.9953961983671789,0.09584575252022405,150.0,86.0,125.0,124.53333333333333,35.4,32.4,35.480000000000004,35.31333333333334,90.0,42.0,74.2,65.0,2.0,2.0,1.4,1.5333333333333334,1,2,0
2063,1,105,33.8,89,0,1,1,0,2,23,-0.9949685182509117,0.10018806161207608,145.0,73.0,131.4,123.26666666666667,44.2,39.5,34.339999999999996,35.14666666666666,58.0,82.0,75.6,65.86666666666666,3.0,0.0,1.8,1.6,1,2,1
2064,1,194,21.6,31,1,0,1,0,2,24,-0.9945218953682734,0.10452846326765299,105.0,87.0,152.8,125.8,33.8,36.4,31.380000000000003,35.086666666666666,89.0,69.0,68.0,63.733333333333334,2.0,1.0,2.0,1.6,0,1,0
2065,1,116,43.6,89,0,0,0,1,1,25,-0.9940563382223196,0.10886687485196471,194.0,170.0,142.0,123.93333333333334,21.6,21.9,35.72,35.74666666666667,31.0,72.0,71.4,65.26666666666667,2.0,1.0,2.0,1.4666666666666666,0,1,1
2066,1,50,26.0,52,1,1,1,1,4,26,-0.9935718556765876,0.11320321376790658,116.0,150.0,122.0,123.46666666666667,43.6,35.4,33.839999999999996,35.18,89.0,90.0,63.8,62.93333333333333,1.0,2.0,2.4,1.6,1,2,1
2067,1,83,27.8,73,0,1,0,0,1,27,-0.9930684569549263,0.11753739745783724,50.0,145.0,109.6,124.46666666666667,26.0,44.2,30.560000000000002,35.36666666666667,52.0,58.0,66.8,64.33333333333333,4.0,3.0,2.0,1.6,1,2,1
2068,1,197,24.9,65,1,1,1,1,4,28,-0.9925461516413221,0.12186934340514681,83.0,105.0,128.0,125.46666666666667,27.8,33.8,28.78,33.8,73.0,89.0,62.0,64.06666666666666,1.0,2.0,2.4,1.6666666666666667,0,1,1
2069,1,115,29.9,42,0,1,1,0,2,29,-0.992004949679715,0.1261989691358297,197.0,194.0,112.2,122.13333333333334,24.9,21.6,30.440000000000005,32.760000000000005,65.0,31.0,64.2,62.666666666666664,4.0,2.0,2.4,1.7333333333333334,0,0,0
2070,1,114,42.7,59,0,0,1,1,2,30,-0.9914448613738105,0.13052619222005127,115.0,116.0,111.8,120.66666666666667,29.9,43.6,30.26,32.93333333333333,42.0,89.0,58.2,63.0,2.0,1.0,2.6,1.8666666666666667,0,1,0
2071,1,162,35.6,80,0,0,1,1,2,31,-0.9908658973868824,0.1348509302737224,114.0,50.0,134.2,123.13333333333334,42.7,26.0,32.18,33.04666666666667,59.0,52.0,63.8,66.2,2.0,4.0,2.2,1.9333333333333333,1,3,1
2072,1,99,26.1,72,1,1,0,1,3,32,-0.9902680687415704,0.13917310096006547,162.0,83.0,137.4,124.0,35.6,27.8,31.839999999999996,32.626666666666665,80.0,73.0,63.6,68.2,2.0,1.0,2.6,2.0,0,1,1
2073,1,197,46.3,46,1,1,0,1,3,33,-0.9896513868196702,0.14349262199117904,99.0,197.0,137.4,132.26666666666668,26.1,24.9,36.120000000000005,33.08,72.0,65.0,59.8,65.8,3.0,4.0,2.4,2.2,0,1,0
2074,1,100,46.4,40,0,1,1,1,3,34,-0.9890158633619169,0.1478094111296101,197.0,115.0,134.4,133.13333333333333,46.3,29.9,39.42,33.74666666666666,46.0,42.0,59.4,63.86666666666667,3.0,2.0,2.6,2.3333333333333335,0,0,0
2075,1,151,46.1,50,1,0,0,1,2,35,-0.9883615104677609,0.15212338618991592,100.0,114.0,141.8,131.86666666666667,46.4,42.7,40.1,35.36,40.0,59.0,57.6,62.4,3.0,2.0,2.6,2.4,1,3,0
2076,1,118,27.2,85,1,1,0,1,3,36,-0.9876883405951378,0.15643446504023067,151.0,162.0,133.0,129.73333333333332,46.1,35.6,38.42,34.813333333333325,50.0,80.0,58.6,62.06666666666667,2.0,2.0,2.8,2.466666666666667,1,3,1
2077,1,92,33.5,41,1,0,0,0,1,37,-0.9869963665602318,0.16074256560382652,118.0,99.0,131.6,126.2,27.2,26.1,39.9,34.1,85.0,72.0,52.4,60.93333333333333,3.0,3.0,2.4,2.3333333333333335,0,1,0
2078,1,122,49.5,54,1,1,1,0,3,38,-0.9862856015372315,0.16504760586067693,92.0,197.0,116.6,127.33333333333333,33.5,46.3,40.54,35.14666666666667,41.0,46.0,54.0,58.6,1.0,3.0,2.4,2.4,0,1,0
2079,1,187,43.2,37,1,1,0,1,3,39,-0.9855560590580777,0.1693495038490245,122.0,100.0,134.0,126.86666666666666,49.5,46.4,39.9,36.58666666666667,54.0,40.0,53.4,59.0,3.0,3.0,2.4,2.466666666666667,0,1,0
2080,1,109,20.8,77,1,0,0,1,2,40,-0.984807753012208,0.17364817766693083,187.0,151.0,125.6,126.4,43.2,46.1,34.839999999999996,35.06666666666667,37.0,50.0,58.8,58.2,3.0,2.0,2.4,2.533333333333333,1,2,1
2081,1,58,22.0,79,1,1,0,0,2,41,-0.984040697646291,0.1779435454738411,109.0,118.0,113.6,126.93333333333334,20.8,27.2,33.8,34.8,77.0,85.0,57.6,60.0,2.0,3.0,2.2,2.4,0,1,1
2082,1,172,33.9,50,1,1,0,1,3,42,-0.9832549075639546,0.18223552549214742,58.0,92.0,129.6,132.86666666666667,22.0,33.5,33.88,35.20666666666667,79.0,41.0,59.4,58.46666666666667,2.0,1.0,2.6,2.533333333333333,0,1,0
2083,1,175,47.3,67,0,1,0,1,2,43,-0.98245039772551,0.18652403600873346,172.0,122.0,140.2,131.4,33.9,49.5,33.44,36.7,50.0,54.0,62.0,58.6,3.0,3.0,2.4,2.4,0,1,0
2084,1,160,36.2,34,0,0,0,1,1,44,-0.9816271834476639,0.1908089953765451,175.0,187.0,134.8,134.4,47.3,43.2,32.04,37.120000000000005,67.0,37.0,61.4,58.06666666666667,2.0,3.0,2.0,2.3333333333333335,0,1,0
2085,1,107,34.9,70,0,1,1,1,3,45,-0.9807852804032304,0.1950903220161283,160.0,109.0,134.4,133.93333333333334,36.2,20.8,34.86,36.6,34.0,77.0,60.0,58.8,1.0,2.0,2.2,2.4,1,2,1
2086,1,82,23.2,30,1,1,0,1,3,46,-0.9799247046208297,0.19936793441719694,107.0,58.0,139.2,128.6,34.9,22.0,35.1,35.77333333333333,70.0,79.0,50.2,55.46666666666667,3.0,2.0,2.4,2.466666666666667,0,0,0
2087,1,115,39.7,46,1,1,1,0,3,47,-0.9790454724845837,0.20364175114017785,82.0,172.0,127.8,129.66666666666666,23.2,33.9,36.260000000000005,36.68,30.0,50.0,49.4,53.733333333333334,3.0,3.0,2.4,2.466666666666667,0,1,0
2088,1,193,44.7,58,1,1,1,0,3,48,-0.9781476007338056,0.20791169081775945,115.0,175.0,131.4,129.4,39.7,47.3,35.739999999999995,36.57333333333334,46.0,67.0,47.6,54.53333333333333,3.0,2.0,2.6,2.466666666666667,0,0,0
2089,1,90,31.4,53,1,1,1,1,4,49,-0.9772311064626789,0.21217767215644612,193.0,160.0,117.4,128.73333333333332,44.7,36.2,34.78,35.57333333333334,58.0,34.0,51.4,55.4,3.0,1.0,3.2,2.533333333333333,1,2,0
2090,1,133,43.3,73,0,0,1,0,1,50,-0.9762960071199335,0.21643961393810246,90.0,107.0,122.6,127.53333333333333,31.4,34.9,36.46,35.38666666666666,53.0,70.0,52.0,56.93333333333333,4.0,3.0,2.8,2.466666666666667,0,0,1
2091,1,59,48.9,36,1,0,1,0,2,51,-0.9753423205085127,0.22069743502150127,133.0,82.0,118.0,123.6,43.3,23.2,41.6,36.833333333333336,73.0,30.0,53.2,53.666666666666664,1.0,3.0,2.6,2.4,0,1,0
2092,1,102,26.1,36,0,0,1,0,1,52,-0.9743700647852352,0.22495105434386492,59.0,115.0,115.4,124.26666666666667,48.9,39.7,38.88,36.34,36.0,46.0,51.2,53.333333333333336,2.0,3.0,2.2,2.4,1,2,0
2093,1,104,35.7,34,1,0,1,1,3,53,-0.9733792584604486,0.22920039092241382,102.0,193.0,97.6,123.06666666666666,26.1,44.7,37.08,35.419999999999995,36.0,58.0,46.4,52.0,1.0,3.0,2.2,2.4,0,1,0
2094,1,197,28.6,58,0,1,0,0,1,54,-0.9723699203976768,0.23344536385590478,104.0,90.0,119.0,123.73333333333333,35.7,31.4,36.52,34.44666666666667,34.0,53.0,47.4,53.4,3.0,4.0,1.6,2.2666666666666666,1,3,1
2095,1,105,43.8,39,1,0,1,0,2,55,-0.9713420698132614,0.23768589232617307,197.0,133.0,113.4,123.46666666666667,28.6,43.3,36.62,35.980000000000004,58.0,73.0,40.6,50.86666666666667,1.0,1.0,1.8,2.2666666666666666,0,0,0
2096,1,116,37.3,52,0,1,1,0,2,56,-0.9702957262759966,0.24192189559966745,105.0,59.0,124.8,127.33333333333333,43.8,48.9,34.3,37.0,39.0,36.0,43.8,49.06666666666667,2.0,2.0,1.8,2.2666666666666666,1,2,0
2097,1,196,39.0,63,0,1,1,0,2,57,-0.9692309097067545,0.2461532930289925,116.0,102.0,143.6,128.93333333333334,37.3,26.1,36.879999999999995,37.34,52.0,36.0,49.2,49.93333333333333,2.0,1.0,2.0,2.2,1,2,1
2098,1,118,43.9,56,1,0,0,0,1,58,-0.968147640378108,0.2503800040544406,196.0,104.0,146.4,125.13333333333334,39.0,35.7,38.519999999999996,37.11333333333333,63.0,34.0,53.6,49.2,2.0,3.0,1.6,2.1333333333333333,0,1,0
2099,1,163,31.9,84,1,0,0,0,1,59,-0.9670459389139432,0.2546019482055274,118.0,197.0,139.6,125.33333333333333,43.9,28.6,39.18,36.82666666666667,56.0,58.0,58.8,52.53333333333333,1.0,1.0,1.6,2.1333333333333333,0,1,1
2100,1,107,47.5,45,1,0,0,1,2,0,-0.9659258262890684,0.2588190451025203,163.0,105.0,140.0,125.33333333333333,31.9,43.8,39.92,37.666666666666664,84.0,39.0,60.0,50.86666666666667,1.0,2.0,1.6,2.066666666666667,0,1,0
2101,1,90,36.0,76,0,0,1,0,1,1,-0.9647873238288132,0.26303121445797406,107.0,116.0,134.8,125.86666666666666,47.5,37.3,39.660000000000004,38.519999999999996,45.0,52.0,64.8,53.93333333333333,2.0,2.0,1.4,1.9333333333333333,0,0,1
2102,1,144,24.7,57,1,1,0,1,3,2,-0.9636304532086231,0.26723837607825673,90.0,196.0,124.4,127.8,36.0,39.0,36.8,37.519999999999996,76.0,63.0,63.6,54.666666666666664,1.0,2.0,1.6,1.9333333333333333,1,2,1
2103,1,115,40.9,47,0,1,0,0,1,3,-0.9624552364536472,0.2714404498650747,144.0,118.0,123.8,122.6,24.7,43.9,36.2,37.266666666666666,57.0,56.0,61.8,53.93333333333333,3.0,1.0,1.6,1.8,1,3,0
2104,1,179,43.8,57,0,1,0,0,1,4,-0.961261695938319,0.2756373558169985,115.0,163.0,127.0,128.53333333333333,40.9,31.9,38.58,38.09333333333334,47.0,84.0,56.4,54.2,1.0,1.0,1.6,1.6,1,2,0
2105,1,181,29.5,48,0,0,1,1,2,5,-0.9600498543859287,0.279829014030992,179.0,107.0,141.8,131.73333333333332,43.8,47.5,34.98,37.173333333333325,57.0,45.0,57.0,52.53333333333333,1.0,2.0,1.6,1.6666666666666667,1,2,0
2106,1,134,45.7,42,1,1,0,0,2,6,-0.9588197348681929,0.28401534470392314,181.0,90.0,150.6,136.73333333333332,29.5,36.0,36.92,36.96,48.0,76.0,50.2,52.93333333333333,2.0,1.0,1.8,1.6666666666666667,0,1,0
2107,1,145,47.2,88,0,0,0,1,1,7,-0.9575713608048146,0.2881962681340887,134.0,144.0,150.8,139.6,45.7,24.7,41.42,38.36666666666667,42.0,57.0,56.4,56.4,2.0,3.0,1.4,1.6666666666666667,0,1,1
2108,1,67,28.3,82,1,1,0,1,3,8,-0.9563047559630354,0.2923717047227367,145.0,115.0,141.2,137.13333333333333,47.2,40.9,38.9,37.873333333333335,88.0,47.0,63.4,59.6,1.0,1.0,1.8,1.6666666666666667,0,1,1
2109,1,132,49.5,73,0,0,0,0,0,9,-0.955019944457187,0.2965415749755698,67.0,179.0,131.8,132.8,28.3,43.8,40.04,39.266666666666666,82.0,57.0,66.6,60.6,3.0,1.0,1.6,1.6,0,1,1
2110,1,142,24.2,58,1,1,1,0,3,10,-0.9537169507482268,0.30070579950427345,132.0,181.0,124.0,135.26666666666668,49.5,29.5,38.98,37.96,73.0,48.0,68.6,61.86666666666667,0.0,2.0,1.8,1.6666666666666667,0,1,1
2111,1,84,26.1,43,1,1,0,0,2,11,-0.9523957996432784,0.3048642990280109,142.0,134.0,114.0,133.13333333333333,24.2,45.7,35.06,37.21333333333334,58.0,42.0,68.8,61.266666666666666,3.0,2.0,1.8,1.6666666666666667,0,1,0
2112,1,94,25.5,31,1,1,0,0,2,12,-0.9510565162951536,0.30901699437494723,84.0,145.0,103.8,126.33333333333333,26.1,47.2,30.720000000000006,36.31333333333334,43.0,88.0,57.4,59.13333333333333,2.0,1.0,2.0,1.6666666666666667,0,0,0
2113,1,186,46.8,62,0,0,0,0,0,13,-0.9496991262018771,0.3131638064837491,94.0,67.0,127.6,130.86666666666667,25.5,28.3,34.42,36.50666666666667,31.0,82.0,53.4,59.53333333333333,2.0,3.0,1.4,1.6,0,1,0
2114,1,142,39.6,51,1,1,1,1,4,14,-0.9483236552061993,0.31730465640509226,186.0,132.0,129.6,129.46666666666667,46.8,49.5,32.44,37.02,62.0,73.0,49.0,57.333333333333336,0.0,0.0,2.2,1.8,0,1,0
2115,1,168,24.6,38,0,0,0,0,0,15,-0.9469301294951057,0.3214394653031615,142.0,142.0,134.8,133.53333333333333,39.6,24.2,32.52,35.49333333333333,51.0,58.0,45.0,56.86666666666667,4.0,3.0,1.6,1.6666666666666667,0,1,0
2116,1,102,33.2,47,1,0,1,0,2,16,-0.945518575599317,0.3255681544571563,168.0,84.0,138.4,134.33333333333334,24.6,26.1,33.94,35.306666666666665,38.0,43.0,45.8,54.93333333333333,0.0,2.0,1.6,1.7333333333333334,1,3,0
2117,1,104,38.5,33,0,0,1,1,2,17,-0.9440890203927842,0.3296906452627875,102.0,94.0,140.4,131.66666666666666,33.2,25.5,36.54,36.22666666666667,47.0,31.0,46.2,53.333333333333336,2.0,2.0,1.6,1.6666666666666667,1,2,0
2118,1,198,22.5,38,0,1,1,1,3,18,-0.9426414910921784,0.3338068592337709,104.0,186.0,142.8,137.2,38.5,46.8,31.68,35.0,33.0,62.0,41.4,52.733333333333334,2.0,0.0,2.2,1.8,0,1,0
2119,1,197,46.5,61,0,0,1,1,2,19,-0.9411760152563707,0.3379167180033267,198.0,142.0,153.8,138.4,22.5,39.6,33.06,35.18,38.0,51.0,43.4,53.0,3.0,4.0,1.8,1.8666666666666667,0,1,0
2120,1,139,44.1,51,1,0,0,1,2,20,-0.9396926207859085,0.34202014332566816,197.0,168.0,148.0,135.6,46.5,24.6,36.959999999999994,36.15333333333333,61.0,38.0,46.0,53.2,2.0,0.0,2.2,1.8666666666666667,0,1,0
2121,1,128,35.2,86,1,0,1,0,2,21,-0.9381913359224842,0.346117057077493,139.0,102.0,153.2,135.2,44.1,33.2,37.36,35.45333333333334,51.0,47.0,53.8,56.13333333333333,2.0,2.0,2.2,1.8666666666666667,0,1,1
2122,1,119,49.0,79,0,0,1,0,1,22,-0.9366721892483977,0.3502073812594672,128.0,104.0,156.2,133.46666666666667,35.2,38.5,39.46,35.57333333333334,86.0,33.0,63.0,55.53333333333333,2.0,2.0,2.0,1.8666666666666667,0,1,1
2123,1,68,32.5,46,0,1,1,1,3,23,-0.9351352096860119,0.35429103799771533,119.0,198.0,130.2,133.53333333333333,49.0,22.5,41.46,35.85333333333334,79.0,38.0,64.6,53.13333333333333,1.0,3.0,2.0,1.8666666666666667,1,2,0
2124,1,72,49.5,63,1,1,0,1,3,24,-0.9335804264972021,0.35836794954529955,68.0,197.0,105.2,129.53333333333333,32.5,46.5,42.06,35.85333333333334,46.0,61.0,65.0,52.46666666666667,3.0,2.0,2.2,2.066666666666667,1,2,0
2125,1,143,40.0,58,0,0,0,0,0,25,-0.9320078692827986,0.36243803828370147,72.0,139.0,106.0,129.6,49.5,44.1,41.24,36.906666666666666,63.0,51.0,66.4,52.46666666666667,3.0,2.0,1.8,1.8666666666666667,1,3,0
2126,1,107,39.0,51,0,1,1,1,3,26,-0.9304175679820244,0.3665012267242977,143.0,128.0,101.8,131.13333333333333,40.0,35.2,42.0,37.766666666666666,58.0,86.0,59.4,53.0,0.0,2.0,2.0,1.9333333333333333,1,2,0
2127,1,139,25.0,41,1,0,1,1,3,27,-0.9288095528719245,0.37055743750983555,107.0,119.0,105.8,134.13333333333333,39.0,49.0,37.2,37.733333333333334,51.0,79.0,51.8,53.666666666666664,3.0,1.0,2.4,2.0,0,1,0
2128,1,119,46.5,77,0,0,1,1,2,28,-0.9271838545667874,0.37460659341591196,139.0,68.0,116.0,129.66666666666666,25.0,32.5,40.0,37.71333333333334,41.0,46.0,58.0,54.666666666666664,3.0,3.0,2.2,2.1333333333333333,0,1,1
2129,1,166,32.8,63,0,1,0,1,2,29,-0.9255405040175662,0.37864861735243344,119.0,72.0,134.8,131.26666666666668,46.5,49.5,36.66,37.26,77.0,63.0,58.0,55.46666666666667,2.0,3.0,2.0,2.0,0,1,1
2130,1,157,24.9,88,0,1,1,0,2,30,-0.923879532511287,0.38268343236508917,166.0,143.0,137.6,130.53333333333333,32.8,40.0,33.64,37.279999999999994,63.0,58.0,64.0,58.8,2.0,0.0,2.4,2.1333333333333333,1,2,1
2131,1,185,20.4,64,0,0,0,1,1,31,-0.9222009716704518,0.3867109616368206,157.0,107.0,153.2,136.06666666666666,24.9,39.0,29.919999999999998,36.42666666666666,88.0,51.0,66.6,59.93333333333333,2.0,3.0,2.0,2.066666666666667,1,3,1
2132,1,183,36.8,43,1,1,0,1,3,32,-0.9205048534524402,0.39073112848927427,185.0,139.0,162.0,141.33333333333334,20.4,25.0,32.279999999999994,36.31333333333334,64.0,41.0,67.0,60.6,1.0,3.0,2.0,2.1333333333333333,1,3,0
2133,1,150,35.8,34,1,0,1,0,2,33,-0.9187912101488985,0.39474385638426673,183.0,119.0,168.2,138.13333333333333,36.8,46.5,30.139999999999997,37.2,43.0,77.0,58.4,60.333333333333336,3.0,2.0,2.0,2.066666666666667,0,1,0
2134,1,193,41.6,45,0,1,1,0,2,34,-0.917060074385124,0.39874906892524625,150.0,166.0,173.6,137.86666666666667,35.8,32.8,31.9,36.873333333333335,34.0,63.0,54.8,59.266666666666666,2.0,2.0,2.0,2.066666666666667,0,1,0
2135,1,200,46.7,80,0,0,1,1,2,35,-0.9153114791194472,0.402746689858737,193.0,157.0,182.2,141.93333333333334,41.6,24.9,36.260000000000005,37.04666666666667,45.0,88.0,53.2,61.2,2.0,2.0,2.0,2.066666666666667,0,0,1
2136,1,148,22.4,86,1,0,0,1,2,36,-0.9135454576426008,0.40673664307580054,200.0,185.0,174.8,143.26666666666668,46.7,20.4,36.66,36.193333333333335,80.0,64.0,57.6,61.2,2.0,1.0,2.2,2.066666666666667,1,3,1
2137,1,149,41.9,90,0,1,0,0,1,37,-0.9117620435770885,0.4107188526134774,148.0,183.0,168.0,145.26666666666668,22.4,36.8,37.68,35.72,86.0,43.0,67.0,61.93333333333333,2.0,3.0,1.8,2.066666666666667,0,1,1
2138,1,52,25.6,46,0,1,1,1,3,38,-0.9099612708765432,0.4146932426562389,149.0,150.0,148.4,144.2,41.9,35.8,35.64,35.26,90.0,34.0,69.4,61.93333333333333,1.0,2.0,2.0,2.066666666666667,1,3,0
2139,1,52,45.7,57,0,1,1,0,2,39,-0.9081431738250815,0.4186597375374277,52.0,193.0,120.2,142.86666666666667,25.6,41.6,36.46,35.00666666666667,46.0,45.0,71.8,61.53333333333333,3.0,2.0,2.0,2.0,1,2,0
2140,1,129,44.6,34,0,0,0,1,1,40,-0.9063077870366498,0.4226182617406996,52.0,200.0,106.0,141.93333333333334,45.7,46.7,36.040000000000006,35.31333333333334,57.0,80.0,62.6,59.93333333333333,2.0,2.0,1.8,2.066666666666667,0,0,0
2141,1,109,36.2,90,0,1,1,1,3,41,-0.904455145454368,0.42656873990145827,129.0,148.0,98.2,142.06666666666666,44.6,22.4,38.8,35.126666666666665,34.0,86.0,63.4,62.53333333333333,1.0,2.0,2.0,2.066666666666667,1,2,1
2142,1,106,41.3,59,1,1,1,1,4,42,-0.9025852843498607,0.4305110968082948,109.0,149.0,89.6,139.86666666666667,36.2,41.9,38.68,36.21333333333334,90.0,90.0,57.2,63.733333333333334,3.0,1.0,2.6,2.1333333333333333,0,1,0
2143,1,116,29.4,89,0,0,1,1,2,43,-0.9006982393225881,0.43444525740441653,106.0,52.0,102.4,139.66666666666666,41.3,25.6,39.440000000000005,35.07333333333334,59.0,46.0,65.8,64.53333333333333,4.0,3.0,2.4,2.1333333333333333,1,3,1
2144,1,195,34.1,66,1,0,1,0,2,44,-0.898794046299167,0.4383711467890774,116.0,52.0,131.0,141.6,29.4,45.7,37.12,35.16,89.0,57.0,67.6,64.73333333333333,2.0,2.0,2.4,2.1333333333333333,0,0,1
2145,1,155,44.6,34,0,0,0,1,1,45,-0.8968727415326885,0.442288690219001,195.0,129.0,136.2,141.46666666666667,34.1,44.6,37.12,36.473333333333336,66.0,34.0,67.6,61.13333333333333,2.0,1.0,2.4,2.066666666666667,1,2,0
2146,1,86,33.8,58,1,0,0,0,1,46,-0.8949343616020253,0.44619781310980833,155.0,109.0,131.6,134.86666666666667,44.6,36.2,36.64,37.36666666666667,34.0,90.0,61.2,60.733333333333334,1.0,3.0,2.0,2.066666666666667,1,2,1
2147,1,106,30.7,45,1,1,0,0,2,47,-0.8929789434111369,0.45009844103743507,86.0,106.0,131.6,129.73333333333332,33.8,41.3,34.519999999999996,36.96,58.0,59.0,58.4,60.86666666666667,1.0,4.0,1.6,2.0,1,2,0
2148,1,69,34.8,88,0,1,1,1,3,48,-0.8910065241883679,0.45399049973954664,106.0,116.0,122.2,124.33333333333333,30.7,29.4,35.6,36.89333333333333,45.0,89.0,58.2,64.46666666666667,2.0,2.0,1.8,2.066666666666667,0,1,1
2149,1,85,44.8,42,0,0,1,1,2,49,-0.8890171414857366,0.45787391511695635,69.0,195.0,100.2,117.13333333333334,34.8,34.1,37.739999999999995,37.10666666666667,88.0,66.0,53.4,64.26666666666667,3.0,2.0,1.8,2.066666666666667,1,2,0
2150,1,120,30.1,62,1,1,1,1,4,50,-0.887010833178222,0.46174861323503325,85.0,155.0,93.2,111.8,44.8,44.6,34.839999999999996,36.0,42.0,34.0,59.0,63.06666666666667,2.0,1.0,2.4,2.2,1,2,1
2151,1,83,25.2,57,1,0,0,0,1,51,-0.8849876374630419,0.4656145203251113,120.0,86.0,92.6,107.46666666666667,30.1,33.8,33.12,36.186666666666675,62.0,58.0,58.8,61.13333333333333,4.0,1.0,2.4,2.1333333333333333,1,3,1
2152,1,114,41.4,86,0,0,1,0,1,52,-0.8829475928589268,0.4694715627858912,83.0,106.0,94.2,105.13333333333334,25.2,30.7,35.260000000000005,36.15333333333333,57.0,45.0,67.0,60.86666666666667,1.0,2.0,2.2,2.1333333333333333,1,2,1
2153,1,168,44.8,62,1,0,1,1,3,53,-0.8808907382053859,0.4733196671848428,114.0,69.0,114.0,112.86666666666666,41.4,34.8,37.26,37.43333333333333,86.0,88.0,61.8,61.93333333333333,1.0,3.0,2.2,2.1333333333333333,1,3,0
2154,1,180,23.0,62,0,0,1,1,2,54,-0.8788171126619654,0.47715876025960835,168.0,85.0,133.0,121.4,44.8,44.8,32.9,35.92,62.0,42.0,65.8,62.266666666666666,3.0,2.0,2.2,2.1333333333333333,0,1,1
2155,1,55,27.2,71,0,0,1,1,2,55,-0.8767267557075075,0.48098876891938813,180.0,120.0,120.0,116.46666666666667,23.0,30.1,32.32,34.76,62.0,62.0,67.6,64.73333333333333,2.0,4.0,1.8,2.2,1,2,1
2156,1,153,24.3,73,1,1,0,1,3,56,-0.8746197071393961,0.4848096202463365,55.0,83.0,134.0,119.4,27.2,25.2,32.14,33.96666666666666,71.0,57.0,70.8,63.6,2.0,1.0,2.2,2.2,0,1,1
2157,1,119,30.4,73,1,1,1,1,4,57,-0.8724960070727971,0.48862124149695496,153.0,114.0,135.0,120.26666666666667,24.3,41.4,29.939999999999998,33.24,73.0,86.0,68.2,64.53333333333333,3.0,1.0,2.8,2.2,1,2,1
2158,1,183,33.5,83,0,1,1,0,2,58,-0.8703556959399003,0.4924235601034661,119.0,168.0,138.0,124.73333333333333,30.4,44.8,27.68,33.513333333333335,73.0,62.0,72.4,64.13333333333334,4.0,3.0,2.6,2.2,1,2,1
2159,1,82,42.5,47,1,0,0,1,2,59,-0.8681988144891425,0.49621650367520775,183.0,180.0,118.4,117.2,33.5,23.0,31.580000000000002,34.07333333333334,83.0,62.0,69.4,62.86666666666667,2.0,2.0,2.6,2.2,1,2,0
2160,1,196,39.5,77,1,0,1,0,2,0,-0.8660254037844386,0.5000000000000001,82.0,55.0,146.6,119.93333333333334,42.5,27.2,34.040000000000006,33.733333333333334,47.0,71.0,70.6,65.73333333333333,2.0,2.0,2.6,2.2666666666666666,1,2,1
2161,1,117,38.6,52,0,1,0,1,2,1,-0.8638355052043958,0.5037739770455262,196.0,153.0,139.4,122.0,39.5,24.3,36.9,34.05333333333333,77.0,73.0,66.4,65.33333333333333,2.0,3.0,2.4,2.3333333333333335,0,0,0
2162,1,179,30.6,65,0,0,1,1,2,2,-0.8616291604415255,0.5075383629607045,117.0,119.0,151.4,126.86666666666666,38.6,30.4,36.94,34.04666666666667,52.0,73.0,64.8,66.66666666666667,2.0,4.0,2.0,2.3333333333333335,1,3,1
2163,1,120,45.2,80,0,1,0,1,2,3,-0.8594064115014526,0.5112930860770523,179.0,183.0,138.8,130.26666666666668,30.6,33.5,39.28,34.74,65.0,83.0,64.2,66.13333333333334,2.0,2.0,2.0,2.2666666666666666,1,2,1
2164,1,59,34.1,64,1,1,0,0,2,4,-0.8571673007021123,0.5150380749100542,120.0,82.0,134.2,128.53333333333333,45.2,42.5,37.6,34.02666666666667,80.0,47.0,67.6,67.6,2.0,2.0,2.0,2.2666666666666666,0,1,1
2165,1,145,49.4,78,1,1,1,0,3,5,-0.8549118706729468,0.5187732581605211,59.0,196.0,124.0,130.2,34.1,39.5,39.58,35.31333333333334,64.0,77.0,67.8,68.66666666666667,2.0,2.0,2.2,2.2,0,1,1
2166,1,57,39.0,33,1,1,0,0,2,6,-0.8526401643540921,0.522498564715949,145.0,117.0,112.0,128.46666666666667,49.4,38.6,39.660000000000004,36.233333333333334,78.0,52.0,64.0,67.06666666666666,3.0,2.0,2.2,2.2666666666666666,1,2,0
2167,1,122,23.8,86,0,1,0,1,2,7,-0.8503522249955628,0.5262139236518696,57.0,179.0,100.6,129.0,39.0,30.6,38.3,35.059999999999995,33.0,65.0,68.2,67.06666666666666,2.0,2.0,2.2,2.3333333333333335,1,3,1
2168,1,159,40.3,72,1,1,1,0,3,8,-0.8480480961564262,0.5299192642332047,122.0,120.0,108.4,128.4,23.8,45.2,37.32,34.76,86.0,80.0,66.6,67.73333333333333,2.0,2.0,2.4,2.3333333333333335,0,1,1
2169,1,187,29.8,32,1,1,0,0,2,9,-0.8457278217039735,0.533614515915611,159.0,59.0,134.0,128.86666666666667,40.3,34.1,36.46,35.21333333333334,72.0,64.0,60.2,65.73333333333333,3.0,2.0,2.4,2.3333333333333335,0,1,0
2170,1,194,40.6,45,0,0,0,0,0,10,-0.8433914458128857,0.5372996083468239,187.0,145.0,143.8,138.13333333333333,29.8,49.4,34.7,36.10666666666667,32.0,78.0,53.6,64.0,2.0,3.0,1.8,2.2,0,1,0
2171,1,162,22.1,58,1,1,1,1,4,11,-0.8410390129643925,0.5409744713679937,194.0,57.0,164.8,138.73333333333332,40.6,39.0,31.32,35.96,45.0,33.0,58.6,63.0,0.0,2.0,2.2,2.2666666666666666,1,2,1
2172,1,71,25.2,82,1,0,1,1,3,12,-0.8386705679454243,0.5446390350150266,162.0,122.0,154.6,135.53333333333333,22.1,23.8,31.600000000000005,35.61333333333334,58.0,86.0,57.8,63.6,4.0,2.0,2.4,2.2,1,2,1
2173,1,76,45.7,68,0,0,1,0,1,13,-0.8362861558477599,0.5482932295199132,71.0,159.0,138.0,128.4,25.2,40.3,32.68,36.42666666666666,82.0,72.0,57.0,62.6,3.0,3.0,2.0,2.1333333333333333,0,0,0
2174,1,187,26.8,40,1,0,1,0,2,14,-0.8338858220671683,0.551936985312058,76.0,187.0,138.0,135.4,45.7,29.8,32.08,35.38,68.0,32.0,58.6,62.13333333333333,1.0,2.0,2.0,2.1333333333333333,1,2,0
2175,1,174,45.1,44,1,0,0,1,2,15,-0.8314696123025455,0.5555702330196018,187.0,194.0,134.0,133.93333333333334,26.8,40.6,32.980000000000004,35.75333333333333,40.0,45.0,58.4,59.93333333333333,2.0,0.0,2.4,2.1333333333333333,1,3,0
2176,1,135,28.4,75,1,0,1,1,3,16,-0.8290375725550421,0.5591929034707462,174.0,162.0,128.6,135.13333333333333,45.1,22.1,34.24,35.07333333333334,44.0,58.0,61.8,61.46666666666667,2.0,4.0,2.2,2.2,1,2,1
2177,1,96,39.3,76,0,1,0,0,1,17,-0.8265897491271886,0.5628049276950685,135.0,71.0,133.6,129.6,28.4,25.2,37.059999999999995,35.65333333333333,75.0,82.0,60.6,62.2,3.0,3.0,1.8,2.1333333333333333,0,1,1
2178,1,70,40.8,32,1,1,0,0,2,18,-0.8241261886220154,0.5664062369248333,96.0,76.0,132.4,126.26666666666667,39.3,45.7,36.08,35.36,76.0,68.0,53.4,59.0,1.0,1.0,2.0,2.1333333333333333,1,2,0
2179,1,102,35.4,76,1,1,0,1,3,19,-0.821646937942164,0.5699967625963025,70.0,187.0,115.4,129.13333333333333,40.8,26.8,37.8,35.44666666666667,32.0,40.0,60.6,59.8,2.0,2.0,2.2,2.2,1,2,1
2180,1,190,29.2,88,0,0,1,1,2,20,-0.8191520442889918,0.573576436351046,102.0,174.0,118.6,132.13333333333333,35.4,45.1,34.62,34.1,76.0,44.0,69.4,60.46666666666667,3.0,2.0,2.2,2.1333333333333333,0,0,1
2181,1,105,26.4,61,0,1,1,1,3,21,-0.8166415551616786,0.5771451900372342,190.0,135.0,112.6,135.33333333333334,29.2,28.4,34.22,33.260000000000005,88.0,75.0,66.6,62.333333333333336,2.0,3.0,2.2,2.2,0,0,1
2182,1,111,21.0,41,0,1,1,1,3,22,-0.8141155183563196,0.5807029557109393,105.0,96.0,115.6,134.6,26.4,39.3,30.560000000000002,33.07333333333334,61.0,76.0,59.6,59.333333333333336,3.0,1.0,2.6,2.2666666666666666,0,1,0
2183,1,113,29.1,65,0,0,1,1,2,23,-0.8115739819650122,0.5842496656374345,111.0,70.0,124.2,131.53333333333333,21.0,40.8,28.22,32.32666666666667,41.0,32.0,66.2,58.86666666666667,3.0,2.0,2.6,2.2,0,0,1
2184,1,133,39.6,85,1,1,1,1,4,24,-0.8090169943749481,0.5877852522924722,113.0,102.0,130.4,127.93333333333334,29.1,35.4,29.060000000000002,32.98,65.0,76.0,68.0,62.4,2.0,3.0,2.8,2.3333333333333335,1,2,1
2185,1,97,48.1,35,1,1,0,1,3,25,-0.8064446042674829,0.591309648363582,133.0,190.0,111.8,121.46666666666667,39.6,29.2,32.839999999999996,33.48,85.0,88.0,57.4,61.733333333333334,4.0,2.0,3.0,2.533333333333333,1,3,0
2186,1,88,46.1,37,0,1,1,1,3,26,-0.8038568606172173,0.5948227867513414,97.0,105.0,108.4,116.53333333333333,48.1,26.4,36.779999999999994,35.080000000000005,35.0,61.0,52.6,60.333333333333336,3.0,3.0,3.0,2.466666666666667,0,1,0
2187,1,148,43.0,51,1,1,0,0,2,27,-0.8012538126910608,0.598324600570659,88.0,111.0,115.8,121.66666666666667,46.1,21.0,41.17999999999999,36.266666666666666,37.0,41.0,54.6,58.266666666666666,3.0,3.0,2.8,2.4,1,2,0
2188,1,165,43.7,41,1,0,0,1,2,28,-0.7986355100472932,0.6018150231520479,148.0,113.0,126.2,127.6,43.0,29.1,44.1,36.13333333333333,51.0,65.0,49.8,56.46666666666667,2.0,2.0,2.8,2.466666666666667,1,2,0
2189,1,120,39.9,65,0,0,1,1,2,29,-0.7960020025346219,0.6052939880428946,165.0,133.0,123.6,123.13333333333334,43.7,39.6,44.160000000000004,37.00666666666666,41.0,85.0,45.8,58.13333333333333,2.0,4.0,2.4,2.466666666666667,1,2,1
2190,1,100,27.8,87,0,1,1,1,3,30,-0.7933533402912357,0.6087614290087199,120.0,97.0,124.2,118.2,39.9,48.1,40.1,35.85333333333333,65.0,35.0,56.2,61.0,2.0,3.0,2.4,2.533333333333333,1,2,1
2191,1,191,47.2,49,0,1,0,0,1,31,-0.7906895737438435,0.612217280034449,100.0,88.0,144.8,121.93333333333334,27.8,46.1,40.32,37.10666666666667,87.0,37.0,58.6,59.266666666666666,3.0,3.0,2.0,2.4,1,2,0
2192,1,142,40.1,66,0,0,1,0,1,32,-0.7880107536067218,0.6156614753256585,191.0,148.0,143.6,125.0,47.2,43.0,39.74,37.160000000000004,49.0,51.0,61.6,58.6,1.0,2.0,1.8,2.4,0,1,1
2193,1,170,36.8,67,1,1,0,0,2,33,-0.785316930880745,0.619093949309834,142.0,165.0,144.6,131.66666666666666,40.1,43.7,38.36,36.89333333333333,66.0,41.0,66.8,60.93333333333333,1.0,2.0,1.8,2.4,0,1,1
2194,1,178,23.3,50,1,1,1,0,3,34,-0.782608156852414,0.6225146366376194,170.0,120.0,156.2,136.73333333333332,36.8,39.9,35.04,36.086666666666666,67.0,65.0,63.8,59.2,2.0,2.0,2.0,2.4,1,2,1
2195,1,60,33.4,82,0,0,1,1,2,35,-0.7798844830928816,0.6259234721840593,178.0,100.0,148.2,128.06666666666666,23.3,27.8,36.160000000000004,36.36666666666667,50.0,87.0,62.8,58.8,3.0,3.0,1.8,2.4,0,0,1
2196,1,158,33.8,78,1,1,1,0,3,36,-0.7771459614569702,0.6293203910498383,60.0,191.0,141.6,131.6,33.4,47.2,33.48,36.86,82.0,49.0,68.6,59.93333333333333,2.0,1.0,2.2,2.4,1,3,1
2197,1,158,45.9,60,0,1,0,1,2,37,-0.7743926440821857,0.6327053285625159,158.0,142.0,144.8,134.73333333333332,33.8,40.1,34.64,38.519999999999996,78.0,66.0,67.4,61.2,3.0,1.0,2.4,2.3333333333333335,0,1,0
2198,1,164,36.4,46,1,0,0,0,1,38,-0.7716245833877202,0.6360782202777636,158.0,170.0,143.6,138.13333333333333,45.9,36.8,34.559999999999995,39.00666666666666,60.0,67.0,63.2,59.93333333333333,2.0,2.0,2.2,2.2666666666666666,1,2,0
2199,1,91,31.4,56,1,1,1,1,4,39,-0.76884183207346,0.6394390019805842,164.0,178.0,126.2,135.33333333333334,36.4,23.3,36.18,38.46000000000001,46.0,50.0,64.4,58.0,1.0,3.0,2.4,2.2666666666666666,0,0,1
2200,1,175,49.3,44,1,0,1,1,3,40,-0.7660444431189781,0.6427876096865393,91.0,60.0,149.2,140.53333333333333,31.4,33.4,39.36,38.54,56.0,82.0,56.8,58.6,4.0,2.0,2.6,2.2666666666666666,0,0,0
2201,1,175,23.3,85,1,0,0,0,1,41,-0.7632324697825286,0.6461239796429643,175.0,158.0,152.6,146.33333333333334,49.3,33.8,37.260000000000005,37.019999999999996,44.0,78.0,58.2,61.8,3.0,3.0,2.2,2.1333333333333333,1,2,1
2202,1,176,32.7,49,0,1,1,0,2,42,-0.7604059656000314,0.6494480483301832,175.0,158.0,156.2,148.2,23.3,45.9,34.620000000000005,36.333333333333336,85.0,60.0,56.0,61.666666666666664,1.0,2.0,2.2,2.1333333333333333,0,1,0
2203,1,200,21.3,55,1,1,0,0,2,43,-0.7575649843840502,0.6527597524627218,176.0,164.0,163.4,150.53333333333333,32.7,36.4,31.6,34.84,49.0,46.0,57.8,62.6,2.0,1.0,2.4,2.1333333333333333,1,3,1
2204,1,114,42.2,38,0,0,0,1,1,44,-0.7547095802227722,0.656059028990507,200.0,91.0,168.0,150.13333333333333,21.3,31.4,33.760000000000005,34.99333333333333,55.0,56.0,54.2,60.8,2.0,4.0,1.8,2.066666666666667,0,0,0
2205,1,73,47.5,38,0,1,0,0,1,45,-0.7518398074789772,0.6593458151000691,114.0,175.0,147.6,148.33333333333334,42.2,49.3,33.4,36.306666666666665,38.0,44.0,53.0,57.53333333333333,1.0,3.0,1.4,1.9333333333333333,1,2,0
2206,1,165,28.4,66,0,0,1,1,2,46,-0.7489557207890021,0.6626200482157375,73.0,175.0,145.6,146.6,47.5,23.3,34.42,35.05333333333333,38.0,85.0,49.2,58.666666666666664,1.0,1.0,1.6,2.0,0,1,1
2207,1,87,45.8,59,0,0,1,1,2,47,-0.746057375061699,0.6658816660008348,165.0,176.0,127.8,142.93333333333334,28.4,32.7,37.04,35.43333333333333,66.0,49.0,51.2,58.2,2.0,2.0,1.6,2.066666666666667,1,3,0
2208,1,110,28.8,79,0,0,1,1,2,48,-0.7431448254773946,0.6691306063588578,87.0,200.0,109.8,138.93333333333334,45.8,21.3,38.54,34.9,59.0,55.0,56.0,59.0,2.0,2.0,1.6,2.066666666666667,0,1,1
2209,1,56,47.3,30,1,1,0,1,3,49,-0.7402181274868327,0.6723668074346675,110.0,114.0,98.2,130.8,28.8,42.2,39.56,36.5,79.0,38.0,54.4,57.666666666666664,2.0,1.0,2.0,2.066666666666667,1,2,0
2210,1,165,42.6,78,0,0,0,1,1,50,-0.7372773368101242,0.6755902076156601,56.0,73.0,116.6,137.8,47.3,47.5,38.58,37.11333333333334,30.0,38.0,62.4,57.4,3.0,1.0,2.0,2.0,0,1,1
2211,1,168,44.1,47,0,1,1,1,3,51,-0.7343225094356852,0.6788007455329421,165.0,165.0,117.2,138.46666666666667,42.6,28.4,41.720000000000006,37.8,78.0,66.0,58.6,55.333333333333336,1.0,2.0,2.2,2.0,1,2,0
2212,1,68,20.5,80,1,0,1,1,3,52,-0.7313537016191703,0.6819983600624987,168.0,87.0,113.4,132.46666666666667,44.1,45.8,36.660000000000004,36.10666666666666,47.0,59.0,62.8,56.666666666666664,3.0,2.0,2.4,2.066666666666667,0,1,1
2213,1,120,48.9,60,1,0,0,0,1,53,-0.7283709698824009,0.6851829903263584,68.0,110.0,115.4,129.53333333333333,20.5,28.8,40.68,36.940000000000005,80.0,79.0,59.0,57.6,3.0,2.0,2.2,2.066666666666667,0,1,0
2214,1,153,41.8,71,0,1,0,1,2,54,-0.7253743710122879,0.6883545756937537,120.0,56.0,134.8,133.66666666666666,48.9,47.3,39.58,37.63333333333333,60.0,30.0,67.2,58.6,1.0,3.0,2.0,1.9333333333333333,0,1,1
2215,1,159,29.1,47,0,0,0,0,0,55,-0.7223639620597554,0.6915130557822696,153.0,165.0,133.6,132.6,41.8,42.6,36.88,36.28666666666667,71.0,78.0,61.0,58.8,2.0,1.0,1.8,1.7333333333333334,0,0,0
2216,1,154,44.9,81,0,1,0,0,1,56,-0.7193398003386512,0.6946583704589973,159.0,168.0,130.8,131.2,29.1,44.1,37.040000000000006,37.72666666666667,47.0,47.0,67.8,58.53333333333333,0.0,3.0,1.4,1.7333333333333334,1,2,1
2217,1,196,28.4,39,0,1,1,1,3,57,-0.7163019434246545,0.69779045984168,154.0,68.0,156.4,132.53333333333333,44.9,20.5,38.61999999999999,37.440000000000005,81.0,80.0,59.6,57.86666666666667,1.0,3.0,1.4,1.8,0,1,0
2218,1,111,46.2,60,1,0,1,0,2,58,-0.7132504491541826,0.7009092642998499,196.0,120.0,154.6,126.6,28.4,48.9,38.08,39.1,39.0,60.0,59.6,58.2,3.0,1.0,1.6,1.8,1,3,0
2219,1,88,23.4,38,1,1,0,1,3,59,-0.710185375623286,0.7040147244559678,111.0,153.0,141.6,124.86666666666666,46.2,41.8,34.4,37.846666666666664,60.0,71.0,53.0,58.2,2.0,2.0,1.8,1.9333333333333333,1,2,0
2220,1,80,41.1,37,0,0,0,1,1,0,-0.7071067811865477,0.7071067811865474,88.0,159.0,125.8,125.33333333333333,23.4,29.1,36.8,37.42,38.0,47.0,51.0,58.13333333333333,3.0,0.0,2.0,1.9333333333333333,1,2,0
2221,1,83,36.2,76,0,1,0,0,1,1,-0.7040147244559687,0.7101853756232851,80.0,154.0,111.6,119.86666666666666,41.1,44.9,35.06,37.93999999999999,37.0,81.0,50.0,58.8,1.0,1.0,2.0,1.8666666666666667,0,1,1
2222,1,194,22.9,32,1,0,1,0,2,2,-0.7009092642998508,0.7132504491541817,83.0,196.0,111.2,127.0,36.2,28.4,33.96,36.413333333333334,76.0,39.0,48.6,57.0,1.0,3.0,1.8,1.8666666666666667,1,3,0
2223,1,89,27.3,89,1,0,1,1,3,3,-0.6977904598416802,0.7163019434246541,194.0,111.0,106.8,125.6,22.9,46.2,30.18,36.31333333333334,32.0,60.0,54.4,57.666666666666664,2.0,2.0,2.0,1.9333333333333333,1,2,1
2224,1,117,20.4,57,0,1,0,0,1,4,-0.6946583704589969,0.7193398003386514,89.0,88.0,112.6,129.66666666666666,27.3,23.4,29.580000000000002,34.519999999999996,89.0,38.0,58.2,59.46666666666667,3.0,3.0,1.6,1.8,0,1,1
2225,1,147,34.1,82,1,1,0,1,3,5,-0.6915130557822698,0.7223639620597551,117.0,80.0,126.0,128.46666666666667,20.4,41.1,28.18,33.95333333333333,57.0,37.0,67.2,59.733333333333334,1.0,1.0,2.0,1.9333333333333333,1,2,1
2226,1,144,29.0,33,0,0,1,1,2,6,-0.688354575693754,0.7253743710122876,147.0,83.0,138.2,126.86666666666666,34.1,36.2,26.74,32.946666666666665,82.0,76.0,58.6,58.8,3.0,1.0,2.2,1.8666666666666667,1,3,0
2227,1,161,38.0,87,0,0,1,1,2,7,-0.6851829903263594,0.7283709698824,144.0,194.0,131.6,133.06666666666666,29.0,22.9,29.76,34.11333333333333,33.0,32.0,69.6,59.266666666666666,2.0,2.0,2.2,1.8,0,0,1
2228,1,99,28.9,74,1,1,0,1,3,8,-0.6819983600624989,0.73135370161917,161.0,89.0,133.6,131.66666666666666,38.0,27.3,30.080000000000002,32.78,87.0,89.0,66.6,60.2,2.0,3.0,2.2,1.9333333333333333,0,1,1
2229,1,157,29.0,37,1,1,0,0,2,9,-0.6788007455329418,0.7343225094356856,99.0,117.0,141.6,131.93333333333334,28.9,20.4,31.8,31.92666666666667,74.0,57.0,62.6,57.93333333333333,3.0,1.0,2.4,1.9333333333333333,0,1,0
2230,1,182,42.3,89,1,1,0,0,2,10,-0.6755902076156598,0.7372773368101244,157.0,147.0,148.6,133.46666666666667,29.0,34.1,33.44,32.806666666666665,37.0,82.0,64.0,60.733333333333334,2.0,3.0,2.2,2.066666666666667,0,0,1
2231,1,62,21.4,90,1,0,1,0,2,11,-0.6723668074346685,0.7402181274868317,182.0,144.0,132.2,127.33333333333333,42.3,29.0,31.919999999999998,31.240000000000002,89.0,33.0,75.4,61.333333333333336,2.0,2.0,2.2,2.1333333333333333,0,1,1
2232,1,115,47.1,30,0,0,0,0,0,12,-0.6691306063588588,0.7431448254773937,62.0,161.0,123.0,121.93333333333334,21.4,38.0,33.739999999999995,32.486666666666665,90.0,87.0,64.0,60.733333333333334,2.0,2.0,1.8,1.9333333333333333,1,3,0
2233,1,50,45.6,53,1,0,0,0,1,13,-0.6658816660008344,0.7460573750616993,115.0,99.0,113.2,117.86666666666666,47.1,28.9,37.08,32.446666666666665,30.0,74.0,59.8,60.266666666666666,0.0,3.0,1.4,1.8666666666666667,1,2,0
2234,1,190,40.0,55,1,1,1,1,4,14,-0.6626200482157372,0.7489557207890024,50.0,157.0,119.8,124.66666666666667,45.6,29.0,39.279999999999994,33.553333333333335,53.0,37.0,63.4,61.4,1.0,2.0,1.8,1.9333333333333333,1,2,0
2235,1,88,37.8,30,1,1,1,1,4,15,-0.6593458151000687,0.7518398074789775,190.0,182.0,101.0,125.2,40.0,42.3,38.38,33.333333333333336,55.0,89.0,51.6,60.93333333333333,4.0,2.0,2.2,2.1333333333333333,0,0,0
2236,1,193,46.8,56,0,0,0,0,0,16,-0.656059028990508,0.7547095802227713,88.0,62.0,127.2,132.53333333333333,37.8,21.4,43.46,34.04,30.0,90.0,44.8,59.6,4.0,2.0,1.8,2.066666666666667,1,2,0
2237,1,71,25.6,85,0,1,0,0,1,17,-0.6527597524627228,0.7575649843840494,193.0,115.0,118.4,124.33333333333333,46.8,47.1,39.160000000000004,34.220000000000006,56.0,30.0,55.8,63.13333333333333,0.0,0.0,2.0,2.0,0,1,1
2238,1,54,22.4,52,1,0,1,0,2,18,-0.6494480483301834,0.760405965600031,71.0,50.0,119.2,122.0,25.6,45.6,34.519999999999996,33.89333333333333,85.0,53.0,55.6,60.666666666666664,1.0,1.0,2.2,1.9333333333333333,0,1,1
2239,1,77,27.2,65,1,0,0,0,1,19,-0.6461239796429639,0.7632324697825288,54.0,190.0,96.6,119.33333333333333,22.4,40.0,31.959999999999997,34.346666666666664,52.0,55.0,57.6,61.2,2.0,4.0,1.6,1.9333333333333333,0,1,1
2240,1,66,43.8,37,0,0,1,1,2,20,-0.6427876096865396,0.7660444431189778,77.0,88.0,92.2,113.93333333333334,27.2,37.8,33.160000000000004,34.99333333333333,65.0,30.0,59.0,58.2,1.0,4.0,1.2,1.8666666666666667,1,2,0
2241,1,151,21.0,57,0,0,1,1,2,21,-0.6394390019805846,0.7688418320734597,66.0,193.0,83.8,114.4,43.8,46.8,28.0,34.46,37.0,56.0,59.2,59.8,2.0,0.0,1.6,1.8666666666666667,1,2,1
2242,1,143,37.5,60,0,1,1,1,3,22,-0.6360782202777646,0.7716245833877194,151.0,71.0,98.2,113.2,21.0,25.6,30.380000000000003,34.42666666666666,57.0,85.0,54.2,58.0,2.0,1.0,2.0,1.9333333333333333,1,2,0
2243,1,71,49.9,56,0,0,0,0,0,23,-0.6327053285625163,0.7743926440821854,143.0,54.0,101.6,111.33333333333333,37.5,22.4,35.88,35.82666666666667,60.0,52.0,55.0,56.8,3.0,2.0,1.6,1.7333333333333334,1,2,0
2244,1,123,45.7,50,1,1,1,0,3,24,-0.6293203910498378,0.7771459614569706,71.0,77.0,110.8,109.06666666666666,49.9,27.2,39.58,36.940000000000005,56.0,65.0,52.0,57.666666666666664,0.0,1.0,2.0,1.8,1,3,0
2245,1,187,35.6,70,1,1,0,0,2,25,-0.625923472184059,0.7798844830928818,123.0,66.0,135.0,109.4,45.7,43.8,37.94,36.49333333333333,50.0,37.0,58.6,56.4,3.0,2.0,2.0,1.8,0,1,1
2246,1,97,21.9,50,0,1,0,1,2,26,-0.6225146366376197,0.7826081568524138,187.0,151.0,124.2,111.73333333333333,35.6,21.0,38.12,36.52666666666667,70.0,57.0,57.2,53.733333333333334,2.0,2.0,2.0,1.8,1,2,1
2247,1,116,44.9,84,0,0,0,1,1,27,-0.6190939493098336,0.7853169308807452,97.0,143.0,118.8,111.8,21.9,37.5,39.6,36.38,50.0,60.0,62.0,57.333333333333336,2.0,3.0,1.6,1.8666666666666667,0,1,1
2248,1,188,38.0,69,0,0,0,1,1,28,-0.6156614753256588,0.7880107536067215,116.0,71.0,142.2,121.0,44.9,49.9,37.22,35.873333333333335,84.0,56.0,64.6,58.4,1.0,0.0,1.8,1.8666666666666667,0,1,1
2249,1,111,23.4,79,1,1,0,0,2,29,-0.6122172800344494,0.7906895737438433,188.0,123.0,139.8,115.73333333333333,38.0,45.7,32.760000000000005,34.766666666666666,69.0,50.0,70.4,60.0,1.0,3.0,1.6,1.7333333333333334,0,1,1
2250,1,92,22.8,36,0,0,1,0,1,30,-0.6087614290087209,0.7933533402912349,111.0,187.0,120.8,116.0,23.4,35.6,30.199999999999996,33.766666666666666,79.0,70.0,63.6,60.4,2.0,2.0,1.4,1.5333333333333334,0,1,0
2251,1,108,47.3,87,1,1,0,0,2,31,-0.6052939880428949,0.7960020025346217,92.0,97.0,123.0,110.33333333333333,22.8,21.9,35.28,33.8,36.0,50.0,71.0,62.46666666666667,1.0,2.0,1.4,1.6666666666666667,1,2,1
2252,1,121,40.1,55,1,0,1,1,3,32,-0.6018150231520483,0.7986355100472928,108.0,116.0,124.0,113.66666666666667,47.3,44.9,34.32,34.766666666666666,87.0,84.0,65.2,60.46666666666667,2.0,1.0,1.8,1.8,1,2,0
2253,1,77,44.9,68,1,0,1,0,2,33,-0.5983246005706586,0.801253812691061,121.0,188.0,101.8,115.2,40.1,38.0,35.7,36.266666666666666,55.0,69.0,65.0,61.53333333333333,3.0,1.0,2.0,1.8,0,1,0
2254,1,191,46.4,44,1,0,1,1,3,34,-0.5948227867513417,0.8038568606172171,77.0,111.0,117.8,122.8,44.9,23.4,40.3,37.54666666666666,68.0,79.0,58.0,60.13333333333333,2.0,2.0,2.2,1.9333333333333333,1,2,0
2255,1,160,37.2,52,0,1,1,0,2,35,-0.591309648363583,0.8064446042674821,191.0,92.0,131.4,129.06666666666666,46.4,22.8,43.18,37.10666666666667,44.0,36.0,61.2,61.13333333333333,3.0,1.0,2.4,1.9333333333333333,0,1,0
2256,1,172,35.5,75,0,0,0,0,0,36,-0.5877852522924734,0.8090169943749473,160.0,108.0,144.2,130.46666666666667,37.2,47.3,40.82,38.07333333333334,52.0,87.0,58.8,62.333333333333336,2.0,2.0,2.0,1.8,0,1,1
2257,1,73,32.9,66,0,1,0,1,2,37,-0.5842496656374341,0.8115739819650125,172.0,121.0,134.6,125.8,35.5,40.1,39.38,37.766666666666666,75.0,55.0,61.0,62.733333333333334,0.0,3.0,1.8,1.7333333333333334,0,0,1
2258,1,173,29.5,49,1,1,1,0,3,38,-0.5807029557109397,0.8141155183563192,73.0,77.0,153.8,132.6,32.9,44.9,36.3,36.406666666666666,66.0,68.0,57.2,62.266666666666666,2.0,2.0,2.0,1.9333333333333333,1,2,0
2259,1,56,33.0,73,1,1,0,0,2,39,-0.5771451900372345,0.8166415551616784,173.0,191.0,126.8,128.13333333333333,29.5,46.4,33.62,35.559999999999995,49.0,44.0,63.0,63.8,3.0,3.0,1.8,1.8666666666666667,1,2,1
2260,1,68,43.2,49,0,0,1,1,2,40,-0.5735764363510465,0.8191520442889916,56.0,160.0,108.4,120.2,33.0,37.2,34.82000000000001,36.06666666666667,73.0,52.0,62.4,62.4,2.0,2.0,1.8,1.8666666666666667,1,2,0
2261,1,93,38.1,61,1,1,0,0,2,41,-0.5699967625963036,0.8216469379421633,68.0,172.0,92.6,119.93333333333334,43.2,35.5,35.34,37.14666666666667,49.0,75.0,59.6,63.13333333333333,2.0,0.0,2.2,1.8666666666666667,0,1,0
2262,1,192,46.8,42,0,1,0,1,2,42,-0.5664062369248329,0.8241261886220156,93.0,73.0,116.4,125.0,38.1,32.9,38.12,37.27333333333333,61.0,66.0,54.8,60.333333333333336,2.0,2.0,2.2,1.9333333333333333,0,0,0
2263,1,158,33.3,75,0,1,1,0,2,43,-0.5628049276950688,0.8265897491271884,192.0,173.0,113.4,123.0,46.8,29.5,38.88,36.96,42.0,49.0,60.0,60.733333333333334,2.0,3.0,2.0,2.0,1,3,1
2264,1,86,38.2,67,0,1,1,0,2,44,-0.5591929034707466,0.8290375725550418,158.0,56.0,119.4,121.33333333333333,33.3,33.0,39.92,37.94666666666667,75.0,73.0,58.8,59.93333333333333,2.0,2.0,2.0,2.0,1,2,1
2265,1,139,38.9,77,1,0,1,0,2,45,-0.555570233019603,0.8314696123025448,86.0,68.0,133.6,124.46666666666667,38.2,43.2,39.059999999999995,39.019999999999996,67.0,49.0,64.4,62.666666666666664,2.0,2.0,2.0,2.066666666666667,1,3,1
2266,1,108,37.8,59,0,0,0,1,1,46,-0.5519369853120584,0.833885822067168,139.0,93.0,136.6,124.46666666666667,38.9,38.1,39.0,38.38666666666667,77.0,61.0,64.0,60.8,2.0,2.0,1.8,2.0,1,2,0
2267,1,98,41.1,38,1,1,1,1,4,47,-0.5482932295199135,0.8362861558477597,108.0,192.0,117.8,122.93333333333334,37.8,46.8,37.86,38.45333333333333,59.0,42.0,63.2,59.666666666666664,1.0,2.0,2.2,2.066666666666667,0,1,0
2268,1,143,27.1,82,1,1,0,1,3,48,-0.544639035015027,0.838670567945424,98.0,158.0,114.8,127.33333333333333,41.1,33.3,36.62,37.266666666666666,38.0,75.0,64.6,60.6,4.0,2.0,2.4,2.1333333333333333,0,0,1
2269,1,135,35.4,75,1,1,0,0,2,49,-0.540974471367994,0.8410390129643923,143.0,86.0,124.6,123.6,27.1,38.2,36.06,36.53333333333333,82.0,67.0,66.2,62.666666666666664,3.0,2.0,2.4,2.066666666666667,1,2,1
2270,1,137,23.1,74,0,0,1,1,2,50,-0.537299608346825,0.8433914458128849,135.0,139.0,124.2,122.06666666666666,35.4,38.9,32.9,35.593333333333334,75.0,77.0,65.6,64.13333333333334,2.0,2.0,2.4,2.066666666666667,1,2,1
2271,1,66,31.5,74,0,0,1,0,1,51,-0.5336145159156107,0.8457278217039738,137.0,108.0,115.8,115.0,23.1,37.8,31.639999999999997,35.32666666666667,74.0,59.0,68.6,64.06666666666666,2.0,1.0,2.4,2.1333333333333333,0,1,1
2272,1,195,34.6,36,0,1,0,1,2,52,-0.529919264233205,0.8480480961564258,66.0,98.0,135.2,123.13333333333334,31.5,41.1,30.340000000000003,35.440000000000005,74.0,38.0,68.2,62.06666666666667,1.0,4.0,2.0,2.1333333333333333,1,3,0
2273,1,104,39.6,38,0,0,0,1,1,53,-0.5262139236518699,0.8503522249955626,195.0,143.0,127.4,118.53333333333333,34.6,27.1,32.839999999999996,36.11333333333334,36.0,82.0,59.4,61.333333333333336,2.0,3.0,1.6,2.0,1,2,0
2274,1,164,48.5,82,0,0,1,1,2,54,-0.5224985647159495,0.8526401643540918,104.0,135.0,133.2,125.73333333333333,39.6,35.4,35.46,37.14666666666667,38.0,75.0,60.8,61.93333333333333,1.0,2.0,1.6,2.0,1,3,1
2275,1,114,38.0,84,1,0,1,1,3,55,-0.5187732581605216,0.8549118706729466,164.0,137.0,128.6,128.8,48.5,23.1,38.44,36.8,82.0,74.0,62.8,64.26666666666667,2.0,2.0,1.8,2.066666666666667,1,3,1
2276,1,52,42.3,51,1,1,0,1,3,56,-0.5150380749100537,0.8571673007021126,114.0,66.0,125.8,126.06666666666666,38.0,31.5,40.6,37.08,84.0,74.0,58.2,63.6,3.0,1.0,2.2,2.1333333333333333,0,1,0
2277,1,95,35.2,84,1,0,1,1,3,57,-0.5112930860770526,0.8594064115014524,52.0,195.0,105.8,119.6,42.3,34.6,40.720000000000006,36.306666666666665,51.0,36.0,67.8,66.4,3.0,2.0,2.4,2.2,1,2,1
2278,1,142,39.0,83,0,1,0,0,1,58,-0.5075383629607049,0.8616291604415253,95.0,104.0,113.4,118.53333333333333,35.2,39.6,40.6,36.68666666666666,84.0,38.0,76.8,66.93333333333334,3.0,1.0,2.4,2.1333333333333333,1,3,1
2279,1,114,22.1,82,0,0,1,0,1,59,-0.5037739770455265,0.8638355052043956,142.0,164.0,103.4,120.4,39.0,48.5,35.32,35.61333333333333,83.0,82.0,76.8,67.93333333333334,1.0,2.0,2.2,2.066666666666667,0,1,1
2280,1,157,27.6,85,0,1,0,0,1,0,-0.5000000000000004,0.8660254037844384,114.0,114.0,112.0,121.6,22.1,38.0,33.24,34.86,82.0,84.0,77.0,68.46666666666667,1.0,3.0,1.8,2.0,1,2,1
2281,1,161,30.9,36,0,0,1,0,1,1,-0.49621650367520814,0.8681988144891423,157.0,52.0,133.8,125.13333333333334,27.6,42.3,30.96,34.4,85.0,51.0,74.0,66.93333333333334,1.0,3.0,1.4,2.0,0,0,0
2282,1,110,34.2,69,1,0,0,0,1,2,-0.4924235601034665,0.8703556959399,161.0,95.0,136.8,125.93333333333334,30.9,35.2,30.76,33.940000000000005,36.0,84.0,71.0,69.0,1.0,3.0,1.0,1.8,1,3,1
2283,1,59,21.4,87,1,1,1,1,4,3,-0.48862124149695535,0.8724960070727968,110.0,142.0,120.2,120.33333333333333,34.2,39.0,27.24,33.559999999999995,69.0,83.0,71.8,69.33333333333333,1.0,1.0,1.6,1.8666666666666667,1,2,1
2284,1,188,24.2,43,1,0,0,0,1,4,-0.48480962024633767,0.8746197071393954,59.0,114.0,135.0,123.86666666666666,21.4,22.1,27.660000000000004,32.81333333333333,87.0,82.0,64.0,67.2,4.0,1.0,1.6,1.8,0,1,0
2285,1,191,28.3,60,1,1,1,1,4,5,-0.48098876891938774,0.8767267557075077,188.0,157.0,141.8,127.46666666666667,24.2,27.6,27.8,33.160000000000004,43.0,85.0,59.0,66.26666666666667,1.0,1.0,2.2,1.9333333333333333,0,1,1
2286,1,194,49.1,37,1,1,0,0,2,6,-0.47715876025960796,0.8788171126619656,191.0,161.0,148.4,136.0,28.3,30.9,31.439999999999998,34.333333333333336,60.0,36.0,59.2,63.8,4.0,1.0,2.4,2.0,0,1,0
2287,1,71,29.9,85,1,1,0,1,3,7,-0.4733196671848432,0.8808907382053857,194.0,110.0,140.6,127.73333333333333,49.1,34.2,30.580000000000002,34.02,37.0,69.0,62.4,67.06666666666666,2.0,1.0,2.8,2.066666666666667,0,1,1
2288,1,61,34.5,62,1,0,0,0,1,8,-0.4694715627858916,0.8829475928589265,71.0,59.0,141.0,124.86666666666666,29.9,21.4,33.2,33.68,85.0,87.0,57.4,68.66666666666667,3.0,4.0,2.2,2.066666666666667,1,2,1
2289,1,183,25.9,47,1,0,1,0,2,9,-0.46561452032511247,0.8849876374630413,61.0,188.0,140.0,126.13333333333334,34.5,24.2,33.540000000000006,32.17333333333333,62.0,43.0,58.2,66.33333333333333,1.0,1.0,2.4,2.066666666666667,0,1,0
2290,1,91,38.3,38,1,0,1,0,2,10,-0.46174861323503363,0.8870108331782218,183.0,191.0,120.0,124.6,25.9,28.3,35.54,32.193333333333335,47.0,60.0,53.8,63.266666666666666,2.0,4.0,2.0,2.0,1,3,0
2291,1,193,28.4,38,1,0,1,1,3,11,-0.45787391511695674,0.8890171414857364,91.0,194.0,119.8,134.0,38.3,49.1,31.4,31.266666666666666,38.0,37.0,54.0,62.4,2.0,2.0,2.2,2.0,1,3,0
2292,1,72,26.2,39,0,1,1,1,3,12,-0.45399049973954697,0.8910065241883678,193.0,71.0,120.0,132.46666666666667,28.4,29.9,30.659999999999997,30.666666666666668,38.0,85.0,44.8,59.4,3.0,3.0,2.2,2.0,1,2,0
2293,1,132,35.5,76,1,1,1,1,4,13,-0.45009844103743624,0.8929789434111364,72.0,61.0,134.2,131.8,26.2,34.5,30.860000000000003,30.433333333333334,39.0,62.0,47.6,58.93333333333333,3.0,1.0,2.8,2.2,1,2,1
2294,1,108,20.2,41,0,0,0,0,0,14,-0.4461978131098095,0.8949343616020247,132.0,183.0,119.2,131.4,35.5,25.9,29.72,30.30666666666667,76.0,47.0,46.4,56.2,4.0,2.0,2.4,2.1333333333333333,0,1,0
2295,1,50,20.2,79,1,1,0,1,3,15,-0.4422886902190014,0.8968727415326883,108.0,91.0,111.0,124.26666666666667,20.2,38.3,26.1,29.813333333333333,41.0,38.0,54.6,55.8,0.0,2.0,2.6,2.2666666666666666,1,2,1
2296,1,71,26.6,88,0,1,1,0,2,16,-0.4383711467890778,0.8987940462991668,50.0,193.0,86.6,118.26666666666667,20.2,28.4,25.74,29.526666666666667,79.0,38.0,64.6,59.266666666666666,3.0,3.0,2.4,2.3333333333333335,1,2,1
2297,1,116,21.1,45,1,1,1,1,4,17,-0.4344452574044169,0.900698239322588,71.0,72.0,95.4,118.66666666666667,26.6,26.2,24.72,28.65333333333333,88.0,39.0,65.8,57.666666666666664,2.0,3.0,2.6,2.533333333333333,0,0,1
2298,1,51,23.2,49,0,0,0,0,0,18,-0.43051109680829525,0.9025852843498606,116.0,132.0,79.2,118.13333333333334,21.1,35.5,22.259999999999998,28.773333333333333,45.0,76.0,60.4,55.13333333333333,4.0,4.0,1.8,2.2666666666666666,0,1,1
2299,1,100,30.2,31,1,1,1,1,4,19,-0.4265687399014579,0.9044551454543682,51.0,108.0,77.6,112.26666666666667,23.2,20.2,24.259999999999998,29.173333333333336,49.0,41.0,58.4,54.333333333333336,0.0,0.0,2.6,2.466666666666667,1,2,0
2300,1,156,44.1,71,0,0,0,0,0,20,-0.4226182617407,0.9063077870366497,100.0,50.0,98.8,109.93333333333334,30.2,20.2,29.04,30.226666666666667,31.0,79.0,56.8,55.06666666666667,4.0,3.0,2.0,2.2,0,1,1
2301,1,189,37.2,61,0,1,0,0,1,21,-0.4186597375374281,0.9081431738250813,156.0,71.0,122.4,109.6,44.1,26.6,31.160000000000004,29.433333333333334,71.0,88.0,51.4,56.666666666666664,0.0,2.0,1.8,2.1333333333333333,0,1,1
2302,1,89,35.4,30,1,1,1,0,3,22,-0.4146932426562393,0.9099612708765431,189.0,116.0,117.0,110.8,37.2,21.1,34.02,29.8,61.0,45.0,48.4,53.0,1.0,4.0,1.6,2.1333333333333333,0,1,0
2303,1,50,28.8,30,0,1,1,1,3,23,-0.4107188526134778,0.9117620435770883,89.0,51.0,116.8,110.06666666666666,35.4,23.2,35.14,29.42,30.0,49.0,44.6,50.86666666666667,3.0,0.0,2.2,2.2666666666666666,1,2,0
2304,1,183,48.0,89,0,1,0,0,1,24,-0.40673664307580015,0.9135454576426009,50.0,100.0,133.4,110.06666666666666,28.8,30.2,38.7,30.893333333333334,30.0,31.0,56.2,53.666666666666664,3.0,4.0,1.6,2.2,1,2,1
2305,1,101,31.9,31,0,1,0,0,1,25,-0.40274668985873663,0.9153114791194474,183.0,156.0,122.4,110.73333333333333,48.0,44.1,36.260000000000005,30.466666666666665,89.0,71.0,48.2,53.2,1.0,0.0,1.8,2.1333333333333333,1,2,0
2306,1,55,22.6,34,1,0,1,0,2,26,-0.39874906892524664,0.9170600743851238,101.0,189.0,95.6,101.53333333333333,31.9,37.2,33.339999999999996,30.080000000000002,31.0,61.0,42.8,52.93333333333333,1.0,1.0,2.0,2.066666666666667,0,1,0
2307,1,127,38.5,59,1,1,0,1,3,27,-0.39474385638426795,0.918791210148898,55.0,89.0,103.2,105.2,22.6,35.4,33.96,30.9,34.0,30.0,48.6,54.266666666666666,2.0,3.0,2.0,2.066666666666667,0,1,0
2308,1,137,23.4,49,1,1,1,0,3,28,-0.3907311284892739,0.9205048534524403,127.0,50.0,120.6,105.53333333333333,38.5,28.8,32.88,30.09333333333333,59.0,30.0,52.4,52.46666666666667,3.0,3.0,2.0,2.0,1,2,1
2309,1,141,30.4,55,1,1,1,0,3,29,-0.38671096163682017,0.922200971670452,137.0,183.0,112.2,107.73333333333333,23.4,48.0,29.360000000000003,30.773333333333333,49.0,89.0,45.6,53.4,3.0,1.0,2.4,2.2,0,1,1
2310,1,163,35.2,62,0,1,0,1,2,30,-0.38268343236508956,0.9238795325112868,141.0,101.0,124.6,115.26666666666667,30.4,31.9,30.02,31.773333333333333,55.0,31.0,51.8,52.266666666666666,3.0,1.0,2.6,2.1333333333333333,1,2,1
2311,1,156,46.2,58,1,1,1,1,4,31,-0.3786486173524339,0.925540504017566,163.0,55.0,144.8,120.93333333333334,35.2,22.6,34.739999999999995,33.08,62.0,34.0,56.6,50.266666666666666,2.0,2.0,3.0,2.2666666666666666,0,1,0
2312,1,140,34.8,48,1,0,0,1,2,32,-0.37460659341591235,0.9271838545667873,156.0,127.0,147.4,122.53333333333333,46.2,38.5,34.0,33.99333333333333,58.0,59.0,54.4,50.46666666666667,4.0,3.0,2.8,2.1333333333333333,0,1,0
2313,1,197,41.1,75,0,1,0,0,1,33,-0.3705574375098368,0.928809552871924,140.0,137.0,159.4,132.26666666666668,34.8,23.4,37.54,35.18666666666666,48.0,49.0,59.6,52.2,2.0,3.0,2.4,2.2,0,1,1
2314,1,116,49.8,58,0,1,1,0,2,34,-0.36650122672429725,0.9304175679820246,197.0,141.0,154.4,133.33333333333334,41.1,30.4,41.42,36.49333333333333,75.0,55.0,60.2,54.0,1.0,3.0,2.2,2.066666666666667,0,1,0
2315,1,120,23.9,67,0,1,1,1,3,35,-0.36243803828370186,0.9320078692827984,116.0,163.0,145.8,130.93333333333334,49.8,35.2,39.160000000000004,35.14666666666667,58.0,62.0,61.2,53.733333333333334,2.0,2.0,2.4,2.2666666666666666,1,2,1
2316,1,165,28.2,33,1,0,1,1,3,36,-0.35836794954529994,0.9335804264972019,120.0,156.0,147.6,129.33333333333334,23.9,46.2,35.56,34.54666666666666,67.0,58.0,56.2,51.86666666666667,3.0,4.0,2.2,2.4,1,2,0
2317,1,140,31.8,34,1,1,1,1,4,37,-0.3542910379977166,0.9351352096860114,165.0,140.0,147.6,132.73333333333332,28.2,34.8,34.96,34.306666666666665,33.0,48.0,53.4,52.13333333333333,3.0,2.0,2.6,2.466666666666667,0,1,0
2318,1,62,32.7,41,0,0,0,1,1,38,-0.35020738125946765,0.9366721892483976,140.0,197.0,120.6,133.53333333333333,31.8,41.1,33.28,34.56666666666667,34.0,75.0,46.6,52.86666666666667,4.0,1.0,2.6,2.3333333333333335,0,1,0
2319,1,69,32.3,40,0,1,0,1,2,39,-0.3461170570774934,0.9381913359224839,62.0,116.0,111.2,125.93333333333334,32.7,49.8,29.779999999999994,33.519999999999996,41.0,58.0,43.0,49.6,1.0,2.0,2.6,2.4,0,0,0
2320,1,58,47.2,90,1,0,1,0,2,40,-0.3420201433256686,0.9396926207859084,69.0,120.0,98.8,123.06666666666666,32.3,23.9,34.44,34.54,40.0,67.0,47.6,53.53333333333333,2.0,3.0,2.4,2.466666666666667,0,0,1
2321,1,87,41.4,75,0,1,0,0,1,41,-0.3379167180033271,0.9411760152563706,58.0,165.0,83.2,125.2,47.2,28.2,37.08,35.79333333333333,90.0,33.0,56.0,56.266666666666666,2.0,3.0,2.0,2.4,1,2,1
2322,1,164,38.2,57,1,0,0,1,2,42,-0.3338068592337721,0.942641491092178,87.0,140.0,88.0,127.66666666666667,41.4,31.8,38.36,35.77333333333333,75.0,34.0,60.6,56.13333333333333,1.0,4.0,1.6,2.3333333333333335,1,3,0
2323,1,132,29.3,42,1,1,0,0,2,43,-0.3296906452627879,0.944089020392784,164.0,62.0,102.0,127.33333333333333,38.2,32.7,37.68,36.166666666666664,57.0,41.0,60.8,55.666666666666664,2.0,1.0,1.8,2.2666666666666666,0,1,0
2324,1,134,44.7,30,1,1,0,0,2,44,-0.3255681544571567,0.9455185755993168,132.0,69.0,115.0,126.86666666666666,29.3,32.3,40.160000000000004,37.120000000000005,42.0,40.0,58.8,54.0,2.0,2.0,1.8,2.2,1,2,0
2325,1,63,48.7,32,0,0,0,0,0,45,-0.32143946530316186,0.9469301294951056,134.0,58.0,116.0,120.2,44.7,47.2,40.46,38.019999999999996,30.0,90.0,47.2,52.0,2.0,2.0,1.4,2.066666666666667,0,1,0
2326,1,90,44.6,89,0,1,1,0,2,46,-0.3173046564050927,0.9483236552061991,63.0,87.0,116.6,115.8,48.7,41.4,41.10000000000001,37.91333333333333,32.0,75.0,50.0,54.06666666666667,0.0,1.0,1.6,1.9333333333333333,1,3,1
2327,1,179,20.0,68,0,0,0,0,0,47,-0.31316380648374953,0.949699126201877,90.0,164.0,119.6,118.4,44.6,38.2,37.46,36.92666666666666,89.0,57.0,52.2,55.4,2.0,2.0,1.2,1.8,0,0,1
2328,1,161,39.1,44,1,1,1,0,3,48,-0.3090169943749468,0.9510565162951538,179.0,132.0,125.4,116.0,20.0,29.3,39.42,36.79333333333333,68.0,42.0,52.6,53.333333333333336,0.0,2.0,1.4,1.9333333333333333,1,2,0
2329,1,135,21.5,50,1,1,1,0,3,49,-0.30486429902801127,0.9523957996432783,161.0,134.0,125.6,117.26666666666667,39.1,44.7,34.78,34.906666666666666,44.0,30.0,56.6,52.8,3.0,2.0,1.6,2.0,0,1,1
2330,1,199,27.7,35,0,0,0,0,0,50,-0.30070579950427384,0.9537169507482267,135.0,63.0,152.8,122.53333333333333,21.5,48.7,30.580000000000002,35.160000000000004,50.0,32.0,57.2,50.666666666666664,3.0,0.0,1.6,1.8,0,1,0
2331,1,113,21.8,89,0,1,1,0,2,51,-0.2965415749755711,0.9550199444571866,199.0,90.0,157.4,119.06666666666666,27.7,44.6,26.020000000000003,34.733333333333334,35.0,89.0,57.2,54.4,0.0,2.0,1.6,1.7333333333333334,1,2,1
2332,1,111,38.1,34,1,1,0,0,2,52,-0.29237170472273627,0.9563047559630357,113.0,179.0,143.8,117.13333333333334,21.8,20.0,29.640000000000004,35.153333333333336,89.0,68.0,50.4,54.4,2.0,0.0,2.0,1.6,1,3,0
2333,1,161,40.6,73,0,1,0,0,1,53,-0.28819626813408916,0.9575713608048145,111.0,161.0,143.8,123.73333333333333,38.1,39.1,29.939999999999998,35.68,34.0,44.0,56.2,56.53333333333333,2.0,3.0,1.6,1.6,1,2,1
2334,1,136,23.4,39,1,0,1,1,3,54,-0.28401534470392353,0.9588197348681927,161.0,135.0,144.0,128.2,40.6,21.5,30.32,35.08666666666667,73.0,50.0,54.0,56.46666666666667,1.0,3.0,1.6,1.6666666666666667,1,2,0
2335,1,165,31.5,43,1,1,0,1,3,55,-0.2798290140309924,0.9600498543859286,136.0,199.0,137.2,135.33333333333334,23.4,27.7,31.080000000000002,34.04,39.0,35.0,55.6,53.333333333333336,3.0,0.0,2.2,1.7333333333333334,0,1,0
2336,1,118,33.7,76,1,0,1,1,3,56,-0.2756373558169998,0.9612616959383187,165.0,113.0,138.2,137.4,31.5,21.8,33.46,33.52666666666667,43.0,89.0,53.0,53.4,3.0,2.0,2.4,1.8666666666666667,0,1,1
2337,1,153,31.1,84,0,1,1,1,3,57,-0.27144044986507426,0.9624552364536473,118.0,111.0,146.6,136.66666666666666,33.7,38.1,32.06,33.053333333333335,76.0,34.0,63.0,55.2,3.0,2.0,2.6,1.9333333333333333,1,2,1
2338,1,94,23.6,64,0,1,0,0,1,58,-0.2672383760782571,0.963630453208623,153.0,161.0,133.2,134.13333333333333,31.1,40.6,28.660000000000004,32.67333333333333,84.0,73.0,61.2,56.666666666666664,3.0,1.0,2.6,1.8666666666666667,1,2,1
2339,1,177,32.6,70,0,1,1,1,3,59,-0.26303121445797445,0.964787323828813,94.0,136.0,141.4,137.0,23.6,23.4,30.5,31.866666666666667,64.0,39.0,67.4,59.333333333333336,1.0,3.0,2.6,1.9333333333333333,1,2,1
2340,1,188,42.5,58,1,0,1,0,2,0,-0.25881904510252157,0.9659258262890681,177.0,165.0,146.0,145.33333333333334,32.6,31.5,32.7,31.453333333333333,70.0,43.0,70.4,61.06666666666667,3.0,3.0,2.4,2.066666666666667,0,1,0
2341,1,136,22.1,42,0,0,1,0,1,1,-0.2546019482055278,0.9670459389139431,188.0,118.0,149.6,148.4,42.5,33.7,30.380000000000003,29.953333333333333,58.0,76.0,63.6,57.93333333333333,2.0,3.0,2.0,2.0,0,1,0
2342,1,95,22.4,49,1,1,1,1,4,2,-0.250380004054441,0.9681476403781079,136.0,153.0,138.0,142.8,22.1,31.1,28.639999999999997,30.113333333333337,42.0,84.0,56.6,56.666666666666664,1.0,3.0,2.2,2.2666666666666666,0,1,1
2343,1,129,30.6,55,0,1,1,1,3,3,-0.24615329302899291,0.9692309097067544,95.0,94.0,145.0,140.66666666666666,22.4,23.6,30.040000000000003,29.546666666666667,49.0,64.0,54.8,57.4,4.0,1.0,2.6,2.2666666666666666,0,1,1
2344,1,186,48.3,80,0,1,1,1,3,4,-0.24192189559966787,0.9702957262759965,129.0,177.0,146.8,144.06666666666666,30.6,32.6,33.18,31.333333333333332,55.0,70.0,56.8,59.4,3.0,3.0,2.6,2.2666666666666666,0,1,1
2345,1,51,40.1,51,0,0,1,0,1,5,-0.23768589232617435,0.9713420698132611,186.0,188.0,119.4,134.2,48.3,42.5,32.7,32.160000000000004,80.0,58.0,55.4,60.46666666666667,3.0,2.0,2.4,2.3333333333333335,1,2,0
2346,1,109,40.4,46,0,0,0,1,1,6,-0.23344536385590609,0.9723699203976764,51.0,136.0,114.0,133.93333333333334,40.1,22.1,36.36,33.4,51.0,42.0,56.2,57.6,1.0,1.0,2.4,2.2666666666666666,1,2,0
2347,1,169,30.9,39,0,1,0,1,2,7,-0.22920039092241423,0.9733792584604485,109.0,95.0,128.8,137.8,40.4,22.4,38.06,32.919999999999995,46.0,49.0,54.2,57.93333333333333,1.0,4.0,2.0,2.2666666666666666,0,1,0
2348,1,134,37.8,56,1,1,1,1,4,8,-0.22495105434386534,0.9743700647852351,169.0,129.0,129.8,136.0,30.9,30.6,39.5,32.733333333333334,39.0,55.0,54.4,56.8,2.0,3.0,2.2,2.466666666666667,0,1,0
2349,1,69,20.3,31,1,1,0,1,3,9,-0.2206974350215017,0.9753423205085126,134.0,186.0,106.4,131.53333333333333,37.8,48.3,33.9,32.526666666666664,56.0,80.0,44.6,56.266666666666666,4.0,3.0,2.2,2.466666666666667,0,1,0
2350,1,83,39.1,87,1,1,1,0,3,10,-0.21643961393810288,0.9762960071199334,69.0,51.0,112.8,126.06666666666666,20.3,40.1,33.7,33.03333333333333,31.0,51.0,51.8,59.2,3.0,1.0,2.6,2.466666666666667,1,2,1
2351,1,175,47.4,81,1,0,0,0,1,11,-0.21217767215644567,0.977231106462679,83.0,109.0,126.0,129.86666666666667,39.1,40.4,35.1,33.946666666666665,87.0,46.0,58.8,59.53333333333333,3.0,1.0,2.6,2.3333333333333335,1,2,1
2352,1,88,38.4,47,0,1,1,0,2,12,-0.20791169081775987,0.9781476007338056,175.0,169.0,109.8,125.53333333333333,47.4,30.9,36.6,34.43333333333333,81.0,39.0,60.4,57.06666666666667,1.0,2.0,2.6,2.2666666666666666,0,1,0
2353,1,122,46.2,58,1,1,1,0,3,13,-0.20364175114017827,0.9790454724845837,88.0,134.0,107.4,127.4,38.4,37.8,38.28,35.940000000000005,47.0,56.0,60.8,56.666666666666664,2.0,4.0,2.4,2.4,1,2,0
2354,1,181,41.7,58,0,1,0,1,2,14,-0.19936793441719736,0.9799247046208296,122.0,69.0,129.8,127.66666666666667,46.2,20.3,42.56,36.54666666666667,58.0,31.0,66.2,55.86666666666667,3.0,3.0,2.2,2.3333333333333335,1,3,0
2355,1,50,23.6,72,1,1,1,0,3,15,-0.19509032201612872,0.9807852804032303,181.0,83.0,123.2,118.46666666666667,41.7,39.1,39.46,35.28666666666666,58.0,87.0,63.2,56.8,2.0,3.0,2.2,2.4,1,2,1
2356,1,133,47.1,86,0,1,0,0,1,16,-0.19080899537654467,0.981627183447664,50.0,175.0,114.8,118.26666666666667,23.6,47.4,39.4,36.95333333333334,72.0,81.0,64.2,59.733333333333334,3.0,1.0,2.2,2.4,0,1,1
2357,1,99,22.0,43,0,1,0,0,1,17,-0.18652403600873388,0.9824503977255099,133.0,88.0,117.0,118.53333333333333,47.1,38.4,36.120000000000005,36.92666666666667,86.0,47.0,63.4,59.333333333333336,1.0,2.0,2.0,2.2,1,3,0
2358,1,78,36.0,79,0,1,0,1,2,18,-0.18223552549214783,0.9832549075639545,99.0,122.0,108.2,115.13333333333334,22.0,46.2,34.08,37.28666666666667,43.0,58.0,67.6,60.93333333333333,1.0,3.0,1.8,2.1333333333333333,0,1,1
2359,1,60,24.3,84,1,0,1,0,2,19,-0.17794354547384242,0.9840406976462908,78.0,181.0,84.0,106.73333333333333,36.0,41.7,30.6,35.686666666666675,79.0,58.0,72.8,61.2,2.0,2.0,1.8,2.066666666666667,0,0,1
2360,1,198,20.4,61,1,1,1,1,4,20,-0.1736481776669304,0.984807753012208,60.0,50.0,113.6,116.53333333333333,24.3,23.6,29.959999999999997,34.373333333333335,84.0,72.0,70.6,61.86666666666667,2.0,3.0,2.0,2.2666666666666666,1,3,1
2361,1,126,32.7,54,0,1,0,0,1,21,-0.16934950384902406,0.9855560590580779,198.0,133.0,112.2,117.66666666666667,20.4,47.1,27.080000000000002,33.86,61.0,86.0,64.2,62.4,4.0,1.0,2.0,2.2666666666666666,1,3,0
2362,1,94,28.9,86,1,0,0,0,1,22,-0.16504760586067735,0.9862856015372314,126.0,99.0,111.2,112.66666666666667,32.7,22.0,28.46,33.72666666666667,54.0,43.0,72.8,65.53333333333333,1.0,1.0,2.0,2.2,1,3,1
2363,1,121,34.6,42,0,1,1,0,2,23,-0.16074256560382694,0.9869963665602318,94.0,78.0,119.8,111.8,28.9,36.0,28.18,33.513333333333335,86.0,79.0,65.4,64.6,1.0,2.0,2.0,2.066666666666667,0,1,0
2364,1,180,37.3,32,0,0,1,0,1,24,-0.15643446504023198,0.9876883405951375,121.0,60.0,143.8,119.2,34.6,24.3,30.78,34.64666666666667,42.0,84.0,55.0,64.66666666666667,2.0,2.0,1.8,1.9333333333333333,1,2,0
2365,1,194,21.3,79,0,0,1,0,1,25,-0.15212338618991722,0.9883615104677607,180.0,198.0,143.0,126.6,37.3,20.4,30.96,33.46,32.0,61.0,58.6,64.13333333333334,1.0,4.0,1.2,1.8,1,2,1
2366,1,196,23.7,75,1,1,0,0,2,26,-0.14780941112961052,0.9890158633619168,194.0,126.0,157.0,128.0,21.3,32.7,29.160000000000004,31.880000000000003,79.0,54.0,62.8,63.733333333333334,1.0,1.0,1.4,1.8666666666666667,0,1,1
2367,1,158,36.8,88,0,0,1,1,2,27,-0.14349262199117946,0.9896513868196702,196.0,94.0,169.8,132.66666666666666,23.7,28.9,30.74,31.773333333333333,75.0,86.0,63.2,66.46666666666667,2.0,1.0,1.6,1.8666666666666667,0,0,1
2368,1,66,30.3,50,0,0,0,1,1,28,-0.13917310096006677,0.9902680687415701,158.0,121.0,158.8,128.93333333333334,36.8,34.6,29.880000000000003,30.71333333333333,88.0,42.0,64.8,65.93333333333334,2.0,2.0,1.4,1.7333333333333334,0,1,0
2369,1,50,41.9,67,0,1,1,0,2,29,-0.13485093027372372,0.9908658973868821,66.0,180.0,132.8,120.2,30.3,37.3,30.8,30.726666666666667,50.0,32.0,71.8,66.53333333333333,1.0,1.0,1.6,1.7333333333333334,1,2,1
2370,1,190,39.6,86,0,0,1,1,2,30,-0.13052619222005168,0.9914448613738104,50.0,194.0,132.0,129.53333333333333,41.9,21.3,34.459999999999994,31.793333333333333,67.0,79.0,73.2,67.46666666666667,2.0,1.0,1.8,1.6666666666666667,0,1,1
2371,1,124,45.4,54,0,1,0,1,2,31,-0.12619896913583012,0.992004949679715,190.0,196.0,117.6,128.93333333333334,39.6,23.7,38.8,31.680000000000003,86.0,75.0,69.0,65.33333333333333,2.0,2.0,1.8,1.7333333333333334,1,2,0
2372,1,160,40.8,38,1,1,1,1,4,32,-0.12186934340514723,0.9925461516413221,124.0,158.0,118.0,133.0,45.4,36.8,39.6,32.93333333333333,54.0,88.0,59.0,65.0,2.0,2.0,2.2,1.9333333333333333,1,2,0
2373,1,117,32.9,36,1,0,1,1,3,33,-0.11753739745783766,0.9930684569549263,160.0,66.0,128.2,135.6,40.8,30.3,40.12,32.72666666666667,38.0,50.0,56.2,62.13333333333333,4.0,1.0,2.6,2.0,1,3,0
2374,1,110,40.2,85,1,0,0,1,2,34,-0.11320321376790789,0.9935718556765873,117.0,50.0,140.2,138.93333333333334,32.9,41.9,39.78,33.78666666666667,36.0,67.0,59.8,62.2,3.0,2.0,2.6,2.0,0,0,1
2375,1,148,28.3,42,0,0,1,0,1,35,-0.10886687485196514,0.9940563382223195,110.0,190.0,131.8,135.6,40.2,39.6,37.519999999999996,34.31333333333334,85.0,86.0,51.0,60.93333333333333,2.0,2.0,2.4,1.8,1,2,0
2376,1,155,29.2,75,1,0,0,0,1,36,-0.10452846326765342,0.9945218953682733,148.0,124.0,138.0,137.53333333333333,28.3,45.4,34.28,34.08,42.0,54.0,55.2,62.333333333333336,1.0,2.0,2.2,1.8,1,2,1
2377,1,182,43.7,79,0,1,0,0,1,37,-0.1001880616120765,0.9949685182509117,155.0,160.0,142.4,143.4,29.2,40.8,34.86,35.06666666666667,75.0,38.0,63.4,61.86666666666667,1.0,4.0,1.6,1.8,0,1,1
2378,1,59,33.4,88,1,0,0,0,1,38,-0.09584575252022448,0.9953961983671787,182.0,117.0,130.8,139.26666666666668,43.7,32.9,34.96,34.986666666666665,79.0,36.0,73.8,64.93333333333334,1.0,3.0,1.2,1.7333333333333334,1,2,1
2379,1,111,44.0,37,1,1,1,1,4,39,-0.09150161866340226,0.9958049275746618,59.0,110.0,131.0,134.66666666666666,33.4,40.2,35.72,35.43333333333333,88.0,85.0,64.2,65.26666666666667,1.0,2.0,1.6,1.9333333333333333,0,1,0
2380,1,174,44.7,88,1,1,0,1,3,40,-0.08715574274765743,0.9961946980917455,111.0,148.0,136.2,133.33333333333334,44.0,28.3,39.0,36.99333333333333,37.0,42.0,73.4,65.86666666666666,4.0,1.0,2.0,2.066666666666667,0,1,1
2381,1,75,45.7,85,0,0,0,1,1,41,-0.08280820751220476,0.9965655024977613,174.0,155.0,120.2,125.26666666666667,44.7,29.2,42.3,38.46,88.0,75.0,75.4,66.53333333333333,3.0,1.0,2.0,2.0,0,1,1
2382,1,198,47.5,46,1,0,1,0,2,42,-0.07845909572784562,0.996917333733128,75.0,182.0,123.4,127.93333333333334,45.7,43.7,43.06,39.17333333333333,85.0,79.0,68.8,63.733333333333334,1.0,1.0,2.2,2.0,1,2,0
2383,1,110,32.9,80,1,0,1,1,3,43,-0.0741084901954002,0.9972501850994856,198.0,59.0,133.6,130.86666666666667,47.5,33.4,42.96,39.346666666666664,46.0,88.0,67.2,65.73333333333333,2.0,1.0,2.6,2.1333333333333333,1,2,1
2384,1,64,29.6,38,1,1,0,0,2,44,-0.06975647374412476,0.9975640502598243,110.0,111.0,124.2,131.8,32.9,44.0,40.08,38.526666666666664,80.0,37.0,67.4,63.8,3.0,4.0,2.2,2.1333333333333333,1,2,0
2385,1,153,37.5,40,1,0,1,0,2,45,-0.0654031292301428,0.9978589232386035,64.0,174.0,120.0,129.33333333333334,29.6,44.7,38.64,38.38666666666666,38.0,88.0,57.8,60.733333333333334,2.0,3.0,2.0,2.1333333333333333,0,1,0
2386,1,120,31.1,42,0,1,1,0,2,46,-0.061048539534857754,0.9981347984218669,153.0,75.0,129.0,129.06666666666666,37.5,45.7,35.72,37.43333333333333,40.0,85.0,49.2,59.93333333333333,2.0,1.0,2.2,2.1333333333333333,1,3,0
2387,1,96,38.0,78,1,1,1,1,4,47,-0.056692787563377776,0.9983916705573488,120.0,198.0,108.6,124.8,31.1,47.5,33.82,37.24666666666667,42.0,46.0,55.6,62.6,2.0,2.0,2.6,2.1333333333333333,1,2,1
2388,1,105,41.2,84,0,1,1,0,2,48,-0.05233595624294437,0.9986295347545738,96.0,110.0,107.6,124.0,38.0,32.9,35.480000000000004,37.8,78.0,80.0,56.4,65.8,4.0,3.0,2.4,2.066666666666667,1,3,1
2389,1,56,40.7,67,1,1,1,0,3,49,-0.04797812852134387,0.9988483864849507,105.0,64.0,106.0,120.4,41.2,29.6,37.7,37.833333333333336,84.0,38.0,62.2,64.6,2.0,2.0,2.6,2.1333333333333333,0,1,1
2390,1,167,31.2,50,0,0,1,1,2,50,-0.043619387365336194,0.9990482215818578,56.0,153.0,108.8,121.66666666666667,40.7,37.5,36.440000000000005,38.02666666666667,67.0,40.0,64.2,65.13333333333334,3.0,2.0,2.6,2.2,0,1,0
2391,1,105,25.0,76,1,0,0,0,1,51,-0.03925981575906819,0.9992290362407229,167.0,120.0,105.8,118.33333333333333,31.2,31.1,35.220000000000006,37.74666666666667,50.0,42.0,71.0,65.2,2.0,2.0,2.4,2.2,0,1,1
2392,1,166,32.9,56,1,1,0,0,2,52,-0.03489949670250171,0.9993908270190957,105.0,96.0,119.8,117.26666666666667,25.0,38.0,34.2,37.026666666666664,76.0,78.0,66.6,63.666666666666664,1.0,4.0,2.0,2.2666666666666666,1,2,1
2393,1,124,24.3,87,1,1,0,1,3,53,-0.03053851320982278,0.9995335908367129,166.0,105.0,123.6,121.6,32.9,41.2,30.82,36.419999999999995,56.0,84.0,67.2,63.6,2.0,2.0,2.2,2.4,0,1,1
2394,1,134,46.7,52,0,0,1,1,2,54,-0.026176948307873545,0.9996573249755573,124.0,56.0,139.2,123.13333333333334,24.3,40.7,32.02,36.6,87.0,67.0,64.2,64.6,3.0,3.0,2.0,2.2666666666666666,1,2,0
2395,1,194,30.4,39,1,1,1,1,4,55,-0.0218148850345609,0.9997620270799091,134.0,167.0,144.6,124.46666666666667,46.7,31.2,31.859999999999996,35.64666666666667,52.0,50.0,62.0,61.333333333333336,2.0,2.0,2.4,2.3333333333333335,1,3,0
2396,1,187,24.6,40,0,0,1,1,2,56,-0.01745240643728356,0.9998476951563913,194.0,105.0,161.0,131.93333333333334,30.4,25.0,31.779999999999994,34.24,39.0,76.0,54.8,58.333333333333336,4.0,1.0,2.6,2.4,1,3,0
2397,1,184,20.8,57,1,0,1,1,3,57,-0.013089595571345647,0.999914327574007,187.0,166.0,164.6,131.0,24.6,32.9,29.360000000000003,32.46,40.0,56.0,55.0,59.06666666666667,2.0,2.0,2.8,2.466666666666667,0,1,1
2398,1,143,39.4,54,1,1,1,1,4,58,-0.008726535498374524,0.9999619230641713,184.0,124.0,168.4,133.2,20.8,24.3,32.38,32.89333333333334,57.0,87.0,48.4,57.333333333333336,3.0,3.0,3.0,2.533333333333333,1,2,0
2399,1,82,39.1,69,1,1,0,1,3,59,-0.004363309284746544,0.9999904807207345,143.0,134.0,158.0,134.4,39.4,46.7,30.860000000000003,33.52666666666667,54.0,52.0,51.8,59.4,4.0,2.0,3.2,2.6,1,2,1
2400,1,188,30.2,90,0,0,1,1,2,0,0.0,1.0,82.0,194.0,156.8,136.73333333333332,39.1,30.4,30.82,33.04,69.0,39.0,62.0,62.733333333333334,3.0,4.0,2.8,2.6,0,1,1
2401,1,128,22.2,71,0,1,0,0,1,1,0.004363309284746571,0.9999904807207345,188.0,187.0,145.0,137.26666666666668,30.2,24.6,30.339999999999996,32.446666666666665,90.0,40.0,68.2,64.66666666666667,2.0,2.0,2.6,2.533333333333333,0,1,1
2402,1,155,32.3,54,1,1,1,0,3,2,0.008726535498373935,0.9999619230641713,128.0,184.0,139.2,141.2,22.2,20.8,32.64,32.06666666666667,71.0,57.0,67.6,63.06666666666667,1.0,3.0,2.6,2.466666666666667,1,2,0
2403,1,188,29.3,64,0,0,0,1,1,3,0.01308959557134444,0.999914327574007,155.0,143.0,148.2,146.73333333333332,32.3,39.4,30.619999999999997,31.273333333333333,54.0,54.0,69.6,61.733333333333334,3.0,4.0,2.0,2.4,0,1,1
2404,1,118,40.3,74,1,1,0,0,2,4,0.01745240643728351,0.9998476951563913,188.0,82.0,155.4,150.86666666666667,29.3,39.1,30.860000000000003,31.246666666666666,64.0,69.0,70.6,62.2,1.0,3.0,1.8,2.3333333333333335,1,2,1
2405,1,87,38.2,55,0,1,1,0,2,5,0.02181488503456112,0.9997620270799091,118.0,188.0,135.2,145.53333333333333,40.3,30.2,32.46,31.713333333333335,74.0,90.0,63.6,62.53333333333333,2.0,2.0,1.8,2.3333333333333335,0,1,0
2406,1,97,30.9,40,1,1,1,1,4,6,0.02617694830787315,0.9996573249755573,87.0,128.0,129.0,145.0,38.2,22.2,34.2,32.10666666666667,55.0,71.0,57.4,60.13333333333333,2.0,1.0,2.4,2.533333333333333,1,3,0
2407,1,188,26.5,49,0,1,0,1,2,7,0.03053851320982266,0.9995335908367129,97.0,155.0,135.6,146.46666666666667,30.9,32.3,33.04,31.68,40.0,54.0,56.4,59.666666666666664,4.0,3.0,2.2,2.533333333333333,1,3,1
2408,1,95,49.6,63,1,1,1,1,4,8,0.03489949670250097,0.9993908270190958,188.0,188.0,117.0,144.53333333333333,26.5,29.3,37.1,33.36666666666667,49.0,64.0,56.2,58.06666666666667,2.0,1.0,2.8,2.6,1,2,0
2409,1,51,33.6,81,1,1,0,0,2,9,0.03925981575906861,0.9992290362407229,95.0,118.0,103.6,139.0,49.6,40.3,35.760000000000005,32.49333333333333,63.0,74.0,57.6,60.0,4.0,2.0,2.8,2.6,0,1,1
2410,1,168,40.6,54,1,1,0,1,3,10,0.043619387365336,0.9990482215818578,51.0,87.0,119.8,137.26666666666668,33.6,38.2,36.24,33.17333333333333,81.0,55.0,57.4,61.0,2.0,2.0,3.0,2.533333333333333,0,0,0
2411,1,112,24.2,81,0,1,1,0,2,11,0.047978128521343935,0.9988483864849507,168.0,97.0,122.8,132.26666666666668,40.6,30.9,34.9,33.14666666666667,54.0,40.0,65.6,63.733333333333334,3.0,4.0,2.6,2.533333333333333,0,1,1
2412,1,84,34.6,86,1,1,0,1,3,12,0.05233595624294383,0.9986295347545738,112.0,188.0,102.0,125.6,24.2,26.5,36.52,34.06666666666667,81.0,49.0,73.0,65.66666666666667,2.0,2.0,2.8,2.533333333333333,1,2,1
2413,1,170,20.8,66,0,0,1,0,1,13,0.05669278756337751,0.9983916705573488,84.0,95.0,117.0,127.4,34.6,49.6,30.759999999999998,32.82666666666667,86.0,63.0,73.6,66.46666666666667,3.0,4.0,2.2,2.3333333333333335,1,3,1
2414,1,155,35.2,48,0,1,1,0,2,14,0.06104853953485687,0.9981347984218669,170.0,51.0,137.8,132.26666666666668,20.8,33.6,31.079999999999995,32.56666666666667,66.0,81.0,67.0,65.06666666666666,1.0,2.0,2.2,2.2666666666666666,0,1,0
2415,1,93,48.9,34,0,1,1,1,3,15,0.06540312923014306,0.9978589232386035,155.0,168.0,122.8,125.93333333333334,35.2,40.6,32.739999999999995,33.81333333333333,48.0,54.0,63.0,61.333333333333336,2.0,3.0,2.2,2.3333333333333335,1,3,0
2416,1,113,31.5,34,1,1,1,0,3,16,0.0697564737441253,0.9975640502598242,93.0,112.0,123.0,124.93333333333334,48.9,24.2,34.2,34.43333333333333,34.0,81.0,53.6,58.86666666666667,3.0,2.0,2.4,2.466666666666667,0,1,0
2417,1,159,21.2,57,0,0,1,0,1,17,0.07410849019539922,0.9972501850994857,113.0,84.0,138.0,125.2,31.5,34.6,31.52,33.693333333333335,34.0,86.0,47.8,59.06666666666667,3.0,3.0,2.0,2.3333333333333335,1,2,1
2418,1,101,20.9,70,1,1,1,0,3,18,0.07845909572784494,0.996917333733128,159.0,170.0,124.2,119.4,21.2,20.8,31.54,33.13333333333333,57.0,66.0,48.6,59.46666666666667,1.0,1.0,2.4,2.466666666666667,1,2,1
2419,1,171,31.6,33,0,1,0,1,2,19,0.08280820751220433,0.9965655024977614,101.0,155.0,127.4,122.93333333333334,20.9,35.2,30.82,32.553333333333335,70.0,48.0,45.6,56.733333333333334,3.0,2.0,2.4,2.466666666666667,1,2,0
2420,1,66,24.8,82,0,1,0,1,2,20,0.08715574274765817,0.9961946980917455,171.0,93.0,122.0,121.53333333333333,31.6,48.9,26.0,31.660000000000004,33.0,34.0,55.2,58.53333333333333,2.0,3.0,2.2,2.466666666666667,0,1,1
2421,1,83,20.7,42,1,0,0,0,1,21,0.09150161866340238,0.9958049275746618,66.0,113.0,116.0,120.6,24.8,31.5,23.839999999999996,30.98,82.0,34.0,56.8,58.666666666666664,2.0,3.0,1.8,2.2666666666666666,1,3,0
2422,1,170,42.7,81,1,1,1,1,4,22,0.09584575252022397,0.9953961983671789,83.0,159.0,118.2,119.4,20.7,21.2,28.139999999999997,32.059999999999995,42.0,57.0,61.6,60.8,1.0,1.0,2.4,2.4,0,1,1
2423,1,198,33.8,61,0,0,1,0,1,23,0.1001880616120763,0.9949685182509117,170.0,101.0,137.6,126.26666666666667,42.7,20.9,30.72,31.006666666666664,81.0,70.0,59.8,60.666666666666664,4.0,3.0,2.0,2.2,1,3,1
2424,1,78,28.7,65,0,1,1,0,2,24,0.10452846326765346,0.9945218953682733,198.0,171.0,119.0,128.06666666666666,33.8,31.6,30.139999999999997,30.68,61.0,33.0,66.2,59.6,1.0,2.0,2.0,2.2,0,1,1
2425,1,77,47.0,49,1,1,1,1,4,25,0.10886687485196457,0.9940563382223196,78.0,66.0,121.2,122.0,28.7,24.8,34.58,31.106666666666666,65.0,82.0,59.6,59.266666666666666,2.0,2.0,2.4,2.2666666666666666,0,0,0
2426,1,83,23.5,78,0,1,1,0,2,26,0.11320321376790672,0.9935718556765875,77.0,83.0,121.2,120.06666666666666,47.0,20.7,35.14,31.06,49.0,42.0,66.8,59.06666666666667,4.0,1.0,2.6,2.2666666666666666,0,1,1
2427,1,60,48.7,58,0,1,1,1,3,27,0.11753739745783764,0.9930684569549263,83.0,170.0,99.2,118.46666666666667,23.5,42.7,36.34,32.0,78.0,81.0,62.2,57.2,2.0,4.0,2.4,2.2666666666666666,0,1,0
2428,1,69,29.4,87,0,1,1,1,3,28,0.12186934340514748,0.992546151641322,60.0,198.0,73.4,111.73333333333333,48.7,33.8,35.46,32.57333333333334,58.0,61.0,67.4,58.6,3.0,1.0,2.8,2.4,0,1,1
2429,1,137,46.7,67,1,1,0,1,3,29,0.12619896913582973,0.992004949679715,69.0,78.0,85.2,110.53333333333333,29.4,28.7,39.06,33.339999999999996,87.0,65.0,67.8,59.86666666666667,3.0,2.0,3.0,2.466666666666667,0,1,0
2430,1,186,38.1,32,1,1,1,0,3,30,0.13052619222005157,0.9914448613738104,137.0,77.0,107.0,116.73333333333333,46.7,47.0,37.28000000000001,32.62,67.0,49.0,64.4,59.733333333333334,3.0,4.0,2.8,2.466666666666667,1,3,0
2431,1,176,44.8,48,0,0,1,0,1,31,0.134850930273723,0.9908658973868822,186.0,83.0,125.6,120.93333333333334,38.1,23.5,41.540000000000006,33.50666666666667,32.0,78.0,58.4,60.666666666666664,3.0,2.0,2.6,2.3333333333333335,1,2,0
2432,1,108,49.5,71,1,0,1,0,2,32,0.13917310096006544,0.9902680687415704,176.0,60.0,135.2,117.53333333333333,44.8,48.7,41.7,35.39333333333333,48.0,58.0,61.0,61.6,1.0,3.0,2.4,2.4,1,2,0
2433,1,136,28.7,33,1,1,1,0,3,33,0.14349262199117932,0.9896513868196702,108.0,69.0,148.6,119.86666666666666,49.5,29.4,41.559999999999995,35.913333333333334,71.0,87.0,50.2,59.13333333333333,2.0,3.0,2.4,2.4,0,1,0
2434,1,83,48.8,52,1,0,1,0,2,34,0.1478094111296106,0.9890158633619168,136.0,137.0,137.8,114.0,28.7,46.7,41.980000000000004,37.059999999999995,33.0,67.0,47.2,60.4,3.0,3.0,2.2,2.4,0,1,0
2435,1,110,31.7,84,0,1,0,0,1,35,0.15212338618991672,0.9883615104677607,83.0,186.0,122.6,116.93333333333334,48.8,38.1,40.7,37.52,52.0,32.0,57.6,60.53333333333333,2.0,3.0,1.8,2.3333333333333335,0,1,1
2436,1,183,31.6,78,0,0,1,1,2,36,0.15643446504023087,0.9876883405951378,110.0,176.0,124.0,123.6,31.7,44.8,38.06,38.24666666666667,84.0,48.0,63.6,62.93333333333333,1.0,1.0,2.0,2.4,1,2,1
2437,1,61,30.2,69,0,1,1,1,3,37,0.1607425656038261,0.9869963665602319,183.0,108.0,114.6,116.33333333333333,31.6,49.5,34.2,37.41333333333333,78.0,71.0,63.2,62.13333333333333,2.0,2.0,2.2,2.3333333333333335,1,2,1
2438,1,106,36.2,55,1,0,1,1,3,38,0.16504760586067763,0.9862856015372314,61.0,136.0,108.6,110.2,30.2,28.7,35.7,37.57333333333334,69.0,33.0,67.6,61.733333333333334,3.0,3.0,2.2,2.466666666666667,1,2,0
2439,1,81,24.6,34,0,0,0,1,1,39,0.1693495038490246,0.9855560590580777,106.0,83.0,108.2,110.4,36.2,48.8,30.860000000000003,37.3,55.0,52.0,64.0,59.666666666666664,3.0,2.0,2.0,2.4,0,1,0
2440,1,150,36.6,51,0,1,0,0,1,40,0.17364817766693033,0.984807753012208,81.0,110.0,116.2,115.26666666666667,24.6,31.7,31.839999999999996,36.60666666666666,34.0,84.0,57.4,59.8,1.0,1.0,2.0,2.2,1,2,0
2441,1,155,36.3,70,1,0,0,1,2,41,0.17794354547384175,0.9840406976462909,150.0,183.0,110.6,120.06666666666666,36.6,31.6,32.78,37.46,51.0,78.0,55.8,59.266666666666666,1.0,2.0,2.0,2.2,1,2,1
2442,1,133,42.9,79,0,1,0,1,2,42,0.18223552549214747,0.9832549075639546,155.0,61.0,125.0,124.93333333333334,36.3,30.2,35.32,37.07333333333334,70.0,69.0,57.8,60.666666666666664,2.0,3.0,1.8,2.1333333333333333,1,2,1
2443,1,144,45.0,83,1,1,0,1,3,43,0.1865240360087346,0.9824503977255098,133.0,106.0,132.6,129.93333333333334,42.9,36.2,37.08,38.11333333333334,79.0,55.0,63.4,60.4,2.0,3.0,1.8,2.1333333333333333,1,3,1
2444,1,174,33.2,37,0,0,0,0,0,44,0.19080899537654478,0.981627183447664,144.0,81.0,151.2,132.4,45.0,24.6,38.8,37.21333333333334,83.0,34.0,64.0,58.4,3.0,1.0,1.6,1.9333333333333333,1,2,0
2445,1,112,29.1,55,0,1,0,1,2,45,0.19509032201612825,0.9807852804032304,174.0,150.0,143.6,127.46666666666667,33.2,36.6,37.3,36.61333333333334,37.0,51.0,64.8,59.93333333333333,0.0,1.0,1.8,1.8666666666666667,0,1,1
2446,1,99,27.8,54,0,0,0,1,1,46,0.19936793441719722,0.9799247046208296,112.0,155.0,132.4,122.33333333333333,29.1,36.3,35.6,35.480000000000004,55.0,70.0,61.6,60.333333333333336,2.0,2.0,1.6,1.8666666666666667,0,0,1
2447,1,110,25.8,56,1,1,0,0,2,47,0.2036417511401775,0.9790454724845838,99.0,133.0,127.8,122.46666666666667,27.8,42.9,32.18,33.900000000000006,54.0,79.0,57.0,59.333333333333336,1.0,2.0,1.6,1.8666666666666667,1,2,1
2448,1,93,21.7,80,0,1,0,1,2,48,0.20791169081775931,0.9781476007338057,110.0,144.0,117.6,119.6,25.8,45.0,27.52,33.43333333333333,56.0,83.0,56.4,62.46666666666667,2.0,3.0,1.4,1.8,0,1,1
2449,1,168,30.3,55,0,0,1,1,2,49,0.21217767215644626,0.9772311064626789,93.0,174.0,116.4,125.26666666666667,21.7,33.2,26.940000000000005,32.2,80.0,37.0,60.0,62.666666666666664,2.0,0.0,1.8,1.8,0,0,1
2450,1,146,28.1,37,1,1,1,0,3,50,0.21643961393810288,0.9762960071199334,168.0,112.0,123.2,127.66666666666667,30.3,29.1,26.74,31.959999999999997,55.0,55.0,56.4,59.53333333333333,2.0,2.0,2.0,1.9333333333333333,1,2,0
2451,1,89,49.0,40,0,0,0,0,0,51,0.2206974350215011,0.9753423205085127,146.0,99.0,121.2,121.4,28.1,27.8,30.98,33.12,37.0,54.0,53.6,57.0,3.0,1.0,1.8,1.8,1,3,0
2452,1,184,36.7,69,0,0,0,1,1,52,0.224951054343865,0.9743700647852352,89.0,110.0,136.0,129.6,49.0,25.8,33.160000000000004,33.553333333333335,40.0,56.0,56.2,57.0,0.0,2.0,1.6,1.6666666666666667,1,2,1
2453,1,143,30.4,37,0,1,1,1,3,53,0.22920039092241412,0.9733792584604485,184.0,93.0,146.0,132.06666666666666,36.7,21.7,34.9,33.166666666666664,69.0,80.0,47.6,55.8,1.0,2.0,1.8,1.6666666666666667,0,1,0
2454,1,99,37.4,34,0,0,0,0,0,54,0.2334453638559054,0.9723699203976766,143.0,168.0,132.2,133.26666666666668,30.4,30.3,36.32,34.02,37.0,55.0,43.4,55.8,3.0,2.0,1.4,1.6,0,1,0
2455,1,52,24.2,62,0,1,0,1,2,55,0.23768589232617307,0.9713420698132614,99.0,146.0,113.4,126.73333333333333,37.4,28.1,35.54,33.193333333333335,34.0,37.0,48.4,56.53333333333333,0.0,3.0,1.2,1.6666666666666667,0,1,1
2456,1,62,33.3,87,1,1,1,1,4,56,0.24192189559966773,0.9702957262759965,52.0,89.0,108.0,120.53333333333333,24.2,49.0,32.4,32.99333333333333,62.0,40.0,57.8,57.666666666666664,2.0,0.0,2.0,1.8,0,0,1
2457,1,189,38.8,66,1,1,1,1,4,57,0.24615329302899303,0.9692309097067544,62.0,184.0,109.0,124.26666666666667,33.3,36.7,32.82,32.72,87.0,69.0,57.2,56.8,4.0,1.0,2.6,1.9333333333333333,0,1,1
2458,1,144,34.7,51,1,0,1,0,2,58,0.2503800040544414,0.9681476403781077,189.0,143.0,109.2,124.26666666666667,38.8,30.4,33.67999999999999,32.03333333333333,66.0,37.0,60.0,54.666666666666664,4.0,3.0,2.4,1.8666666666666667,0,1,0
2459,1,64,32.1,50,1,1,1,0,3,59,0.25460194820552756,0.9670459389139432,144.0,99.0,102.2,116.93333333333334,34.7,37.4,32.620000000000005,31.96,51.0,34.0,63.2,55.53333333333333,2.0,0.0,3.0,2.066666666666667,0,1,0
2460,1,130,49.8,48,0,1,0,1,2,0,0.25881904510252074,0.9659258262890683,64.0,52.0,117.8,118.13333333333334,32.1,24.2,37.739999999999995,33.34,50.0,62.0,60.4,55.06666666666667,3.0,2.0,3.0,2.066666666666667,0,1,0
2461,1,150,46.4,42,1,1,0,1,3,1,0.2630312144579748,0.964787323828813,130.0,62.0,135.4,121.53333333333333,49.8,33.3,40.36,34.580000000000005,48.0,87.0,51.4,54.266666666666666,2.0,4.0,2.8,2.2,0,1,0
2462,1,196,38.7,57,0,0,1,0,1,2,0.26723837607825685,0.963630453208623,150.0,189.0,136.8,127.26666666666667,46.4,38.8,40.339999999999996,35.440000000000005,42.0,66.0,49.6,54.333333333333336,3.0,4.0,2.2,2.1333333333333333,0,1,0
2463,1,82,37.1,45,1,1,0,1,3,3,0.27144044986507426,0.9624552364536473,196.0,144.0,124.4,126.53333333333333,38.7,34.7,40.82000000000001,36.46666666666667,57.0,51.0,48.4,52.0,1.0,2.0,2.4,2.2,0,1,0
2464,1,97,38.6,46,1,0,0,1,2,4,0.27563735581699916,0.9612616959383189,82.0,64.0,131.0,121.8,37.1,32.1,42.12,37.02,45.0,50.0,47.6,51.4,3.0,3.0,2.2,2.2,0,1,0
2465,1,105,26.0,40,1,0,1,0,2,5,0.27982901403099203,0.9600498543859287,97.0,130.0,126.0,119.06666666666666,38.6,49.8,37.36,36.88,46.0,48.0,46.0,51.6,2.0,2.0,2.2,2.1333333333333333,0,1,0
2466,1,58,31.9,48,0,0,0,1,1,6,0.28401534470392265,0.958819734868193,105.0,150.0,107.6,117.0,26.0,46.4,34.46,35.74,40.0,42.0,47.2,52.13333333333333,2.0,3.0,1.8,2.2,0,0,0
2467,1,196,21.2,37,0,0,0,1,1,7,0.28819626813408933,0.9575713608048144,58.0,196.0,107.6,117.8,31.9,38.7,30.96,34.70666666666667,48.0,57.0,43.2,50.0,1.0,1.0,1.8,2.2,0,1,0
2468,1,186,34.3,36,1,1,1,0,3,8,0.2923717047227367,0.9563047559630355,196.0,82.0,128.4,120.66666666666667,21.2,37.1,30.4,34.96666666666667,37.0,45.0,41.4,49.93333333333333,1.0,3.0,1.8,2.2,0,1,0
2469,1,175,36.3,34,0,1,1,0,2,9,0.29654157497557093,0.9550199444571866,186.0,97.0,144.0,125.73333333333333,34.3,38.6,29.939999999999998,34.89333333333333,36.0,46.0,39.0,49.93333333333333,3.0,2.0,1.8,2.3333333333333335,1,2,0
2470,1,85,26.8,31,0,1,1,1,3,10,0.3007057995042732,0.9537169507482269,175.0,105.0,140.0,127.93333333333334,36.3,26.0,30.1,35.06666666666667,34.0,40.0,37.2,47.86666666666667,2.0,2.0,2.0,2.4,1,2,0
2471,1,155,48.9,34,0,1,0,0,1,11,0.30486429902801077,0.9523957996432784,85.0,58.0,159.4,134.13333333333333,26.8,31.9,33.5,36.10666666666667,31.0,48.0,34.4,44.333333333333336,3.0,1.0,2.0,2.2,1,3,0
2472,1,186,47.3,66,0,1,1,1,3,12,0.3090169943749474,0.9510565162951535,155.0,196.0,157.4,133.93333333333334,48.9,21.2,38.72,36.67333333333333,34.0,37.0,40.2,44.333333333333336,1.0,1.0,2.4,2.1333333333333333,0,1,0
2473,1,171,41.7,60,0,0,0,0,0,13,0.31316380648374953,0.949699126201877,186.0,186.0,154.4,135.73333333333332,47.3,34.3,40.2,37.13999999999999,66.0,36.0,45.0,44.93333333333333,3.0,3.0,1.8,2.0,1,2,0
2474,1,71,36.0,71,1,0,1,1,3,14,0.31730465640509214,0.9483236552061993,171.0,175.0,133.6,136.2,41.7,36.3,40.14,37.4,60.0,34.0,52.4,46.333333333333336,0.0,2.0,2.0,2.0,0,0,1
2475,1,56,46.1,72,0,1,1,1,3,15,0.3214394653031616,0.9469301294951057,71.0,85.0,127.8,131.26666666666668,36.0,26.8,44.0,37.15333333333333,71.0,31.0,60.6,47.93333333333333,3.0,3.0,2.0,2.066666666666667,1,2,1
2476,1,58,23.9,82,0,1,0,1,2,16,0.32556815445715664,0.9455185755993168,56.0,155.0,108.4,125.13333333333334,46.1,48.9,39.0,35.65333333333333,72.0,34.0,70.2,50.6,3.0,1.0,2.2,2.0,0,1,1
2477,1,161,43.7,43,1,0,1,0,2,17,0.32969064526278724,0.9440890203927842,58.0,186.0,103.4,122.8,23.9,47.3,38.28,35.986666666666665,82.0,66.0,65.6,49.666666666666664,2.0,3.0,2.0,2.066666666666667,0,1,0
2478,1,168,23.7,65,0,1,0,0,1,18,0.3338068592337709,0.9426414910921784,161.0,171.0,102.8,128.53333333333333,43.7,41.7,34.67999999999999,35.093333333333334,43.0,60.0,66.6,51.0,2.0,0.0,2.2,1.9333333333333333,1,2,1
2479,1,54,43.8,31,1,1,1,0,3,19,0.337916718003327,0.9411760152563706,168.0,71.0,99.4,125.66666666666667,23.7,36.0,36.239999999999995,35.43999999999999,65.0,71.0,58.6,50.0,1.0,3.0,2.2,2.0,1,2,0
2480,1,114,28.3,75,0,1,0,0,1,20,0.3420201433256687,0.9396926207859084,54.0,56.0,111.0,126.26666666666667,43.8,46.1,32.68,35.593333333333334,31.0,72.0,59.2,52.333333333333336,3.0,3.0,1.8,1.9333333333333333,0,0,1
2481,1,102,46.3,61,0,1,1,1,3,21,0.34611705707749296,0.9381913359224842,114.0,58.0,119.8,129.2,28.3,23.9,37.16,36.55333333333333,75.0,82.0,55.0,53.2,1.0,2.0,2.0,2.066666666666667,0,1,0
2482,1,94,48.3,52,1,1,0,1,3,22,0.35020738125946743,0.9366721892483976,102.0,161.0,106.4,122.4,46.3,43.7,38.08,38.36,61.0,43.0,56.8,54.2,3.0,2.0,2.2,2.2,1,2,0
2483,1,76,24.5,66,0,1,0,1,2,23,0.3542910379977158,0.9351352096860117,94.0,168.0,88.0,115.06666666666666,48.3,23.7,38.239999999999995,37.70666666666667,52.0,65.0,57.0,56.2,3.0,1.0,2.4,2.1333333333333333,1,2,1
2484,1,125,33.9,61,1,1,1,0,3,24,0.35836794954530027,0.9335804264972017,76.0,54.0,102.2,111.73333333333333,24.5,43.8,36.26,37.54666666666667,66.0,31.0,63.0,58.0,2.0,3.0,2.4,2.2,1,3,1
2485,1,114,49.4,39,1,0,0,0,1,25,0.36243803828370164,0.9320078692827986,125.0,114.0,102.2,113.66666666666667,33.9,28.3,40.48,39.05333333333333,61.0,75.0,55.8,58.53333333333333,3.0,1.0,2.4,2.066666666666667,0,1,0
2486,1,155,34.5,57,0,0,1,1,2,26,0.36650122672429725,0.9304175679820246,114.0,102.0,112.8,113.66666666666667,49.4,46.3,38.12,38.093333333333334,39.0,61.0,55.0,60.06666666666667,1.0,3.0,2.2,2.1333333333333333,0,1,0
2487,1,91,45.9,72,1,0,1,0,2,27,0.3705574375098362,0.9288095528719242,155.0,94.0,112.2,107.33333333333333,34.5,48.3,37.64,38.0,57.0,52.0,59.0,60.46666666666667,2.0,3.0,2.0,2.066666666666667,1,2,1
2488,1,56,37.7,84,1,1,1,1,4,28,0.37460659341591207,0.9271838545667874,91.0,76.0,108.2,99.66666666666667,45.9,24.5,40.279999999999994,37.733333333333334,72.0,66.0,62.6,62.06666666666667,2.0,2.0,2.4,2.3333333333333335,0,1,1
2489,1,73,31.3,84,0,1,0,1,2,29,0.378648617352433,0.9255405040175664,56.0,125.0,97.8,99.8,37.7,33.9,39.760000000000005,37.419999999999995,84.0,61.0,67.2,62.93333333333333,4.0,3.0,2.2,2.2666666666666666,1,2,1
2490,1,177,28.6,38,0,0,1,0,1,30,0.3826834323650898,0.9238795325112867,73.0,114.0,110.4,107.86666666666666,31.3,49.4,35.6,36.25333333333333,84.0,39.0,67.0,60.666666666666664,2.0,1.0,2.2,2.1333333333333333,1,3,0
2491,1,170,26.1,31,1,0,0,1,2,31,0.38671096163682056,0.9222009716704518,177.0,155.0,113.4,115.33333333333333,28.6,34.5,33.92,36.4,38.0,57.0,61.8,57.266666666666666,1.0,2.0,2.2,2.1333333333333333,1,2,0
2492,1,136,42.9,77,0,0,1,0,1,32,0.3907311284892737,0.9205048534524404,170.0,91.0,122.4,113.66666666666667,26.1,45.9,33.32,36.34666666666667,31.0,72.0,62.8,59.53333333333333,2.0,2.0,2.0,2.066666666666667,1,2,1
2493,1,86,31.6,40,1,0,0,1,2,33,0.39474385638426723,0.9187912101488983,136.0,56.0,128.4,108.2,42.9,37.7,32.1,36.87333333333333,77.0,84.0,54.0,57.86666666666667,1.0,4.0,1.6,2.1333333333333333,0,1,0
2494,1,64,35.3,65,0,0,1,1,2,34,0.3987490689252462,0.917060074385124,86.0,73.0,126.6,108.86666666666666,31.6,31.3,32.9,36.306666666666665,40.0,84.0,50.2,60.13333333333333,2.0,2.0,1.6,2.066666666666667,1,2,1
2495,1,67,34.8,88,0,0,0,0,0,35,0.40274668985873724,0.9153114791194471,64.0,177.0,104.6,105.73333333333333,35.3,28.6,34.14,36.74,65.0,38.0,60.2,61.0,2.0,1.0,1.4,2.0,1,2,1
2496,1,199,37.3,65,0,1,1,0,2,36,0.40673664307580015,0.9135454576426009,67.0,170.0,110.4,112.2,34.8,26.1,36.38,36.13999999999999,88.0,31.0,67.0,61.266666666666666,0.0,2.0,1.4,1.9333333333333333,0,0,1
2497,1,116,46.0,83,0,1,1,0,2,37,0.4107188526134773,0.9117620435770886,199.0,136.0,106.4,113.66666666666667,37.3,42.9,37.0,35.986666666666665,65.0,77.0,68.2,63.333333333333336,2.0,1.0,1.6,1.8666666666666667,1,2,1
2498,1,114,49.4,57,1,0,1,0,2,38,0.414693242656239,0.9099612708765432,116.0,86.0,112.0,116.2,46.0,31.6,40.56,37.64666666666667,83.0,40.0,71.6,62.733333333333334,2.0,2.0,1.6,1.8666666666666667,0,1,0
2499,1,156,32.2,73,1,1,1,0,3,39,0.4186597375374281,0.9081431738250813,114.0,64.0,130.4,118.26666666666667,49.4,35.3,39.94,37.53333333333333,57.0,65.0,73.2,63.53333333333333,2.0,2.0,1.8,1.8666666666666667,0,1,1
2500,1,68,44.8,78,1,1,1,0,3,40,0.4226182617406994,0.9063077870366499,156.0,67.0,130.6,115.2,32.2,34.8,41.94,37.22666666666667,73.0,88.0,71.2,66.13333333333334,3.0,0.0,2.4,2.0,1,2,1
2501,1,58,42.9,40,1,1,1,1,4,41,0.4265687399014583,0.904455145454368,68.0,199.0,102.4,108.73333333333333,44.8,37.3,43.059999999999995,37.78666666666667,78.0,65.0,66.2,65.0,3.0,2.0,2.8,2.1333333333333333,0,1,0
2502,1,67,37.2,81,0,1,1,0,2,42,0.43051109680829514,0.9025852843498606,58.0,116.0,92.6,107.13333333333334,42.9,46.0,41.3,37.20666666666666,40.0,83.0,65.8,65.6,4.0,2.0,2.8,2.1333333333333333,1,2,1
2503,1,199,48.7,56,0,1,0,1,2,43,0.4344452574044171,0.9006982393225879,67.0,114.0,109.6,116.66666666666667,37.2,49.4,41.160000000000004,37.940000000000005,81.0,57.0,65.6,63.733333333333334,2.0,2.0,2.8,2.0,0,1,0
2504,1,61,26.0,30,1,0,0,0,1,44,0.43837114678907746,0.898794046299167,199.0,156.0,90.6,115.86666666666666,48.7,32.2,39.92,37.586666666666666,56.0,73.0,57.0,60.13333333333333,2.0,3.0,2.4,1.9333333333333333,0,1,0
2505,1,169,23.3,67,1,1,1,0,3,45,0.44228869021900125,0.8968727415326884,61.0,68.0,110.8,115.33333333333333,26.0,44.8,35.620000000000005,37.23333333333333,30.0,78.0,54.8,62.06666666666667,1.0,3.0,2.4,2.066666666666667,1,3,1
2506,1,170,45.6,65,1,1,1,1,4,46,0.4461978131098087,0.8949343616020251,169.0,58.0,133.2,115.33333333333333,23.3,42.9,36.160000000000004,38.53333333333333,67.0,40.0,59.8,64.33333333333333,3.0,4.0,2.4,2.2,0,0,0
2507,1,189,33.2,74,0,0,1,0,1,47,0.45009844103743496,0.892978943411137,170.0,67.0,157.6,118.86666666666666,45.6,37.2,35.36,37.88666666666666,65.0,81.0,58.4,64.13333333333334,4.0,2.0,2.2,2.2,1,3,1
2508,1,62,45.4,63,0,1,1,1,3,48,0.4539904997395468,0.8910065241883679,189.0,199.0,130.2,117.26666666666667,33.2,48.7,34.7,38.806666666666665,74.0,56.0,59.8,65.66666666666667,1.0,2.0,2.4,2.2666666666666666,1,2,0
2509,1,197,46.8,57,1,0,1,0,2,49,0.45787391511695674,0.8890171414857364,62.0,61.0,157.4,126.13333333333334,45.4,26.0,38.86,39.57333333333333,63.0,30.0,65.2,65.13333333333334,3.0,1.0,2.6,2.2666666666666666,1,2,0
2510,1,170,21.9,73,0,1,0,0,1,50,0.46174861323503397,0.8870108331782217,197.0,169.0,157.6,133.0,46.8,23.3,38.58,38.71333333333334,57.0,67.0,66.4,64.13333333333334,2.0,3.0,2.2,2.3333333333333335,0,1,1
2511,1,174,46.5,43,0,1,1,1,3,51,0.4656145203251114,0.8849876374630419,170.0,170.0,158.4,131.33333333333334,21.9,45.6,38.760000000000005,39.326666666666675,73.0,65.0,62.0,62.666666666666664,1.0,4.0,2.0,2.4,1,2,0
2512,1,62,33.4,86,0,0,1,1,2,52,0.4694715627858908,0.882947592858927,174.0,189.0,133.0,127.73333333333333,46.5,33.2,38.8,38.48666666666667,43.0,74.0,64.4,62.86666666666667,3.0,1.0,2.2,2.4,1,3,1
2513,1,101,35.3,77,0,1,0,1,2,53,0.47331966718484336,0.8808907382053855,62.0,62.0,140.8,126.86666666666666,33.4,45.4,36.78,37.54666666666666,86.0,63.0,67.2,64.2,2.0,3.0,2.0,2.4,1,2,1
2514,1,99,38.8,84,1,1,0,0,2,54,0.4771587602596084,0.8788171126619654,101.0,197.0,121.2,123.06666666666666,35.3,46.8,35.17999999999999,37.98666666666667,77.0,57.0,72.6,64.93333333333334,2.0,2.0,2.0,2.3333333333333335,0,1,1
2515,1,85,47.8,71,0,1,0,1,2,55,0.48098876891938763,0.8767267557075077,99.0,170.0,104.2,124.2,38.8,21.9,40.36,38.18666666666666,84.0,73.0,72.2,64.46666666666667,2.0,1.0,2.2,2.2666666666666666,0,1,0
2516,1,175,20.6,68,1,0,1,1,3,56,0.48480962024633695,0.8746197071393959,85.0,174.0,104.4,132.0,47.8,46.5,35.18,36.7,71.0,43.0,77.2,66.33333333333333,2.0,3.0,2.2,2.2,0,1,1
2517,1,148,34.3,85,0,1,1,1,3,57,0.48862124149695496,0.8724960070727972,175.0,62.0,121.6,137.4,20.6,33.4,35.36,36.50666666666667,68.0,86.0,77.0,66.6,3.0,2.0,2.4,2.2666666666666666,0,1,1
2518,1,87,40.6,69,0,1,0,1,2,58,0.49242356010346716,0.8703556959398997,148.0,101.0,118.8,129.93333333333334,34.3,35.3,36.42,35.96666666666667,85.0,77.0,75.4,67.46666666666667,3.0,2.0,2.4,2.2666666666666666,1,3,1
2519,1,105,41.7,45,1,1,0,0,2,59,0.4962165036752082,0.8681988144891423,87.0,99.0,120.0,132.86666666666667,40.6,38.8,37.0,37.013333333333335,69.0,84.0,67.6,68.46666666666667,2.0,2.0,2.4,2.3333333333333335,0,1,0
2520,1,126,40.8,53,0,0,1,0,1,0,0.49999999999999994,0.8660254037844387,105.0,85.0,128.2,130.0,41.7,47.8,35.6,38.18,45.0,71.0,64.0,67.53333333333333,2.0,2.0,2.2,2.2,0,1,0
2521,1,76,24.0,34,1,1,1,1,4,1,0.5037739770455262,0.8638355052043958,126.0,175.0,108.4,123.73333333333333,40.8,20.6,36.28,36.74,53.0,68.0,57.2,65.46666666666667,1.0,3.0,2.4,2.2,0,1,0
2522,1,93,29.0,45,0,1,0,1,2,2,0.5075383629607041,0.8616291604415258,76.0,148.0,97.4,117.33333333333333,24.0,34.3,35.220000000000006,36.46,34.0,85.0,49.2,63.53333333333333,4.0,3.0,2.2,2.2666666666666666,0,0,0
2523,1,80,30.8,86,1,1,0,0,2,3,0.511293086077052,0.8594064115014527,93.0,87.0,96.0,118.53333333333333,29.0,40.6,33.26,35.486666666666665,45.0,69.0,52.6,65.06666666666666,2.0,2.0,2.2,2.2,1,2,1
2524,1,84,44.1,63,1,0,1,1,3,4,0.5150380749100542,0.8571673007021123,80.0,105.0,91.8,111.0,30.8,41.7,33.739999999999995,35.306666666666665,86.0,45.0,56.2,65.46666666666667,2.0,2.0,2.4,2.2666666666666666,1,2,0
2525,1,167,28.4,32,1,1,0,1,3,5,0.5187732581605214,0.8549118706729466,84.0,126.0,100.0,110.8,44.1,40.8,31.259999999999998,35.74,63.0,53.0,52.0,62.733333333333334,3.0,1.0,2.8,2.4,0,1,0
2526,1,102,26.3,41,0,1,0,1,2,6,0.5224985647159488,0.8526401643540923,167.0,76.0,105.2,106.0,28.4,24.0,31.72,34.39333333333333,32.0,34.0,53.4,62.6,3.0,4.0,2.4,2.3333333333333335,0,0,0
2527,1,58,48.7,42,1,0,1,1,3,7,0.5262139236518696,0.8503522249955628,102.0,93.0,98.2,105.73333333333333,26.3,29.0,35.660000000000004,35.41333333333333,41.0,45.0,52.8,59.666666666666664,2.0,2.0,2.6,2.4,0,1,0
2528,1,50,20.3,46,1,0,0,0,1,8,0.5299192642332049,0.848048096156426,58.0,80.0,92.2,102.33333333333333,48.7,30.8,33.56,34.413333333333334,42.0,86.0,44.8,57.6,3.0,2.0,2.4,2.3333333333333335,1,2,1
2529,1,154,49.9,84,0,0,1,0,1,9,0.5336145159156115,0.8457278217039733,50.0,84.0,106.2,106.0,20.3,44.1,34.720000000000006,35.15333333333333,46.0,63.0,49.0,57.6,1.0,3.0,2.0,2.2666666666666666,0,0,1
2530,1,158,40.3,49,1,0,1,0,2,10,0.5372996083468238,0.8433914458128857,154.0,167.0,104.4,110.86666666666666,49.9,28.4,37.1,34.65333333333333,84.0,32.0,52.4,56.13333333333333,1.0,3.0,1.8,2.2666666666666666,0,0,0
2531,1,98,44.9,36,0,0,0,1,1,11,0.5409744713679939,0.8410390129643924,158.0,102.0,103.6,105.73333333333333,40.3,26.3,40.82000000000001,36.27333333333333,49.0,41.0,51.4,54.0,2.0,2.0,1.6,2.1333333333333333,0,1,0
2532,1,186,28.8,47,1,1,0,0,2,12,0.5446390350150271,0.838670567945424,98.0,58.0,129.2,108.26666666666667,44.9,48.7,36.839999999999996,35.906666666666666,36.0,42.0,52.4,51.46666666666667,1.0,3.0,1.4,2.066666666666667,1,2,0
2533,1,141,20.4,49,0,0,0,1,1,13,0.5482932295199138,0.8362861558477596,186.0,50.0,147.4,111.86666666666666,28.8,20.3,36.86,34.559999999999995,47.0,46.0,53.0,50.13333333333333,2.0,1.0,1.4,2.0,0,0,1
2534,1,192,42.1,35,0,0,0,0,0,14,0.5519369853120581,0.8338858220671682,141.0,154.0,155.0,117.66666666666667,20.4,49.9,35.3,34.586666666666666,49.0,84.0,43.2,49.46666666666667,1.0,1.0,1.2,1.8666666666666667,1,2,0
2535,1,85,45.0,33,1,0,0,1,2,15,0.5555702330196022,0.8314696123025452,192.0,158.0,140.4,114.93333333333334,42.1,40.3,36.239999999999995,34.86666666666667,35.0,49.0,40.0,48.13333333333333,0.0,2.0,1.2,1.9333333333333333,0,0,0
2536,1,140,42.2,55,0,0,1,0,1,16,0.5591929034707468,0.8290375725550417,85.0,98.0,148.8,119.2,45.0,44.9,35.7,36.080000000000005,33.0,36.0,43.8,49.53333333333333,2.0,1.0,1.2,1.7333333333333334,1,2,0
2537,1,134,24.3,69,1,1,0,0,2,17,0.5628049276950685,0.8265897491271886,140.0,186.0,138.4,121.93333333333334,42.2,28.8,34.800000000000004,35.766666666666666,55.0,47.0,48.2,51.13333333333333,1.0,2.0,1.2,1.7333333333333334,0,1,1
2538,1,149,42.6,39,0,0,1,1,2,18,0.5664062369248328,0.8241261886220157,134.0,141.0,140.0,126.53333333333333,24.3,20.4,39.24,36.55333333333333,69.0,49.0,46.2,48.0,2.0,1.0,1.4,1.7333333333333334,1,2,0
2539,1,180,43.1,80,0,1,0,1,2,19,0.5699967625963029,0.8216469379421637,149.0,192.0,137.6,132.93333333333334,42.6,42.1,39.440000000000005,36.48666666666667,39.0,35.0,55.2,49.13333333333333,2.0,0.0,1.8,1.6666666666666667,1,2,1
2540,1,89,39.8,30,0,0,0,0,0,20,0.5735764363510462,0.8191520442889918,180.0,85.0,138.4,127.73333333333333,43.1,45.0,38.4,37.24666666666667,80.0,33.0,54.6,49.0,2.0,2.0,1.4,1.4666666666666666,0,1,0
2541,1,176,43.0,66,0,1,1,0,2,21,0.5771451900372336,0.8166415551616789,89.0,140.0,145.6,132.66666666666666,39.8,42.2,38.56,38.36,30.0,55.0,56.8,50.666666666666664,0.0,1.0,1.6,1.4666666666666666,1,2,1
2542,1,125,45.4,52,1,1,1,1,4,22,0.5807029557109398,0.8141155183563192,176.0,134.0,143.8,137.13333333333333,43.0,24.3,42.779999999999994,38.14,66.0,69.0,53.4,51.333333333333336,2.0,2.0,2.0,1.5333333333333334,1,2,0
2543,1,143,38.4,62,0,0,0,1,1,23,0.5842496656374344,0.8115739819650123,125.0,149.0,142.6,143.33333333333334,45.4,42.6,41.94,39.346666666666664,52.0,39.0,58.0,52.4,4.0,2.0,1.8,1.5333333333333334,1,2,1
2544,1,90,22.7,56,0,1,0,1,2,24,0.5877852522924731,0.8090169943749475,143.0,180.0,124.6,139.06666666666666,38.4,43.1,37.86,37.53333333333333,62.0,80.0,53.2,50.53333333333333,1.0,2.0,1.8,1.6,0,1,1
2545,1,73,34.6,35,0,1,1,1,3,25,0.5913096483635824,0.8064446042674827,90.0,89.0,121.4,133.4,22.7,39.8,36.82,37.153333333333336,56.0,30.0,54.2,49.6,2.0,0.0,2.4,1.6666666666666667,1,2,0
2546,1,188,22.3,54,1,1,1,0,3,26,0.5948227867513413,0.8038568606172173,73.0,176.0,123.8,139.4,34.6,43.0,32.68,35.64666666666666,35.0,66.0,51.8,50.8,3.0,2.0,2.6,1.8,1,2,1
2547,1,132,32.2,64,1,0,0,1,2,27,0.5983246005706591,0.8012538126910607,188.0,125.0,125.2,135.8,22.3,45.4,30.04,35.873333333333335,54.0,52.0,54.2,51.93333333333333,3.0,4.0,2.2,1.8,1,2,1
2548,1,71,32.2,60,1,1,0,0,2,28,0.6018150231520483,0.7986355100472928,132.0,143.0,110.8,131.13333333333333,32.2,38.4,28.8,36.660000000000004,64.0,62.0,53.8,52.666666666666664,2.0,1.0,2.4,1.8666666666666667,0,1,1
2549,1,129,22.0,39,0,1,1,1,3,29,0.6052939880428945,0.796002002534622,71.0,90.0,118.6,126.93333333333334,32.2,22.7,28.660000000000004,35.32,60.0,56.0,50.4,52.93333333333333,2.0,2.0,2.6,2.066666666666667,1,3,0
2550,1,104,30.5,72,1,0,1,0,2,30,0.6087614290087207,0.7933533402912352,129.0,73.0,124.8,128.2,22.0,34.6,27.839999999999996,34.35333333333333,39.0,35.0,57.8,55.53333333333333,3.0,3.0,2.4,2.066666666666667,0,1,1
2551,1,174,23.3,49,0,1,0,0,1,31,0.6122172800344493,0.7906895737438434,104.0,188.0,122.0,130.46666666666667,30.5,22.3,28.040000000000003,33.093333333333334,72.0,54.0,56.8,55.13333333333333,2.0,3.0,2.0,2.066666666666667,0,1,1
2552,1,140,44.2,86,1,0,0,0,1,32,0.6156614753256582,0.788010753606722,174.0,132.0,123.6,130.86666666666667,23.3,32.2,30.439999999999998,34.419999999999995,49.0,64.0,61.2,56.266666666666666,1.0,2.0,1.8,2.0,1,2,1
2553,1,137,48.4,58,0,1,0,1,2,33,0.6190939493098339,0.7853169308807451,140.0,71.0,136.8,130.06666666666666,44.2,32.2,33.68,34.806666666666665,86.0,60.0,60.8,57.53333333333333,1.0,2.0,1.8,2.0,1,3,0
2554,1,86,22.2,75,0,0,1,0,1,34,0.6225146366376195,0.7826081568524139,137.0,129.0,128.2,123.8,48.4,22.0,33.72,33.413333333333334,58.0,39.0,68.0,57.2,2.0,3.0,1.4,1.9333333333333333,1,2,1
2555,1,69,48.7,67,0,0,0,0,0,35,0.6259234721840591,0.7798844830928818,86.0,104.0,121.2,122.46666666666667,22.2,30.5,37.36,34.00666666666667,75.0,72.0,67.0,59.666666666666664,1.0,2.0,1.0,1.9333333333333333,0,0,0
2556,1,62,35.7,40,0,0,1,0,1,36,0.6293203910498374,0.7771459614569709,69.0,174.0,98.8,114.86666666666666,48.7,23.3,39.839999999999996,33.52,67.0,49.0,65.2,57.93333333333333,0.0,1.0,1.0,1.8666666666666667,0,0,0
2557,1,58,29.0,70,1,1,1,1,4,37,0.632705328562516,0.7743926440821856,62.0,140.0,82.4,110.4,35.7,44.2,36.8,32.42666666666666,40.0,86.0,62.0,59.13333333333333,1.0,1.0,1.6,1.8666666666666667,0,1,1
2558,1,60,22.3,85,1,1,0,1,3,38,0.636078220277764,0.7716245833877199,58.0,137.0,67.0,104.86666666666666,29.0,48.4,31.580000000000002,31.353333333333335,70.0,58.0,67.4,60.666666666666664,4.0,2.0,1.8,2.0,0,1,1
2559,1,188,35.0,65,1,1,1,0,3,39,0.6394390019805847,0.7688418320734596,60.0,86.0,87.4,111.4,22.3,22.2,34.14,32.17333333333333,85.0,75.0,65.4,61.266666666666666,3.0,1.0,2.2,2.066666666666667,0,1,1
2560,1,53,43.8,34,0,1,1,0,2,40,0.6427876096865393,0.766044443118978,188.0,69.0,84.2,110.06666666666666,35.0,48.7,33.160000000000004,32.78666666666666,65.0,67.0,58.8,61.2,3.0,0.0,2.6,2.0,1,2,0
2561,1,127,41.2,31,0,1,0,1,2,41,0.646123979642964,0.7632324697825288,53.0,62.0,97.2,106.0,43.8,35.7,34.260000000000005,34.04666666666667,34.0,40.0,57.0,59.666666666666664,2.0,1.0,2.8,1.9333333333333333,0,1,0
2562,1,74,21.5,42,0,0,0,0,0,42,0.6494480483301837,0.7604059656000309,127.0,58.0,100.4,102.13333333333334,41.2,29.0,32.760000000000005,33.333333333333336,31.0,70.0,51.4,58.2,2.0,4.0,2.0,1.8,1,2,0
2563,1,195,22.2,42,1,1,0,1,3,43,0.6527597524627224,0.7575649843840495,74.0,60.0,127.4,110.4,21.5,22.3,32.739999999999995,32.666666666666664,42.0,85.0,42.8,57.0,0.0,3.0,2.0,1.8666666666666667,1,2,0
2564,1,101,32.1,33,1,1,1,1,4,44,0.6560590289905073,0.754709580222772,195.0,188.0,110.0,108.53333333333333,22.2,35.0,32.160000000000004,33.34,42.0,65.0,36.4,56.6,3.0,3.0,2.2,1.9333333333333333,0,0,0
2565,1,51,28.9,60,0,0,0,1,1,45,0.6593458151000688,0.7518398074789775,101.0,53.0,109.6,105.0,32.1,43.8,29.18,33.233333333333334,33.0,34.0,41.6,55.8,4.0,2.0,2.0,1.8666666666666667,1,2,1
2566,1,134,27.0,43,1,0,0,1,2,46,0.6626200482157374,0.7489557207890022,51.0,127.0,111.0,102.33333333333333,28.9,41.2,26.339999999999996,33.48,60.0,31.0,44.0,55.4,1.0,2.0,2.0,1.9333333333333333,0,1,0
2567,1,135,28.4,53,0,1,1,0,2,47,0.6658816660008343,0.7460573750616996,134.0,74.0,123.2,102.0,27.0,21.5,27.72,32.42666666666666,43.0,42.0,46.2,53.2,2.0,0.0,2.4,2.0,1,3,1
2568,1,200,44.1,80,1,0,0,1,2,48,0.6691306063588582,0.7431448254773942,135.0,195.0,124.2,106.2,28.4,22.2,32.1,32.14,53.0,42.0,53.8,54.666666666666664,2.0,3.0,2.2,2.0,0,0,1
2569,1,63,47.9,34,1,1,1,1,4,49,0.6723668074346679,0.7402181274868322,200.0,101.0,116.6,104.66666666666667,44.1,32.1,35.260000000000005,33.85333333333333,80.0,33.0,54.0,51.93333333333333,2.0,4.0,2.2,2.2,0,1,0
2570,1,130,32.2,70,0,1,1,1,3,50,0.6755902076156602,0.7372773368101241,63.0,51.0,132.4,108.73333333333333,47.9,28.9,35.92,32.75333333333333,34.0,60.0,56.0,52.13333333333333,4.0,1.0,2.6,2.4,0,1,1
2571,1,188,47.2,46,0,0,0,1,1,51,0.6788007455329418,0.7343225094356854,130.0,134.0,143.2,117.13333333333334,32.2,27.0,39.96,33.52,70.0,43.0,56.6,52.53333333333333,3.0,2.0,2.4,2.4,1,2,0
2572,1,141,29.6,88,1,1,0,0,2,52,0.6819983600624985,0.7313537016191706,188.0,135.0,144.4,122.66666666666667,47.2,28.4,40.2,33.559999999999995,46.0,53.0,63.6,53.733333333333334,1.0,2.0,2.4,2.2666666666666666,0,0,1
2573,1,65,34.3,31,1,0,0,1,2,53,0.6851829903263591,0.7283709698824002,141.0,200.0,117.4,123.0,29.6,44.1,38.239999999999995,34.36,88.0,80.0,53.8,50.13333333333333,2.0,2.0,2.4,2.2,1,2,0
2574,1,72,26.8,38,0,1,0,1,2,54,0.6883545756937539,0.7253743710122877,65.0,63.0,119.2,115.26666666666667,34.3,47.9,34.02,33.81333333333333,31.0,34.0,54.6,48.333333333333336,2.0,4.0,2.0,2.1333333333333333,0,1,0
2575,1,58,39.2,50,1,0,0,0,1,55,0.6915130557822694,0.7223639620597556,72.0,130.0,104.8,115.6,26.8,32.2,35.42,33.50666666666667,38.0,70.0,50.6,49.4,2.0,3.0,1.6,2.066666666666667,1,3,0
2576,1,69,49.4,80,0,0,1,0,1,56,0.6946583704589974,0.7193398003386511,58.0,188.0,81.0,111.73333333333333,39.2,47.2,35.86,34.053333333333335,50.0,46.0,57.4,52.666666666666664,1.0,1.0,1.6,2.0,1,2,1
2577,1,155,38.1,33,1,1,0,1,3,57,0.6977904598416801,0.7163019434246543,69.0,141.0,83.8,117.13333333333334,49.4,29.6,37.56,35.16,80.0,88.0,46.4,52.06666666666667,1.0,2.0,1.8,2.2,1,2,0
2578,1,163,30.7,54,0,1,0,1,2,58,0.7009092642998509,0.7132504491541816,155.0,65.0,103.4,115.0,38.1,34.3,36.84,35.72666666666667,33.0,31.0,51.0,52.86666666666667,3.0,2.0,1.8,2.1333333333333333,1,3,1
2579,1,58,39.4,55,0,0,0,0,0,59,0.7040147244559682,0.7101853756232854,163.0,72.0,100.6,112.13333333333334,30.7,26.8,39.36,36.21333333333333,54.0,38.0,54.4,54.333333333333336,2.0,2.0,1.4,1.8666666666666667,1,2,0
2580,1,109,23.7,85,1,0,1,1,3,0,0.7071067811865475,0.7071067811865476,58.0,58.0,110.8,116.0,39.4,39.2,36.260000000000005,35.86666666666667,55.0,50.0,61.4,56.0,0.0,1.0,1.8,2.0,0,0,1
2581,1,98,46.7,78,1,0,1,0,2,1,0.7101853756232854,0.7040147244559684,109.0,69.0,116.6,113.6,23.7,49.4,35.720000000000006,37.18,85.0,80.0,61.0,58.333333333333336,3.0,1.0,2.0,2.0,1,2,1
2582,1,108,35.1,75,1,1,1,0,3,2,0.7132504491541815,0.700909264299851,98.0,155.0,107.2,111.8,46.7,38.1,35.12,37.626666666666665,78.0,33.0,69.4,59.8,2.0,3.0,2.0,2.066666666666667,1,3,1
2583,1,103,33.5,86,1,0,0,1,2,3,0.7163019434246541,0.6977904598416802,108.0,163.0,95.2,105.33333333333333,35.1,30.7,35.68,36.919999999999995,75.0,54.0,75.8,60.2,3.0,2.0,2.0,2.066666666666667,0,1,1
2584,1,179,37.6,78,0,1,1,1,3,4,0.7193398003386512,0.6946583704589973,103.0,58.0,119.4,113.06666666666666,33.5,39.4,35.32,36.233333333333334,86.0,55.0,80.4,63.13333333333333,2.0,0.0,2.6,2.0,0,1,1
2585,1,105,38.7,31,0,0,0,1,1,5,0.7223639620597555,0.6915130557822694,179.0,109.0,118.6,111.4,37.6,23.7,38.32000000000001,36.666666666666664,78.0,85.0,69.6,60.53333333333333,3.0,3.0,2.2,1.8666666666666667,1,2,0
2586,1,160,22.2,61,1,1,1,0,3,6,0.7253743710122876,0.6883545756937539,105.0,98.0,131.0,109.53333333333333,38.7,46.7,33.42,35.0,31.0,78.0,66.2,61.53333333333333,1.0,2.0,2.4,2.0,1,2,1
2587,1,148,40.5,90,1,1,0,1,3,7,0.7283709698824002,0.6851829903263592,160.0,108.0,139.0,110.0,22.2,35.1,34.5,35.726666666666674,61.0,75.0,69.2,61.666666666666664,3.0,3.0,2.4,2.066666666666667,1,2,1
2588,1,176,27.3,42,1,0,0,0,1,8,0.7313537016191705,0.6819983600624985,148.0,103.0,153.6,117.4,40.5,33.5,33.260000000000005,35.26,90.0,86.0,60.4,62.4,3.0,2.0,2.2,2.0,0,1,0
2589,1,113,41.4,51,0,1,0,0,1,9,0.7343225094356854,0.6788007455329419,176.0,179.0,140.4,120.13333333333334,27.3,37.6,34.02,36.233333333333334,42.0,78.0,55.0,63.266666666666666,1.0,3.0,1.8,1.9333333333333333,1,2,0
2590,1,60,44.7,75,0,0,0,1,1,10,0.737277336810124,0.6755902076156602,113.0,105.0,131.4,120.26666666666667,41.4,38.7,35.220000000000006,36.6,51.0,31.0,63.8,64.93333333333334,1.0,1.0,1.8,1.9333333333333333,1,2,1
2591,1,137,44.1,89,0,1,0,0,1,11,0.7402181274868321,0.672366807434668,60.0,160.0,126.8,124.8,44.7,22.2,39.6,36.24666666666667,75.0,61.0,69.4,65.53333333333333,1.0,3.0,1.4,1.9333333333333333,0,1,1
2592,1,81,36.6,84,1,0,0,0,1,12,0.7431448254773942,0.6691306063588582,137.0,148.0,113.4,119.86666666666666,44.1,40.5,38.82000000000001,36.14666666666667,89.0,90.0,68.2,68.93333333333334,1.0,3.0,1.0,1.8,0,1,1
2593,1,148,35.6,34,1,0,0,0,1,13,0.7460573750616996,0.6658816660008343,81.0,176.0,107.8,118.86666666666666,36.6,27.3,40.480000000000004,36.473333333333336,84.0,42.0,66.6,67.6,1.0,1.0,1.0,1.7333333333333334,0,1,0
2594,1,119,24.3,55,1,1,0,0,2,14,0.7489557207890022,0.6626200482157374,148.0,113.0,109.0,122.93333333333334,35.6,41.4,37.059999999999995,35.46666666666667,34.0,51.0,67.4,67.6,1.0,1.0,1.2,1.8666666666666667,1,3,1
2595,1,187,43.3,83,1,1,0,1,3,15,0.7518398074789774,0.6593458151000688,119.0,60.0,134.4,128.13333333333333,24.3,44.7,36.78,36.77333333333333,55.0,75.0,69.0,67.46666666666667,2.0,1.0,1.6,1.8666666666666667,1,2,1
2596,1,67,28.1,50,0,1,0,1,2,16,0.754709580222772,0.6560590289905073,187.0,137.0,120.4,126.06666666666666,43.3,44.1,33.58,35.53333333333333,83.0,89.0,61.2,65.6,3.0,1.0,1.8,1.8666666666666667,1,2,0
2597,1,76,34.9,38,1,0,1,1,3,17,0.7575649843840495,0.6527597524627226,67.0,81.0,119.4,123.93333333333334,28.1,36.6,33.24,35.519999999999996,50.0,84.0,52.0,63.13333333333333,2.0,1.0,2.2,1.8666666666666667,0,0,0
2598,1,79,28.5,43,1,0,1,0,2,18,0.7604059656000309,0.6494480483301837,76.0,148.0,105.6,122.33333333333333,34.9,35.6,31.82,35.18666666666666,38.0,34.0,53.8,60.266666666666666,3.0,1.0,2.4,1.8666666666666667,0,1,0
2599,1,150,24.0,76,0,1,0,0,1,19,0.7632324697825288,0.646123979642964,79.0,119.0,111.8,120.4,28.5,24.3,31.76,34.28,43.0,55.0,58.0,60.13333333333333,2.0,2.0,2.2,1.7333333333333334,1,3,1
2600,1,76,38.9,63,0,1,0,0,1,20,0.766044443118978,0.6427876096865394,150.0,187.0,89.6,118.46666666666667,24.0,43.3,30.880000000000003,34.29333333333333,76.0,83.0,54.0,62.266666666666666,1.0,3.0,1.8,1.7333333333333334,0,1,1
2601,1,121,21.6,53,0,0,1,0,1,21,0.7688418320734596,0.6394390019805847,76.0,67.0,100.4,115.86666666666666,38.9,28.1,29.580000000000002,34.25333333333333,63.0,50.0,54.6,61.733333333333334,1.0,2.0,1.6,1.6,1,2,1
2602,1,170,42.5,34,1,0,0,0,1,22,0.7716245833877199,0.6360782202777641,121.0,76.0,119.2,117.33333333333333,21.6,34.9,31.1,34.38666666666666,53.0,38.0,53.8,58.0,1.0,3.0,1.2,1.4666666666666666,1,2,0
2603,1,118,29.5,39,1,1,0,0,2,23,0.7743926440821856,0.6327053285625162,170.0,79.0,127.0,113.46666666666667,42.5,28.5,31.3,34.53333333333333,34.0,43.0,53.0,57.8,1.0,2.0,1.2,1.5333333333333334,0,1,0
2604,1,98,20.0,84,0,1,0,1,2,24,0.7771459614569709,0.6293203910498374,118.0,150.0,116.6,112.46666666666667,29.5,24.0,30.5,33.10666666666667,39.0,76.0,54.6,60.0,2.0,1.0,1.4,1.6,0,1,1
2605,1,126,35.3,50,0,0,0,0,0,25,0.7798844830928817,0.6259234721840591,98.0,76.0,126.6,116.86666666666666,20.0,38.9,29.779999999999994,32.48,84.0,63.0,52.0,58.333333333333336,2.0,1.0,1.2,1.5333333333333334,1,2,0
2606,1,53,21.4,64,0,0,0,0,0,26,0.7826081568524139,0.6225146366376195,126.0,121.0,113.0,111.26666666666667,35.3,21.6,29.74,30.966666666666665,50.0,53.0,54.2,56.666666666666664,0.0,1.0,1.0,1.4666666666666666,1,3,1
2607,1,159,28.3,75,0,0,1,1,2,27,0.785316930880745,0.619093949309834,53.0,170.0,110.8,116.46666666666667,21.4,42.5,26.9,30.413333333333334,64.0,34.0,62.4,56.06666666666667,0.0,1.0,1.2,1.5333333333333334,1,2,1
2608,1,164,41.2,47,1,1,1,0,3,28,0.788010753606722,0.6156614753256583,159.0,118.0,120.0,117.53333333333333,28.3,29.5,29.24,30.78666666666667,75.0,39.0,64.0,56.93333333333333,2.0,2.0,1.4,1.6666666666666667,0,0,0
2609,1,177,21.9,39,0,1,0,1,2,29,0.7906895737438433,0.6122172800344493,164.0,98.0,135.8,121.4,41.2,20.0,29.619999999999997,30.62666666666667,47.0,84.0,55.0,55.86666666666667,3.0,2.0,1.4,1.6666666666666667,1,2,0
2610,1,185,45.2,77,1,0,0,0,1,30,0.7933533402912352,0.6087614290087207,177.0,126.0,147.6,121.26666666666667,21.9,35.3,31.6,30.753333333333334,39.0,50.0,60.4,55.46666666666667,2.0,0.0,1.6,1.5333333333333334,1,2,1
2611,1,143,20.1,88,1,1,0,0,2,31,0.796002002534622,0.6052939880428944,185.0,53.0,165.6,126.33333333333333,45.2,21.4,31.339999999999996,30.219999999999995,77.0,64.0,65.2,58.0,1.0,0.0,2.0,1.5333333333333334,0,1,1
2612,1,52,27.4,72,0,1,1,1,3,32,0.7986355100472927,0.6018150231520484,143.0,159.0,144.2,124.73333333333333,20.1,28.3,31.160000000000004,29.720000000000002,88.0,75.0,64.6,60.266666666666666,2.0,2.0,2.2,1.5333333333333334,1,3,1
2613,1,184,42.2,38,0,0,1,0,1,33,0.8012538126910606,0.5983246005706592,52.0,164.0,148.2,131.73333333333332,27.4,41.2,31.360000000000003,30.633333333333333,72.0,47.0,62.8,59.93333333333333,3.0,3.0,1.8,1.4666666666666666,1,2,0
2614,1,71,29.5,60,1,1,0,1,3,34,0.8038568606172173,0.5948227867513414,184.0,177.0,127.0,126.46666666666667,42.2,21.9,32.88,31.0,38.0,39.0,67.0,58.86666666666667,1.0,2.0,2.0,1.6,1,3,1
2615,1,138,23.1,70,1,1,0,0,2,35,0.8064446042674825,0.5913096483635825,71.0,185.0,117.6,130.6,29.5,45.2,28.46,29.94666666666667,60.0,77.0,65.6,59.333333333333336,3.0,1.0,2.2,1.6666666666666667,0,0,1
2616,1,72,30.8,48,1,0,0,0,1,36,0.8090169943749475,0.5877852522924731,138.0,143.0,103.4,127.33333333333333,23.1,20.1,30.6,30.560000000000002,70.0,88.0,57.6,59.0,2.0,2.0,2.0,1.6666666666666667,0,1,0
2617,1,109,28.1,85,0,1,0,0,1,37,0.8115739819650123,0.5842496656374344,72.0,52.0,114.8,123.26666666666667,30.8,27.4,30.74,29.6,48.0,72.0,60.2,62.4,1.0,3.0,1.6,1.6666666666666667,1,2,1
2618,1,87,45.3,70,1,1,1,1,4,38,0.8141155183563192,0.5807029557109398,109.0,184.0,95.4,121.2,28.1,42.2,31.360000000000003,30.653333333333332,85.0,38.0,66.6,64.46666666666667,1.0,1.0,2.2,1.8,1,2,1
2619,1,160,29.4,84,1,1,0,0,2,39,0.8166415551616789,0.5771451900372337,87.0,71.0,113.2,125.33333333333333,45.3,29.5,31.340000000000003,31.279999999999998,70.0,60.0,71.4,64.46666666666667,4.0,3.0,2.0,1.8,1,2,1
2620,1,77,43.7,34,1,0,0,1,2,40,0.8191520442889917,0.5735764363510462,160.0,138.0,101.0,122.06666666666666,29.4,23.1,35.46,31.84,84.0,70.0,64.2,63.4,2.0,2.0,2.0,1.9333333333333333,0,0,0
2621,1,175,46.8,51,0,1,1,0,2,41,0.8216469379421637,0.569996762596303,77.0,72.0,121.6,130.2,43.7,30.8,38.660000000000004,33.53333333333333,34.0,48.0,64.8,62.53333333333333,2.0,1.0,2.2,2.066666666666667,1,3,0
2622,1,109,33.0,72,1,0,0,0,1,42,0.8241261886220157,0.5664062369248328,175.0,109.0,121.6,126.86666666666666,46.8,28.1,39.64,33.846666666666664,51.0,85.0,62.2,62.333333333333336,2.0,1.0,2.2,2.0,0,1,1
2623,1,56,47.3,73,1,1,1,1,4,43,0.8265897491271886,0.5628049276950686,109.0,87.0,115.4,119.66666666666667,33.0,45.3,40.04,34.25333333333334,72.0,70.0,62.8,64.06666666666666,1.0,4.0,2.2,2.066666666666667,0,1,1
2624,1,142,31.3,56,1,1,1,0,3,44,0.8290375725550417,0.5591929034707468,56.0,160.0,111.8,117.33333333333333,47.3,29.4,40.42,34.879999999999995,73.0,84.0,57.2,65.2,4.0,2.0,2.4,2.1333333333333333,1,2,1
2625,1,69,48.9,33,0,0,0,0,0,45,0.8314696123025451,0.5555702330196024,142.0,77.0,110.2,109.6,31.3,43.7,41.46,35.126666666666665,56.0,34.0,57.0,62.266666666666666,3.0,2.0,2.0,2.066666666666667,0,1,0
2626,1,92,22.7,83,0,0,0,0,0,46,0.8338858220671681,0.5519369853120583,69.0,175.0,93.6,106.2,48.9,46.8,36.64,35.3,33.0,51.0,63.4,61.93333333333333,0.0,2.0,1.6,1.9333333333333333,0,0,1
2627,1,74,40.6,60,1,1,1,1,4,47,0.8362861558477594,0.5482932295199139,92.0,109.0,86.6,107.66666666666667,22.7,33.0,38.16,36.18,83.0,72.0,61.0,61.13333333333333,0.0,1.0,2.2,2.0,1,2,0
2628,1,163,34.8,56,1,1,0,0,2,48,0.8386705679454239,0.5446390350150271,74.0,56.0,108.0,106.26666666666667,40.6,47.3,35.660000000000004,35.68666666666666,60.0,73.0,57.6,62.333333333333336,4.0,4.0,1.8,2.066666666666667,0,1,0
2629,1,144,31.6,63,1,1,1,1,4,49,0.8410390129643924,0.540974471367994,163.0,142.0,108.4,111.13333333333334,34.8,31.3,35.72,35.82666666666667,56.0,56.0,59.0,62.53333333333333,2.0,3.0,2.0,2.1333333333333333,0,1,1
2630,1,56,39.0,59,0,0,0,0,0,50,0.8433914458128856,0.5372996083468239,144.0,69.0,105.8,105.66666666666667,31.6,48.9,33.739999999999995,36.88666666666666,63.0,33.0,64.2,61.8,4.0,0.0,2.0,2.0,0,0,0
2631,1,119,41.1,31,1,1,0,1,3,51,0.8457278217039733,0.5336145159156114,56.0,92.0,111.2,108.8,39.0,22.7,37.42,37.57333333333334,59.0,83.0,53.8,60.666666666666664,0.0,0.0,2.6,2.1333333333333333,1,2,0
2632,1,180,20.1,58,0,0,0,1,1,52,0.8480480961564258,0.5299192642332051,119.0,74.0,132.4,113.53333333333333,41.1,40.6,33.32,37.04,31.0,60.0,53.4,58.86666666666667,3.0,4.0,2.0,2.1333333333333333,0,1,1
2633,1,102,25.0,34,0,1,1,0,2,53,0.8503522249955628,0.5262139236518696,180.0,163.0,120.2,114.53333333333333,20.1,34.8,31.360000000000003,35.68666666666666,58.0,56.0,49.0,56.46666666666667,1.0,2.0,2.0,2.0,1,2,0
2634,1,181,41.4,40,0,0,1,1,2,54,0.8526401643540922,0.5224985647159489,102.0,144.0,127.6,115.93333333333334,25.0,31.6,33.32,36.486666666666665,34.0,63.0,44.4,53.53333333333333,2.0,4.0,1.6,2.0,0,1,0
2635,1,107,40.0,38,0,1,1,1,3,55,0.8549118706729465,0.5187732581605216,181.0,56.0,137.8,117.93333333333334,41.4,39.0,33.519999999999996,36.239999999999995,40.0,59.0,40.2,53.8,2.0,0.0,2.2,2.066666666666667,1,2,0
2636,1,139,49.0,76,0,1,0,1,2,56,0.8571673007021123,0.5150380749100542,107.0,119.0,141.8,115.53333333333333,40.0,41.1,35.1,36.38666666666666,38.0,31.0,49.2,55.46666666666667,3.0,3.0,2.0,2.066666666666667,1,2,1
2637,1,89,42.8,45,1,0,0,0,1,57,0.8594064115014527,0.511293086077052,139.0,180.0,123.6,114.2,49.0,20.1,39.64,37.04,76.0,58.0,46.6,53.666666666666664,2.0,1.0,2.0,2.066666666666667,0,1,0
2638,1,117,48.5,76,1,1,1,1,4,58,0.8616291604415257,0.5075383629607042,89.0,102.0,126.6,118.26666666666667,42.8,25.0,44.339999999999996,37.12,45.0,34.0,55.0,53.86666666666667,1.0,2.0,2.4,2.066666666666667,1,2,1
2639,1,134,41.1,59,0,0,0,0,0,59,0.8638355052043957,0.5037739770455263,117.0,181.0,117.2,117.73333333333333,48.5,41.4,44.28,37.77333333333333,76.0,40.0,58.8,54.06666666666667,4.0,2.0,2.0,1.8666666666666667,1,3,0
2640,1,63,28.9,62,1,1,1,1,4,0,0.8660254037844386,0.5000000000000001,134.0,107.0,108.4,117.33333333333333,41.1,40.0,42.06,36.43999999999999,59.0,38.0,63.6,56.0,0.0,3.0,2.2,2.1333333333333333,0,1,1
2641,1,57,23.2,56,1,1,1,1,4,1,0.8681988144891423,0.49621650367520814,63.0,139.0,92.0,115.0,28.9,49.0,36.9,36.473333333333336,62.0,76.0,59.6,54.2,4.0,2.0,2.6,2.4,0,1,1
2642,1,120,43.5,44,1,1,1,1,4,2,0.8703556959398996,0.49242356010346733,57.0,89.0,98.2,118.06666666666666,23.2,42.8,37.04,36.666666666666664,56.0,45.0,59.4,53.13333333333333,4.0,1.0,3.2,2.4,1,2,0
2643,1,117,39.3,71,1,0,0,0,1,3,0.8724960070727971,0.48862124149695496,120.0,117.0,98.2,115.0,43.5,48.5,35.2,36.96666666666667,44.0,76.0,58.4,54.13333333333333,4.0,4.0,2.6,2.3333333333333335,1,2,1
2644,1,54,21.4,85,0,0,1,0,1,4,0.8746197071393957,0.4848096202463371,117.0,134.0,82.2,109.0,39.3,41.1,31.259999999999998,36.28666666666667,71.0,59.0,63.6,55.6,1.0,0.0,2.8,2.1333333333333333,1,2,1
2645,1,101,30.8,53,1,0,0,1,2,5,0.8767267557075077,0.48098876891938774,54.0,63.0,89.8,112.0,21.4,28.9,31.639999999999997,35.74,85.0,62.0,61.8,55.2,1.0,4.0,2.4,2.2666666666666666,0,1,0
2646,1,151,48.7,66,1,1,0,1,3,6,0.8788171126619653,0.47715876025960857,101.0,57.0,108.6,114.13333333333334,30.8,23.2,36.74,36.24666666666667,53.0,56.0,63.8,57.53333333333333,2.0,4.0,2.2,2.2666666666666666,1,2,0
2647,1,115,35.0,65,0,0,0,0,0,7,0.8808907382053854,0.4733196671848436,151.0,120.0,107.6,109.8,48.7,43.5,35.04,37.24,66.0,44.0,68.0,58.0,3.0,4.0,1.4,2.2,0,1,1
2648,1,96,33.0,73,1,0,0,0,1,8,0.8829475928589269,0.46947156278589086,115.0,117.0,103.4,109.4,35.0,39.3,33.78,37.77333333333333,65.0,71.0,68.4,60.6,0.0,1.0,1.4,2.1333333333333333,1,3,1
2649,1,147,33.7,62,0,1,0,0,1,9,0.8849876374630419,0.4656145203251113,96.0,54.0,122.0,107.13333333333334,33.0,21.4,36.239999999999995,37.26,73.0,85.0,63.8,62.06666666666667,1.0,1.0,1.4,2.066666666666667,0,0,1
2650,1,98,26.3,40,0,0,1,1,2,10,0.8870108331782217,0.4617486132350339,147.0,101.0,121.4,106.53333333333333,33.7,30.8,35.34,36.34666666666667,62.0,53.0,61.2,62.2,1.0,2.0,1.4,2.0,1,3,0
2651,1,105,31.1,64,0,1,0,1,2,11,0.8890171414857364,0.45787391511695674,98.0,151.0,112.2,104.26666666666667,26.3,48.7,31.82,35.15333333333333,40.0,66.0,60.8,61.4,2.0,3.0,1.2,2.0,1,2,1
2652,1,82,31.1,45,0,0,1,1,2,12,0.8910065241883679,0.45399049973954686,105.0,115.0,105.6,103.8,31.1,35.0,31.040000000000003,34.373333333333335,64.0,65.0,56.8,61.4,2.0,0.0,1.6,2.066666666666667,0,1,0
2653,1,134,21.6,81,0,0,1,0,1,13,0.8929789434111369,0.45009844103743507,82.0,96.0,113.2,104.93333333333334,31.1,33.0,28.76,32.58,45.0,73.0,58.4,61.733333333333334,2.0,1.0,1.6,1.8666666666666667,1,2,1
2654,1,108,43.0,31,0,1,0,1,2,14,0.8949343616020251,0.4461978131098087,134.0,147.0,105.4,103.2,21.6,33.7,30.620000000000005,32.70666666666667,81.0,62.0,52.2,59.86666666666667,1.0,1.0,1.8,2.0,0,0,0
2655,1,152,32.5,82,1,1,1,0,3,15,0.8968727415326884,0.44228869021900125,108.0,98.0,116.2,109.13333333333334,43.0,26.3,31.860000000000003,32.946666666666665,31.0,40.0,60.6,61.2,2.0,2.0,2.0,1.9333333333333333,0,1,1
2656,1,192,44.7,84,0,1,0,1,2,16,0.8987940462991669,0.43837114678907746,152.0,105.0,133.6,118.13333333333334,32.5,31.1,34.580000000000005,34.38,82.0,64.0,64.6,63.06666666666667,3.0,2.0,2.0,1.8,0,0,1
2657,1,62,45.5,58,1,0,1,1,3,17,0.9006982393225879,0.43444525740441714,192.0,82.0,129.6,114.26666666666667,44.7,31.1,37.46,34.513333333333335,84.0,45.0,67.2,64.0,2.0,2.0,2.2,1.7333333333333334,1,3,0
2658,1,175,26.4,66,1,0,1,1,3,18,0.9025852843498605,0.43051109680829525,62.0,134.0,137.8,118.13333333333334,45.5,21.6,38.42,33.653333333333336,58.0,81.0,64.2,63.666666666666664,3.0,1.0,2.6,1.8666666666666667,0,1,1
2659,1,95,39.7,31,0,1,0,0,1,19,0.9044551454543679,0.4265687399014585,175.0,108.0,135.2,120.86666666666666,26.4,43.0,37.760000000000005,34.873333333333335,66.0,31.0,64.2,60.06666666666667,3.0,2.0,2.4,1.8666666666666667,1,2,0
2660,1,97,34.2,43,1,0,1,1,3,20,0.9063077870366498,0.4226182617406996,95.0,152.0,124.2,120.6,39.7,32.5,38.1,35.1,31.0,82.0,56.4,59.4,1.0,3.0,2.4,1.9333333333333333,1,2,0
2661,1,132,46.4,43,0,0,0,0,0,21,0.9081431738250813,0.41865973753742813,97.0,192.0,112.2,119.33333333333333,34.2,44.7,38.440000000000005,34.94666666666667,43.0,84.0,48.2,57.86666666666667,3.0,2.0,2.0,1.7333333333333334,1,2,0
2662,1,146,26.5,81,1,1,0,1,3,22,0.9099612708765432,0.41469324265623914,132.0,62.0,129.0,121.4,46.4,45.5,34.64,34.38,43.0,58.0,52.8,58.93333333333333,0.0,3.0,2.0,1.9333333333333333,1,2,1
2663,1,100,40.3,56,1,0,0,0,1,23,0.9117620435770886,0.4107188526134772,146.0,175.0,114.0,121.66666666666667,26.5,26.4,37.42,34.86666666666667,81.0,66.0,50.8,57.8,3.0,3.0,1.6,1.9333333333333333,0,0,0
2664,1,119,38.2,85,0,1,1,0,2,24,0.9135454576426009,0.4067366430758002,100.0,95.0,118.8,119.8,40.3,39.7,37.12,35.166666666666664,56.0,31.0,61.6,59.333333333333336,1.0,1.0,1.8,2.0,0,1,1
2665,1,191,28.9,67,1,0,0,0,1,25,0.9153114791194471,0.40274668985873724,119.0,97.0,137.6,126.0,38.2,34.2,36.06,35.34,85.0,43.0,66.4,61.13333333333333,2.0,3.0,1.4,1.9333333333333333,1,2,1
2666,1,128,24.1,54,0,0,0,0,0,26,0.917060074385124,0.39874906892524625,191.0,132.0,136.8,127.53333333333333,28.9,46.4,31.6,34.873333333333335,67.0,43.0,68.6,60.46666666666667,1.0,0.0,1.4,1.8,1,2,1
2667,1,117,39.5,75,1,0,0,0,1,27,0.9187912101488983,0.3947438563842672,128.0,146.0,131.0,129.86666666666667,24.1,26.5,34.2,35.43333333333333,54.0,81.0,67.4,62.46666666666667,0.0,3.0,1.0,1.7333333333333334,0,0,1
2668,1,80,42.2,32,0,1,1,0,2,28,0.9205048534524404,0.3907311284892737,117.0,100.0,127.0,126.26666666666667,39.5,40.3,34.58,36.806666666666665,75.0,56.0,62.6,59.2,1.0,1.0,1.2,1.8,1,2,0
2669,1,145,29.5,48,0,1,0,1,2,29,0.9222009716704518,0.3867109616368206,80.0,119.0,132.2,128.73333333333332,42.2,38.2,32.839999999999996,35.906666666666666,32.0,85.0,55.2,60.333333333333336,2.0,2.0,1.2,1.8,1,2,0
2670,1,69,39.3,83,1,0,1,1,3,30,0.9238795325112867,0.38268343236508984,145.0,191.0,107.8,123.2,29.5,28.9,34.92,36.36,48.0,67.0,58.4,60.4,2.0,1.0,1.6,1.8,0,1,1
2671,1,76,31.9,56,1,1,0,0,2,31,0.9255405040175664,0.37864861735243305,69.0,128.0,97.4,115.46666666666667,39.3,24.1,36.480000000000004,35.50666666666667,83.0,54.0,58.8,58.53333333333333,3.0,0.0,2.0,1.8,0,1,1
2672,1,161,41.4,33,0,0,0,0,0,32,0.9271838545667873,0.3746065934159122,76.0,117.0,106.2,122.06666666666666,31.9,39.5,36.86,35.233333333333334,56.0,75.0,50.4,56.86666666666667,2.0,1.0,1.8,1.6,0,1,0
2673,1,86,26.0,54,1,1,1,1,4,33,0.9288095528719241,0.3705574375098364,161.0,80.0,107.4,116.13333333333334,41.4,42.2,33.620000000000005,35.20666666666667,33.0,32.0,54.8,56.06666666666667,0.0,2.0,2.2,1.6666666666666667,1,2,1
2674,1,116,46.7,90,1,1,1,1,4,34,0.9304175679820246,0.3665012267242973,86.0,145.0,101.6,117.53333333333333,26.0,29.5,37.06,35.67333333333333,54.0,48.0,63.2,60.0,4.0,2.0,2.6,1.8666666666666667,1,2,1
2675,1,160,28.6,39,1,0,0,0,1,35,0.9320078692827984,0.3624380382837017,116.0,69.0,119.8,121.73333333333333,46.7,39.3,34.92,35.3,90.0,83.0,54.4,59.733333333333334,4.0,3.0,2.2,1.7333333333333334,1,2,0
2676,1,192,31.0,43,1,0,0,0,1,36,0.9335804264972017,0.3583679495453004,160.0,76.0,143.0,125.73333333333333,28.6,31.9,34.739999999999995,34.27333333333333,39.0,56.0,51.8,59.733333333333334,1.0,2.0,2.0,1.8,1,2,0
2677,1,72,21.7,31,1,1,0,0,2,37,0.9351352096860117,0.3542910379977158,192.0,161.0,125.2,120.8,31.0,41.4,30.800000000000004,33.95333333333333,43.0,33.0,51.4,56.4,1.0,0.0,2.4,1.7333333333333334,1,2,0
2678,1,60,23.3,59,0,0,0,0,0,38,0.9366721892483976,0.35020738125946765,72.0,86.0,120.0,118.13333333333334,21.7,26.0,30.259999999999998,32.82,31.0,54.0,52.4,56.6,2.0,4.0,1.6,1.6666666666666667,1,3,1
2679,1,129,35.5,79,0,0,0,1,1,39,0.9381913359224842,0.346117057077493,60.0,116.0,122.6,118.8,23.3,46.7,28.02,32.64,59.0,90.0,50.2,56.2,0.0,4.0,1.0,1.6,1,3,1
2680,1,133,28.0,59,0,1,1,1,3,40,0.9396926207859084,0.3420201433256686,129.0,160.0,117.2,114.93333333333334,35.5,28.6,27.9,32.58,79.0,39.0,54.2,55.666666666666664,1.0,1.0,1.4,1.7333333333333334,1,3,1
2681,1,144,45.1,87,0,0,1,0,1,41,0.9411760152563706,0.3379167180033269,133.0,192.0,107.6,116.0,28.0,31.0,30.720000000000006,33.98,59.0,43.0,63.0,57.86666666666667,3.0,1.0,1.4,1.8,0,1,1
2682,1,129,20.4,56,0,1,0,1,2,42,0.9426414910921784,0.3338068592337709,144.0,72.0,119.0,116.8,45.1,21.7,30.459999999999997,32.70666666666666,87.0,31.0,68.0,56.6,1.0,2.0,1.4,1.8666666666666667,0,1,1
2683,1,109,31.4,88,1,0,0,0,1,43,0.9440890203927842,0.3296906452627873,129.0,60.0,128.8,118.73333333333333,20.4,23.3,32.08,31.986666666666668,56.0,59.0,73.8,60.333333333333336,2.0,0.0,1.6,1.8,0,0,1
2684,1,127,30.1,83,1,0,1,1,3,44,0.9455185755993167,0.32556815445715676,109.0,129.0,128.4,117.53333333333333,31.4,35.5,31.0,32.026666666666664,88.0,79.0,74.6,62.666666666666664,1.0,1.0,2.0,1.8666666666666667,0,1,1
2685,1,178,20.6,69,0,1,0,1,2,45,0.9469301294951056,0.3214394653031617,127.0,133.0,137.4,124.8,30.1,28.0,29.520000000000003,30.779999999999998,83.0,59.0,76.6,61.733333333333334,3.0,3.0,1.8,1.8,1,2,1
2686,1,106,23.7,36,0,0,1,0,1,46,0.9483236552061993,0.3173046564050923,178.0,144.0,129.8,126.8,20.6,45.1,25.240000000000002,30.233333333333334,69.0,87.0,66.4,60.4,2.0,1.0,1.8,1.7333333333333334,0,0,0
2687,1,156,32.4,37,1,0,0,0,1,47,0.949699126201877,0.31316380648374953,106.0,129.0,135.2,126.46666666666667,23.7,20.4,27.639999999999997,29.633333333333333,36.0,56.0,62.6,60.666666666666664,1.0,2.0,1.6,1.8,0,1,0
2688,1,114,34.8,32,1,1,0,1,3,48,0.9510565162951535,0.30901699437494745,156.0,109.0,136.2,128.33333333333334,32.4,31.4,28.32,30.220000000000002,37.0,88.0,51.4,59.2,1.0,1.0,2.0,1.7333333333333334,0,1,0
2689,1,78,32.1,54,0,0,0,0,0,49,0.9523957996432784,0.3048642990280109,114.0,127.0,126.4,125.8,34.8,30.1,28.72,29.246666666666666,32.0,83.0,45.6,56.8,3.0,3.0,1.4,1.4666666666666666,1,2,0
2690,1,142,35.9,74,1,1,0,1,3,50,0.9537169507482269,0.3007057995042733,78.0,178.0,119.2,124.6,32.1,20.6,31.779999999999994,29.733333333333334,54.0,69.0,46.6,59.13333333333333,0.0,2.0,1.6,1.6,1,2,1
2691,1,112,37.9,30,1,0,1,0,2,51,0.9550199444571865,0.29654157497557115,142.0,106.0,120.4,119.26666666666667,35.9,23.7,34.62,30.193333333333335,74.0,36.0,45.4,58.266666666666666,3.0,1.0,1.8,1.6666666666666667,1,2,0
2692,1,58,20.3,32,0,1,0,0,1,52,0.9563047559630354,0.29237170472273677,112.0,156.0,100.8,118.33333333333333,37.9,32.4,32.2,30.099999999999998,30.0,37.0,44.4,58.333333333333336,2.0,1.0,1.8,1.6,0,1,0
2693,1,146,33.9,42,1,0,1,1,3,53,0.9575713608048143,0.2881962681340896,58.0,114.0,107.2,124.06666666666666,20.3,34.8,32.019999999999996,30.80666666666667,32.0,32.0,46.4,57.2,1.0,3.0,1.8,1.8,1,2,0
2694,1,170,48.9,84,0,0,1,0,1,54,0.958819734868193,0.28401534470392253,146.0,78.0,125.6,126.8,33.9,32.1,35.38,31.7,42.0,54.0,52.4,57.53333333333333,3.0,0.0,2.0,1.8,0,1,1
2695,1,80,35.6,73,1,1,1,0,3,55,0.9600498543859287,0.27982901403099203,170.0,142.0,113.2,123.26666666666667,48.9,35.9,35.32,32.20666666666667,84.0,74.0,52.2,58.46666666666667,1.0,3.0,2.0,1.8,0,1,1
2696,1,73,40.3,69,0,1,1,0,2,56,0.9612616959383189,0.27563735581699916,80.0,112.0,105.4,118.53333333333333,35.6,37.9,35.8,31.886666666666663,73.0,30.0,60.0,57.266666666666666,3.0,2.0,2.0,1.8666666666666667,0,1,1
2697,1,181,29.4,33,0,0,0,0,0,57,0.9624552364536473,0.2714404498650743,73.0,58.0,130.0,122.0,40.3,20.3,37.62,32.486666666666665,69.0,32.0,60.2,55.733333333333334,2.0,1.0,1.8,1.7333333333333334,0,1,0
2698,1,119,43.2,67,0,0,0,1,1,58,0.9636304532086231,0.26723837607825673,181.0,146.0,124.6,122.66666666666667,29.4,33.9,39.480000000000004,33.27333333333333,33.0,42.0,65.2,54.333333333333336,0.0,3.0,1.4,1.7333333333333334,1,3,1
2699,1,161,43.2,56,0,1,0,1,2,59,0.9647873238288129,0.26303121445797495,119.0,170.0,122.8,124.93333333333334,43.2,48.9,38.339999999999996,34.14666666666667,67.0,84.0,59.6,52.53333333333333,1.0,1.0,1.6,1.6666666666666667,1,2,0
2700,1,58,35.6,38,1,0,0,0,1,0,0.9659258262890683,0.25881904510252074,161.0,80.0,118.4,116.93333333333334,43.2,35.6,38.339999999999996,35.14666666666667,56.0,73.0,52.6,50.46666666666667,2.0,3.0,1.2,1.6,1,2,0
2701,1,135,49.3,49,0,1,0,1,2,1,0.9670459389139431,0.2546019482055276,58.0,73.0,130.8,118.86666666666666,35.6,40.3,40.14,36.85333333333333,38.0,69.0,48.6,51.333333333333336,1.0,2.0,1.2,1.6666666666666667,1,2,0
2702,1,115,23.8,35,1,0,1,1,3,2,0.9681476403781077,0.2503800040544415,135.0,181.0,117.6,116.13333333333334,49.3,29.4,39.02,36.28,49.0,33.0,49.0,51.2,2.0,0.0,1.8,1.8,0,1,0
2703,1,133,20.5,80,0,1,1,0,2,3,0.9692309097067544,0.24615329302899316,115.0,119.0,120.4,117.4,23.8,43.2,34.480000000000004,35.32666666666667,35.0,67.0,51.6,54.4,3.0,1.0,2.0,1.7333333333333334,1,2,1
2704,1,125,43.1,87,0,0,0,1,1,4,0.9702957262759965,0.2419218955996679,133.0,161.0,113.2,120.53333333333333,20.5,43.2,34.46,36.059999999999995,80.0,56.0,57.8,56.6,2.0,2.0,1.8,1.8,1,2,1
2705,1,150,44.2,76,1,1,1,0,3,5,0.9713420698132614,0.2376858923261731,125.0,58.0,131.6,121.06666666666666,43.1,35.6,36.17999999999999,36.61333333333334,87.0,38.0,65.4,56.733333333333334,1.0,1.0,2.2,1.8,0,1,1
2706,1,111,23.6,49,1,0,0,1,2,6,0.9723699203976766,0.23344536385590567,150.0,135.0,126.8,121.0,44.2,49.3,31.040000000000003,35.66,76.0,49.0,65.4,58.0,3.0,2.0,2.2,1.8,0,0,1
2707,1,187,28.0,43,0,1,1,1,3,7,0.9733792584604485,0.22920039092241426,111.0,115.0,141.2,129.6,23.6,23.8,31.880000000000003,36.17333333333333,49.0,35.0,67.0,58.733333333333334,2.0,3.0,2.2,1.9333333333333333,1,2,0
2708,1,92,20.5,53,0,1,1,1,3,8,0.9743700647852352,0.22495105434386492,187.0,133.0,133.0,126.0,28.0,20.5,31.880000000000003,35.28,43.0,80.0,61.6,59.46666666666667,3.0,2.0,2.4,1.9333333333333333,1,2,1
2709,1,146,28.8,56,1,1,0,1,3,9,0.9753423205085128,0.22069743502150085,92.0,125.0,137.2,124.4,20.5,43.1,29.02,33.940000000000005,53.0,87.0,55.4,57.6,3.0,1.0,2.8,2.066666666666667,1,2,1
2710,1,64,43.2,62,1,0,1,0,2,10,0.9762960071199334,0.2164396139381029,146.0,150.0,120.0,123.33333333333333,28.8,44.2,28.820000000000004,34.44666666666667,56.0,76.0,52.6,56.86666666666667,3.0,3.0,2.6,2.0,1,3,0
2711,1,118,35.5,32,0,1,0,1,2,11,0.9772311064626789,0.21217767215644634,64.0,111.0,121.4,126.33333333333333,43.2,23.6,31.2,34.12666666666667,62.0,49.0,49.2,54.4,2.0,2.0,2.6,2.0,0,1,0
2712,1,134,30.4,67,0,1,1,1,3,12,0.9781476007338056,0.20791169081775945,118.0,187.0,110.8,123.2,35.5,28.0,31.68,34.193333333333335,32.0,43.0,54.0,56.666666666666664,2.0,3.0,2.6,2.2,0,1,1
2713,1,89,31.2,78,0,1,0,0,1,13,0.9790454724845838,0.20364175114017743,134.0,92.0,110.2,121.2,30.4,20.5,33.82000000000001,33.39333333333334,67.0,53.0,59.0,57.4,3.0,3.0,2.2,2.2,1,2,1
2714,1,95,20.0,68,1,1,1,1,4,14,0.9799247046208296,0.1993679344171972,89.0,146.0,100.0,116.8,31.2,28.8,32.06,31.84666666666667,78.0,56.0,61.4,58.2,1.0,3.0,2.4,2.3333333333333335,0,1,1
2715,1,160,29.0,78,1,1,0,1,3,15,0.9807852804032304,0.19509032201612833,95.0,64.0,119.2,123.6,20.0,43.2,29.22,31.40666666666667,68.0,62.0,64.6,60.86666666666667,4.0,2.0,2.6,2.466666666666667,0,1,1
2716,1,153,39.4,44,0,1,0,1,2,16,0.981627183447664,0.1908089953765447,160.0,118.0,126.2,124.8,29.0,35.5,30.0,30.746666666666666,78.0,32.0,67.0,60.53333333333333,3.0,2.0,2.6,2.466666666666667,0,1,0
2717,1,98,49.2,68,0,1,1,1,3,17,0.9824503977255097,0.1865240360087348,153.0,134.0,119.0,123.66666666666667,39.4,30.4,33.760000000000005,32.440000000000005,44.0,67.0,67.2,62.733333333333334,2.0,3.0,2.6,2.466666666666667,1,2,0
2718,1,188,45.4,85,0,0,1,1,2,18,0.9832549075639545,0.18223552549214767,98.0,89.0,138.8,127.33333333333333,49.2,31.2,36.6,34.1,68.0,78.0,68.6,63.06666666666667,3.0,1.0,2.8,2.466666666666667,0,1,1
2719,1,111,20.7,39,0,0,1,1,2,19,0.9840406976462908,0.177943545473842,188.0,95.0,142.0,126.4,45.4,20.0,36.74,32.60666666666667,85.0,68.0,62.8,59.86666666666667,2.0,4.0,2.4,2.533333333333333,1,2,0
2720,1,179,47.0,65,1,1,1,1,4,20,0.984807753012208,0.17364817766693041,111.0,160.0,145.8,128.33333333333334,20.7,29.0,40.339999999999996,32.79333333333333,39.0,78.0,60.2,59.13333333333333,2.0,3.0,2.6,2.6,0,1,0
2721,1,119,43.5,47,0,0,0,0,0,21,0.9855560590580777,0.16934950384902475,179.0,153.0,139.0,128.86666666666667,47.0,39.4,41.160000000000004,34.12,65.0,44.0,60.8,59.0,4.0,2.0,2.2,2.466666666666667,1,3,0
2722,1,129,43.4,89,0,0,0,0,0,22,0.9862856015372313,0.16504760586067782,119.0,98.0,145.2,125.0,43.5,49.2,40.0,35.14666666666667,47.0,68.0,65.0,62.06666666666667,0.0,3.0,1.6,2.2666666666666666,0,1,1
2723,1,128,33.7,38,0,0,0,0,0,23,0.9869963665602319,0.1607425656038261,129.0,188.0,133.2,127.4,43.4,45.4,37.660000000000004,36.026666666666664,89.0,85.0,55.6,61.06666666666667,0.0,2.0,1.2,2.066666666666667,1,3,0
2724,1,193,31.9,63,0,1,0,1,2,24,0.9876883405951378,0.15643446504023092,128.0,111.0,149.6,130.53333333333333,33.7,20.7,39.9,36.233333333333334,38.0,39.0,60.4,61.53333333333333,0.0,2.0,1.2,2.0,1,2,1
2725,1,71,29.1,40,1,0,1,0,2,25,0.9883615104677607,0.1521233861899168,193.0,179.0,128.0,131.0,31.9,47.0,36.32,35.29333333333333,63.0,65.0,55.4,60.06666666666667,2.0,4.0,0.8,2.0,1,2,0
2726,1,167,22.0,81,0,1,0,1,2,26,0.9890158633619168,0.14780941112961055,71.0,119.0,137.6,134.26666666666668,29.1,43.5,32.02,34.39333333333333,40.0,47.0,62.2,63.333333333333336,2.0,0.0,1.2,2.0,0,1,1
2727,1,112,26.8,42,1,0,0,1,2,27,0.9896513868196702,0.1434926219911793,167.0,129.0,134.2,132.8,22.0,43.4,28.7,34.15333333333333,81.0,89.0,52.8,61.666666666666664,2.0,0.0,1.6,1.9333333333333333,1,2,0
2728,1,72,27.4,82,0,1,1,0,2,28,0.9902680687415704,0.13917310096006547,112.0,128.0,123.0,131.66666666666666,26.8,33.7,27.439999999999998,33.9,42.0,38.0,61.6,61.93333333333333,2.0,0.0,2.0,2.0,1,2,1
2729,1,158,34.5,70,0,1,0,0,1,29,0.9908658973868822,0.13485093027372286,72.0,193.0,116.0,135.86666666666667,27.4,31.9,27.96,34.86666666666667,82.0,63.0,63.0,62.06666666666667,2.0,2.0,1.8,1.8,0,1,1
2730,1,63,42.4,67,1,1,1,0,3,30,0.9914448613738104,0.1305261922200517,158.0,71.0,114.4,129.4,34.5,29.1,30.619999999999997,35.76,70.0,40.0,68.4,61.333333333333336,1.0,2.0,2.0,1.8,0,0,1
2731,1,120,34.2,44,0,0,0,1,1,31,0.992004949679715,0.12619896913582995,63.0,167.0,105.0,127.2,42.4,22.0,33.06,35.413333333333334,67.0,81.0,61.0,61.333333333333336,3.0,2.0,1.8,1.7333333333333334,0,1,0
2732,1,131,21.7,65,1,0,0,1,2,32,0.992546151641322,0.12186934340514771,120.0,112.0,108.8,129.4,34.2,26.8,32.04,33.58,44.0,42.0,65.6,61.13333333333333,1.0,2.0,1.8,1.6666666666666667,1,2,1
2733,1,127,48.7,89,1,0,0,1,2,33,0.9930684569549263,0.1175373974578377,131.0,72.0,119.8,125.33333333333333,21.7,27.4,36.3,33.8,65.0,82.0,67.0,61.4,2.0,2.0,1.8,1.6666666666666667,0,1,1
2734,1,143,48.3,66,0,0,0,0,0,34,0.9935718556765875,0.11320321376790683,127.0,158.0,116.8,127.46666666666667,48.7,34.5,39.059999999999995,35.64,89.0,70.0,66.2,63.2,2.0,1.0,1.6,1.5333333333333334,1,2,0
2735,1,70,43.6,40,0,1,0,0,1,35,0.9940563382223196,0.10886687485196474,143.0,63.0,118.2,120.2,48.3,42.4,39.3,35.413333333333334,66.0,67.0,60.8,61.53333333333333,0.0,3.0,1.2,1.3333333333333333,1,2,0
2736,1,183,49.7,69,1,1,0,0,2,36,0.9945218953682733,0.10452846326765346,70.0,120.0,130.8,124.46666666666667,43.6,34.2,42.4,35.82666666666667,40.0,44.0,65.8,63.0,1.0,1.0,1.4,1.4666666666666666,1,2,0
2737,1,56,36.3,83,1,1,1,1,4,37,0.9949685182509117,0.10018806161207632,183.0,131.0,115.8,119.6,49.7,21.7,45.32,35.35333333333334,69.0,65.0,69.4,62.6,2.0,2.0,1.8,1.7333333333333334,0,1,1
2738,1,122,48.9,48,1,1,1,0,3,38,0.9953961983671787,0.09584575252022429,56.0,127.0,114.8,119.2,36.3,48.7,45.36,36.36666666666667,83.0,89.0,61.2,63.266666666666666,4.0,2.0,2.0,1.9333333333333333,0,1,0
2739,1,155,22.3,58,0,0,1,1,2,39,0.9958049275746618,0.0915016186634023,122.0,143.0,117.2,116.66666666666667,48.9,48.3,40.160000000000004,35.72666666666667,48.0,66.0,59.6,62.93333333333333,3.0,0.0,2.4,1.9333333333333333,1,2,1
2740,1,160,31.0,59,1,1,1,0,3,40,0.9961946980917455,0.08715574274765814,155.0,70.0,135.2,122.6,22.3,43.6,37.64,35.85333333333333,58.0,40.0,63.4,64.2,2.0,1.0,2.8,2.0,0,0,1
2741,1,65,26.8,66,1,1,1,0,3,41,0.9965655024977614,0.08280820751220436,160.0,183.0,111.6,115.8,31.0,49.7,33.059999999999995,36.17333333333333,59.0,69.0,62.8,63.2,3.0,2.0,3.0,2.066666666666667,0,1,1
2742,1,60,25.9,45,1,1,0,1,3,42,0.996917333733128,0.07845909572784478,65.0,56.0,112.4,112.33333333333333,26.8,36.3,30.98,36.11333333333334,66.0,83.0,55.2,63.4,3.0,4.0,2.8,2.1333333333333333,1,2,0
2743,1,103,24.2,39,1,1,0,1,3,43,0.9972501850994857,0.07410849019539913,60.0,122.0,108.6,114.4,25.9,48.9,26.04,35.9,45.0,48.0,53.4,60.53333333333333,3.0,3.0,2.8,2.2,0,1,0
2744,1,82,38.7,77,1,0,1,1,3,44,0.9975640502598242,0.06975647374412546,103.0,155.0,94.0,109.33333333333333,24.2,22.3,29.320000000000004,36.18,39.0,58.0,57.2,61.0,3.0,2.0,3.0,2.3333333333333335,1,2,1
2745,1,181,43.4,36,1,0,1,0,2,45,0.9978589232386035,0.06540312923014327,82.0,160.0,98.2,117.2,38.7,31.0,31.8,36.24666666666667,77.0,59.0,52.6,58.93333333333333,3.0,3.0,2.8,2.2666666666666666,1,3,0
2746,1,167,37.3,55,1,0,1,0,2,46,0.9981347984218669,0.06104853953485691,181.0,65.0,118.6,120.33333333333333,43.4,26.8,33.9,36.45333333333334,36.0,66.0,50.4,59.666666666666664,2.0,3.0,2.6,2.3333333333333335,1,2,0
2747,1,95,24.4,62,0,1,0,1,2,47,0.9983916705573488,0.05669278756337759,167.0,60.0,125.6,117.93333333333334,37.3,25.9,33.6,36.63333333333333,55.0,45.0,53.8,59.46666666666667,2.0,3.0,2.4,2.3333333333333335,1,2,1
2748,1,193,44.3,66,1,0,0,0,1,48,0.9986295347545738,0.052335956242943966,95.0,103.0,143.6,122.33333333333333,24.4,24.2,37.62,36.34,62.0,39.0,59.2,57.93333333333333,2.0,3.0,2.0,2.2666666666666666,0,1,0
2749,1,79,39.1,79,0,0,0,1,1,49,0.9988483864849507,0.04797812852134391,193.0,82.0,143.0,118.06666666666666,44.3,38.7,37.699999999999996,35.72666666666667,66.0,77.0,59.6,58.8,1.0,3.0,1.6,2.3333333333333335,1,2,1
2750,1,74,31.6,86,0,1,0,0,1,50,0.9990482215818578,0.04361938736533601,79.0,181.0,121.6,118.33333333333333,39.1,43.4,35.339999999999996,34.92666666666666,79.0,36.0,69.6,61.86666666666667,1.0,2.0,1.4,2.3333333333333335,1,2,1
2751,1,149,40.2,75,0,1,0,0,1,51,0.9992290362407229,0.03925981575906889,74.0,167.0,118.0,116.06666666666666,31.6,37.3,35.92,34.29333333333333,86.0,55.0,73.6,62.266666666666666,1.0,2.0,1.2,2.2666666666666666,0,1,1
2752,1,89,27.8,64,0,1,1,0,2,52,0.9993908270190958,0.03489949670250086,149.0,95.0,116.8,118.26666666666667,40.2,24.4,36.6,33.72666666666667,75.0,62.0,74.0,61.0,1.0,2.0,1.2,2.1333333333333333,0,1,1
2753,1,198,30.4,43,1,0,1,0,2,53,0.9995335908367129,0.03053851320982282,89.0,193.0,117.8,123.33333333333333,27.8,44.3,33.82,32.49333333333333,64.0,66.0,69.4,60.666666666666664,2.0,1.0,1.4,2.066666666666667,0,0,0
2754,1,136,47.5,87,0,1,0,0,1,54,0.9996573249755573,0.02617694830787314,198.0,79.0,129.2,122.06666666666666,30.4,39.1,35.5,34.17333333333333,43.0,79.0,71.0,62.6,2.0,1.0,1.4,2.0,1,2,1
2755,1,183,28.7,73,0,0,0,0,0,55,0.9997620270799091,0.021814885034560937,136.0,74.0,151.0,123.6,47.5,31.6,34.92,34.02,87.0,86.0,68.4,63.53333333333333,1.0,1.0,1.2,1.8,1,3,1
2756,1,65,34.1,53,1,1,1,0,3,56,0.9998476951563913,0.017452406437283376,183.0,149.0,134.2,123.6,28.7,40.2,33.7,34.50666666666667,73.0,75.0,64.0,62.666666666666664,0.0,1.0,1.6,1.8,1,3,0
2757,1,97,46.7,55,0,1,1,0,2,57,0.999914327574007,0.013089595571344575,65.0,89.0,135.8,126.06666666666666,34.1,27.8,37.48,35.89333333333334,53.0,64.0,62.2,63.333333333333336,3.0,2.0,1.6,1.7333333333333334,0,1,0
2758,1,89,41.2,31,1,1,1,1,4,58,0.9999619230641713,0.008726535498374119,97.0,198.0,114.0,125.13333333333334,46.7,30.4,39.64,37.026666666666664,55.0,43.0,59.8,62.8,2.0,2.0,2.0,1.8,1,3,0
2759,1,65,21.9,68,0,0,0,1,1,59,0.9999904807207345,0.004363309284746582,89.0,136.0,99.8,124.0,41.2,47.5,34.519999999999996,35.906666666666666,31.0,87.0,56.0,62.2,4.0,1.0,2.0,1.6666666666666667,0,1,1
2760,1,131,24.4,77,0,0,0,0,0,0,1.0,6.123233995736766e-17,65.0,183.0,89.4,120.66666666666667,21.9,28.7,33.660000000000004,34.64,68.0,73.0,56.8,64.93333333333334,1.0,0.0,2.0,1.5333333333333334,0,0,1
2761,1,167,20.2,68,0,0,0,0,0,1,0.9999904807207345,-0.00436330928474646,131.0,65.0,109.8,120.66666666666667,24.4,34.1,30.880000000000003,33.5,77.0,53.0,59.8,65.8,0.0,3.0,1.4,1.4,0,1,1
2762,1,82,38.9,53,1,0,1,0,2,2,0.9999619230641713,-0.008726535498373997,167.0,97.0,106.8,119.8,20.2,46.7,29.32,34.46666666666667,68.0,55.0,59.4,65.2,0.0,2.0,1.4,1.4,1,2,0
2763,1,106,33.4,83,1,1,0,0,2,3,0.999914327574007,-0.013089595571344452,82.0,89.0,110.2,114.0,38.9,41.2,27.759999999999998,33.74,53.0,31.0,69.8,66.33333333333333,2.0,4.0,1.0,1.4666666666666666,0,0,1
2764,1,133,24.0,30,1,0,0,0,1,4,0.9998476951563913,-0.017452406437283255,106.0,65.0,123.8,117.6,33.4,21.9,28.179999999999996,32.733333333333334,83.0,68.0,62.2,63.06666666666667,2.0,1.0,1.0,1.4666666666666666,1,2,0
2765,1,79,48.7,32,1,0,1,0,2,5,0.9997620270799091,-0.02181488503456081,133.0,131.0,113.4,117.93333333333334,24.0,24.4,33.04,33.87333333333333,30.0,77.0,53.2,59.46666666666667,1.0,0.0,1.4,1.5333333333333334,1,2,0
2766,1,51,35.9,41,1,0,1,1,3,6,0.9996573249755573,-0.026176948307873017,79.0,167.0,90.2,111.4,48.7,20.2,36.18,33.586666666666666,32.0,68.0,47.8,57.2,2.0,0.0,2.0,1.6666666666666667,0,1,0
2767,1,159,27.3,69,0,1,1,1,3,7,0.999533590836713,-0.030538513209822475,51.0,82.0,105.6,116.06666666666666,35.9,38.9,33.86,33.55333333333333,41.0,53.0,51.0,57.53333333333333,3.0,2.0,2.2,1.7333333333333334,0,0,1
2768,1,140,35.0,30,0,1,1,0,2,8,0.9993908270190958,-0.03489949670250118,159.0,106.0,112.4,112.2,27.3,33.4,34.17999999999999,33.86,69.0,83.0,40.4,56.666666666666664,3.0,2.0,2.2,1.7333333333333334,1,3,0
2769,1,176,40.4,64,0,0,0,0,0,9,0.9992290362407229,-0.03925981575906877,140.0,133.0,121.0,114.86666666666666,35.0,24.0,37.459999999999994,33.38666666666667,30.0,30.0,47.2,55.13333333333333,2.0,1.0,2.0,1.6666666666666667,0,1,1
2770,1,57,22.3,67,1,0,1,0,2,10,0.9990482215818578,-0.04361938736533589,176.0,79.0,116.6,106.46666666666667,40.4,48.7,32.18,32.96,64.0,32.0,54.2,54.733333333333334,0.0,2.0,2.0,1.8,1,3,1
2771,1,190,28.2,46,0,1,1,1,3,11,0.9988483864849507,-0.04797812852134379,57.0,51.0,144.4,114.8,22.3,35.9,30.639999999999997,32.56666666666667,67.0,41.0,55.2,54.266666666666666,2.0,3.0,2.0,1.8,1,2,0
2772,1,87,44.2,36,1,0,0,1,2,12,0.9986295347545738,-0.05233595624294384,190.0,159.0,130.0,114.13333333333334,28.2,27.3,34.019999999999996,32.4,46.0,69.0,48.6,53.0,3.0,3.0,1.8,1.8,1,2,0
2773,1,192,33.8,87,1,0,1,0,2,13,0.9983916705573488,-0.05669278756337747,87.0,140.0,140.4,121.0,44.2,35.0,33.78,31.90666666666667,36.0,30.0,60.0,56.733333333333334,2.0,2.0,1.8,1.6666666666666667,1,2,1
2774,1,91,36.4,38,1,1,1,1,4,14,0.998134798421867,-0.06104853953485678,192.0,176.0,123.4,122.73333333333333,33.8,40.4,32.98,32.87333333333333,87.0,64.0,54.8,54.733333333333334,2.0,0.0,2.6,1.8666666666666667,1,3,0
2775,1,65,33.0,83,1,0,1,0,2,15,0.9978589232386035,-0.06540312923014314,91.0,57.0,125.0,118.33333333333333,36.4,22.3,35.120000000000005,33.446666666666665,38.0,67.0,58.0,55.13333333333333,4.0,2.0,2.6,2.0,0,1,1
2776,1,198,21.3,50,1,1,1,1,4,16,0.9975640502598242,-0.06975647374412533,65.0,190.0,126.6,120.4,33.0,28.2,33.739999999999995,33.52,83.0,46.0,58.8,53.93333333333333,2.0,3.0,2.8,2.2666666666666666,1,2,1
2777,1,157,25.0,64,0,0,0,1,1,17,0.9972501850994857,-0.074108490195399,198.0,87.0,140.6,125.4,21.3,44.2,29.9,32.593333333333334,50.0,36.0,64.4,54.666666666666664,4.0,2.0,2.6,2.2,0,0,1
2778,1,129,33.4,61,0,0,1,0,1,18,0.996917333733128,-0.07845909572784467,157.0,192.0,128.0,126.93333333333334,25.0,33.8,29.82,32.593333333333334,64.0,87.0,59.2,53.2,1.0,2.0,2.4,2.1333333333333333,0,1,1
2779,1,85,26.3,83,1,0,1,1,3,19,0.9965655024977614,-0.08280820751220423,129.0,91.0,126.8,123.73333333333333,33.4,36.4,27.8,32.74666666666666,61.0,38.0,68.2,56.733333333333334,1.0,4.0,2.2,2.2666666666666666,0,1,1
2780,1,60,21.5,41,0,1,0,1,2,20,0.9961946980917455,-0.08715574274765801,85.0,65.0,125.8,122.46666666666667,26.3,33.0,25.5,30.933333333333334,83.0,83.0,59.8,57.333333333333336,3.0,2.0,2.2,2.2666666666666666,1,2,0
2781,1,73,45.3,74,0,1,0,1,2,21,0.9958049275746618,-0.09150161866340217,60.0,198.0,100.8,123.93333333333334,21.5,21.3,30.3,31.560000000000002,41.0,50.0,64.6,59.53333333333333,2.0,4.0,1.8,2.2,0,0,1
2782,1,100,49.4,33,1,1,1,1,4,22,0.9953961983671789,-0.09584575252022395,73.0,157.0,89.4,120.0,45.3,25.0,35.18,33.03333333333333,74.0,64.0,58.4,57.13333333333333,2.0,1.0,2.4,2.2666666666666666,1,2,0
2783,1,182,43.8,64,0,0,1,1,2,23,0.9949685182509117,-0.1001880616120762,100.0,129.0,100.0,122.8,49.4,33.4,37.26,33.62,33.0,61.0,59.0,59.4,4.0,1.0,2.6,2.2666666666666666,0,1,0
2784,1,120,45.6,47,0,1,1,0,2,24,0.9945218953682734,-0.10452846326765333,182.0,85.0,107.0,119.06666666666666,43.8,26.3,41.11999999999999,33.96666666666667,64.0,83.0,51.8,58.266666666666666,2.0,3.0,2.4,2.4,1,2,0
2785,1,161,27.3,71,1,0,1,1,3,25,0.9940563382223196,-0.10886687485196461,120.0,60.0,127.2,126.0,45.6,21.5,42.279999999999994,34.3,47.0,41.0,57.8,58.53333333333333,2.0,2.0,2.6,2.466666666666667,1,2,1
2786,1,127,48.8,37,1,1,0,0,2,26,0.9935718556765875,-0.11320321376790671,161.0,73.0,138.0,121.8,27.3,45.3,42.98,35.673333333333325,71.0,74.0,50.4,57.93333333333333,3.0,2.0,2.6,2.4,0,0,0
2787,1,112,25.9,59,1,1,1,1,4,27,0.9930684569549263,-0.11753739745783758,127.0,100.0,140.4,123.46666666666667,48.8,49.4,38.279999999999994,34.45333333333333,37.0,33.0,55.6,59.46666666666667,2.0,4.0,2.6,2.533333333333333,1,2,1
2788,1,183,48.5,57,0,1,0,1,2,28,0.992546151641322,-0.12186934340514759,112.0,182.0,140.6,122.86666666666666,25.9,43.8,39.22,35.43333333333333,59.0,64.0,54.2,57.46666666666667,4.0,2.0,2.6,2.533333333333333,1,3,0
2789,1,101,49.8,84,0,0,1,1,2,29,0.992004949679715,-0.1261989691358298,183.0,120.0,136.8,123.53333333333333,48.5,45.6,40.06,36.32666666666667,57.0,47.0,61.6,60.53333333333333,2.0,2.0,2.6,2.4,1,3,1
2790,1,112,41.4,78,1,1,0,1,3,30,0.9914448613738104,-0.1305261922200516,101.0,161.0,127.0,126.66666666666667,49.8,27.3,42.879999999999995,36.88666666666666,84.0,71.0,63.0,60.2,2.0,3.0,2.6,2.466666666666667,0,1,1
2791,1,125,49.4,33,0,0,0,0,0,31,0.9908658973868824,-0.13485093027372275,112.0,127.0,126.6,121.8,41.4,48.8,42.99999999999999,38.76,78.0,37.0,62.2,59.06666666666667,3.0,2.0,2.2,2.2,0,1,0
2792,1,188,37.1,82,0,0,0,1,1,32,0.9902680687415704,-0.13917310096006535,125.0,112.0,141.8,123.86666666666666,49.4,25.9,45.239999999999995,39.56666666666667,33.0,59.0,66.8,60.266666666666666,0.0,4.0,1.6,2.2,1,2,1
2793,1,118,27.8,82,0,1,0,1,2,33,0.9896513868196702,-0.14349262199117918,188.0,183.0,128.8,123.13333333333334,37.1,48.5,41.1,39.193333333333335,82.0,57.0,71.8,61.666666666666664,1.0,2.0,1.6,2.2666666666666666,1,2,1
2794,1,155,33.1,81,0,0,0,1,1,34,0.9890158633619168,-0.14780941112961044,118.0,101.0,139.6,127.8,27.8,49.8,37.760000000000005,39.64666666666667,82.0,84.0,71.2,61.53333333333333,2.0,2.0,1.4,2.1333333333333333,1,2,1
2795,1,66,37.8,50,1,1,0,1,3,35,0.9883615104677607,-0.1521233861899167,155.0,112.0,130.4,128.2,33.1,41.4,37.040000000000006,40.733333333333334,81.0,78.0,65.6,62.13333333333333,1.0,3.0,1.4,2.2,1,2,0
2796,1,192,22.2,36,0,0,1,1,2,36,0.9876883405951378,-0.1564344650402308,66.0,125.0,143.8,136.13333333333333,37.8,49.4,31.6,39.193333333333335,50.0,33.0,66.2,59.6,3.0,0.0,1.8,2.2,1,2,0
2797,1,177,38.7,66,0,1,1,1,3,37,0.9869963665602319,-0.160742565603826,192.0,188.0,141.6,141.26666666666668,22.2,37.1,31.920000000000005,38.48,36.0,82.0,63.0,61.8,2.0,1.0,2.2,2.1333333333333333,0,1,1
2798,1,168,49.4,84,0,1,1,1,3,38,0.9862856015372314,-0.16504760586067727,177.0,118.0,151.6,140.33333333333334,38.7,27.8,36.239999999999995,38.85333333333333,66.0,82.0,63.4,63.13333333333333,3.0,2.0,2.4,2.2,1,2,1
2799,1,177,25.7,67,0,0,1,0,1,39,0.9855560590580777,-0.1693495038490246,168.0,155.0,156.0,144.13333333333333,49.4,33.1,34.760000000000005,37.526666666666664,84.0,81.0,60.6,64.46666666666667,3.0,1.0,2.4,2.1333333333333333,0,1,1
2800,1,69,43.8,83,1,0,1,1,3,40,0.984807753012208,-0.1736481776669303,177.0,66.0,156.6,138.0,25.7,37.8,35.959999999999994,38.626666666666665,67.0,50.0,67.2,65.26666666666667,1.0,3.0,2.4,2.1333333333333333,0,1,1
2801,1,56,47.2,87,0,1,1,1,3,41,0.9840406976462909,-0.1779435454738419,69.0,192.0,129.4,133.26666666666668,43.8,22.2,40.96,38.519999999999996,83.0,36.0,77.4,68.6,3.0,2.0,2.6,2.2,1,2,1
2802,1,61,48.3,53,1,0,1,1,3,42,0.9832549075639546,-0.18223552549214753,56.0,177.0,106.2,129.86666666666667,47.2,38.7,42.88,40.01333333333333,87.0,66.0,74.8,68.2,3.0,3.0,2.6,2.1333333333333333,0,1,0
2803,1,110,48.8,76,1,1,0,1,3,43,0.9824503977255097,-0.18652403600873466,61.0,168.0,94.6,125.0,48.3,49.4,42.760000000000005,40.03333333333333,53.0,84.0,73.2,69.46666666666667,3.0,3.0,2.6,2.2,1,2,1
2804,1,122,35.6,41,0,1,0,1,2,44,0.981627183447664,-0.19080899537654458,110.0,177.0,83.6,126.4,48.8,25.7,44.739999999999995,39.086666666666666,76.0,67.0,68.0,66.6,3.0,1.0,2.8,2.2,1,2,0
2805,1,79,49.3,66,1,0,1,0,2,45,0.9807852804032304,-0.1950903220161282,122.0,69.0,85.6,124.2,35.6,43.8,45.839999999999996,39.61333333333334,41.0,83.0,64.6,65.8,2.0,3.0,2.6,2.1333333333333333,1,2,0
2806,1,57,42.7,68,0,0,1,0,1,46,0.9799247046208296,-0.19936793441719708,79.0,56.0,85.8,119.66666666666667,49.3,47.2,44.940000000000005,39.166666666666664,66.0,87.0,60.8,68.13333333333334,2.0,3.0,2.2,2.2,0,1,1
2807,1,184,24.9,45,0,0,1,0,1,47,0.9790454724845838,-0.20364175114017732,57.0,61.0,110.4,119.4,42.7,48.3,40.260000000000005,38.35333333333334,68.0,53.0,59.2,65.66666666666667,1.0,3.0,1.8,2.2,0,1,0
2808,1,90,34.3,61,0,1,0,0,1,48,0.9781476007338057,-0.20791169081775934,184.0,110.0,106.4,117.53333333333333,24.9,48.8,37.36,38.78666666666666,45.0,76.0,56.2,64.26666666666667,1.0,3.0,1.4,2.1333333333333333,1,2,1
2809,1,58,41.5,77,0,1,0,1,2,49,0.9772311064626789,-0.21217767215644623,90.0,122.0,93.6,111.06666666666666,34.3,35.6,38.54,39.34666666666667,61.0,41.0,63.4,64.0,1.0,2.0,1.4,2.2,1,2,1
2810,1,115,27.4,54,0,1,0,1,2,50,0.9762960071199334,-0.2164396139381028,58.0,79.0,100.8,114.33333333333333,41.5,49.3,34.160000000000004,38.65333333333333,77.0,66.0,61.0,64.26666666666667,2.0,2.0,1.4,2.1333333333333333,0,0,1
2811,1,165,39.2,38,1,0,0,1,2,51,0.9753423205085128,-0.22069743502150074,115.0,57.0,122.4,112.53333333333333,27.4,42.7,33.459999999999994,39.78666666666667,54.0,68.0,55.0,64.4,2.0,1.0,1.6,2.1333333333333333,1,2,0
2812,1,180,40.0,46,0,0,0,1,1,52,0.9743700647852352,-0.22495105434386503,165.0,184.0,121.6,112.73333333333333,39.2,24.9,36.48,39.873333333333335,38.0,45.0,55.2,63.06666666666667,2.0,1.0,1.6,2.0,1,3,0
2813,1,96,24.9,65,1,1,1,1,4,53,0.9733792584604485,-0.22920039092241393,180.0,90.0,122.8,107.93333333333334,40.0,34.3,34.6,38.24,46.0,61.0,56.0,61.8,1.0,1.0,2.2,2.066666666666667,0,1,1
2814,1,50,37.0,84,1,1,0,0,2,54,0.9723699203976766,-0.23344536385590556,96.0,58.0,121.2,99.46666666666667,24.9,41.5,33.7,38.99333333333333,65.0,77.0,57.4,62.93333333333333,4.0,2.0,2.2,2.1333333333333333,1,2,1
2815,1,141,43.1,37,1,0,0,1,2,55,0.9713420698132614,-0.23768589232617318,50.0,115.0,126.4,104.26666666666667,37.0,27.4,36.839999999999996,38.94666666666667,84.0,54.0,54.0,59.86666666666667,2.0,2.0,2.2,2.066666666666667,0,0,0
2816,1,79,35.0,61,0,0,1,0,1,56,0.9702957262759965,-0.24192189559966779,141.0,165.0,109.2,105.8,43.1,39.2,36.0,38.13333333333333,37.0,38.0,58.6,58.13333333333333,2.0,2.0,2.0,1.9333333333333333,0,1,1
2817,1,164,20.4,90,0,0,1,0,1,57,0.9692309097067544,-0.24615329302899283,79.0,180.0,106.0,112.66666666666667,35.0,40.0,32.08,36.27333333333333,61.0,46.0,67.4,60.6,1.0,1.0,2.0,1.8,0,1,1
2818,1,87,20.3,30,0,0,1,0,1,58,0.9681476403781077,-0.2503800040544414,164.0,96.0,104.2,111.13333333333334,20.4,24.9,31.160000000000004,34.373333333333335,90.0,65.0,60.4,57.53333333333333,1.0,4.0,1.4,1.6666666666666667,1,3,0
2819,1,130,30.7,71,0,0,1,0,1,59,0.9670459389139432,-0.2546019482055275,87.0,50.0,120.2,111.66666666666667,20.3,37.0,29.9,34.04666666666667,30.0,84.0,57.8,59.53333333333333,1.0,2.0,1.2,1.6,1,3,1
2820,1,129,47.8,42,0,1,0,1,2,0,0.9659258262890683,-0.25881904510252063,130.0,141.0,117.8,115.0,30.7,43.1,30.839999999999996,33.946666666666665,71.0,37.0,58.8,57.93333333333333,1.0,2.0,1.2,1.6,1,2,0
2821,1,167,26.9,44,1,0,1,0,2,1,0.9647873238288129,-0.26303121445797484,129.0,79.0,135.4,122.33333333333333,47.8,35.0,29.22,32.89333333333333,42.0,61.0,55.4,56.333333333333336,2.0,1.0,1.4,1.6666666666666667,1,2,0
2822,1,62,39.0,54,0,0,0,0,0,2,0.963630453208623,-0.26723837607825685,167.0,164.0,115.0,114.2,26.9,20.4,32.94,33.833333333333336,44.0,90.0,48.2,56.93333333333333,2.0,1.0,1.2,1.6,0,1,0
2823,1,121,26.7,86,1,1,1,1,4,3,0.9624552364536473,-0.2714404498650742,62.0,87.0,121.8,116.26666666666667,39.0,20.3,34.22,33.32666666666667,54.0,30.0,59.4,58.6,0.0,1.0,1.8,1.8,1,3,1
2824,1,109,29.7,83,0,0,1,0,1,4,0.961261695938319,-0.27563735581699883,121.0,130.0,117.6,119.66666666666667,26.7,30.7,34.019999999999996,32.54,86.0,71.0,61.8,59.0,4.0,1.0,1.8,1.7333333333333334,0,1,1
2825,1,120,45.4,83,0,0,1,0,1,5,0.9600498543859287,-0.2798290140309919,109.0,129.0,115.8,120.0,29.7,47.8,33.54,33.74,83.0,42.0,70.0,60.93333333333333,1.0,2.0,1.6,1.6666666666666667,0,1,1
2826,1,99,41.9,88,1,1,1,1,4,6,0.9588197348681932,-0.2840153447039224,120.0,167.0,102.2,115.6,45.4,26.9,36.54,33.919999999999995,83.0,44.0,78.8,64.26666666666667,1.0,2.0,2.0,1.8,0,1,1
2827,1,136,22.9,43,0,0,1,0,1,7,0.9575713608048145,-0.28819626813408905,99.0,62.0,117.0,112.66666666666667,41.9,39.0,33.32,32.78,88.0,54.0,76.6,64.06666666666666,4.0,0.0,2.2,1.8,1,2,0
2828,1,193,32.9,87,0,0,0,1,1,8,0.9563047559630354,-0.2923717047227368,136.0,121.0,131.4,119.13333333333334,22.9,26.7,34.56,33.31333333333333,43.0,86.0,76.8,65.53333333333333,1.0,4.0,1.6,1.6,1,3,1
2829,1,138,20.9,30,0,0,0,1,1,9,0.9550199444571866,-0.29654157497557104,193.0,109.0,137.2,125.0,32.9,29.7,32.8,32.239999999999995,87.0,83.0,66.2,61.93333333333333,1.0,1.0,1.6,1.5333333333333334,0,1,0
2830,1,54,34.4,39,1,0,1,1,3,10,0.9537169507482269,-0.30070579950427295,138.0,120.0,124.0,119.2,20.9,45.4,30.6,31.66,30.0,83.0,57.4,62.06666666666667,1.0,1.0,2.0,1.6,1,2,0
2831,1,121,39.9,44,1,0,0,0,1,11,0.9523957996432784,-0.30486429902801077,54.0,99.0,128.4,122.0,34.4,41.9,30.2,31.986666666666665,39.0,88.0,48.6,60.93333333333333,3.0,4.0,1.4,1.6,0,1,0
2832,1,58,23.6,62,0,0,0,1,1,12,0.9510565162951536,-0.30901699437494734,121.0,136.0,112.8,114.93333333333334,39.9,22.9,30.339999999999996,32.2,44.0,43.0,52.4,59.06666666666667,1.0,1.0,1.4,1.6,1,2,1
2833,1,78,28.7,86,1,0,0,1,2,13,0.949699126201877,-0.3131638064837494,58.0,193.0,89.8,114.33333333333333,23.6,32.9,29.5,32.76,62.0,87.0,52.2,62.8,1.0,1.0,1.6,1.6666666666666667,1,2,1
2834,1,162,31.9,49,0,1,1,1,3,14,0.9483236552061993,-0.3173046564050922,78.0,138.0,94.6,116.46666666666667,28.7,20.9,31.7,32.839999999999996,86.0,30.0,56.0,61.333333333333336,2.0,1.0,2.0,1.8,1,2,0
2835,1,92,47.6,86,0,0,1,0,1,15,0.9469301294951057,-0.3214394653031616,162.0,54.0,102.2,114.0,31.9,34.4,34.339999999999996,32.82666666666667,49.0,39.0,65.4,64.26666666666667,3.0,3.0,1.6,1.7333333333333334,0,1,1
2836,1,176,49.8,55,1,0,0,1,2,16,0.9455185755993168,-0.32556815445715664,92.0,121.0,113.2,114.6,47.6,39.9,36.32,34.35333333333333,86.0,44.0,67.6,65.0,1.0,1.0,1.8,1.7333333333333334,0,1,0
2837,1,142,21.3,56,0,0,1,1,2,17,0.9440890203927843,-0.32969064526278696,176.0,58.0,130.0,119.93333333333334,49.8,23.6,35.86,33.17333333333333,55.0,62.0,66.4,65.13333333333334,2.0,1.0,2.0,1.8666666666666667,1,2,1
2838,1,193,42.8,76,1,0,0,0,1,18,0.9426414910921784,-0.3338068592337708,142.0,78.0,153.0,124.73333333333333,21.3,28.7,38.68,34.24666666666667,56.0,86.0,64.4,64.46666666666667,2.0,2.0,1.8,1.6666666666666667,1,2,1
2839,1,148,31.2,78,1,1,0,1,3,19,0.9411760152563707,-0.3379167180033268,193.0,162.0,150.2,127.33333333333333,42.8,31.9,38.54,34.346666666666664,76.0,49.0,70.2,64.13333333333334,1.0,3.0,1.8,1.8,1,2,1
2840,1,161,31.8,31,0,0,1,0,1,20,0.9396926207859084,-0.3420201433256685,148.0,92.0,164.0,130.06666666666666,31.2,47.6,35.379999999999995,33.44,78.0,86.0,59.2,60.666666666666664,3.0,1.0,1.8,1.8,1,2,0
2841,1,97,42.6,45,1,0,0,0,1,21,0.9381913359224842,-0.3461170570774929,161.0,176.0,148.2,129.93333333333334,31.8,49.8,33.94,33.486666666666665,31.0,55.0,57.2,57.8,1.0,2.0,1.6,1.6,0,1,0
2842,1,161,47.6,81,1,0,1,0,2,22,0.9366721892483977,-0.3502073812594673,97.0,142.0,152.0,131.6,42.6,21.3,39.2,35.13333333333333,45.0,56.0,62.2,60.333333333333336,1.0,2.0,1.6,1.6666666666666667,1,2,1
2843,1,56,48.5,85,0,1,0,1,2,23,0.9351352096860117,-0.35429103799771566,161.0,193.0,124.6,122.46666666666667,47.6,42.8,40.339999999999996,36.17333333333333,81.0,76.0,64.0,60.2,2.0,1.0,1.8,1.7333333333333334,0,1,1
2844,1,76,37.3,85,1,1,0,1,3,24,0.9335804264972017,-0.35836794954530027,56.0,148.0,110.2,118.33333333333333,48.5,31.2,41.56,37.266666666666666,85.0,78.0,65.4,63.86666666666667,2.0,3.0,1.8,1.8666666666666667,0,1,1
2845,1,78,30.7,75,1,1,0,1,3,25,0.9320078692827986,-0.3624380382837016,76.0,161.0,93.6,119.93333333333334,37.3,31.8,41.339999999999996,37.02,85.0,31.0,74.2,66.26666666666667,3.0,1.0,2.2,1.8666666666666667,0,1,1
2846,1,59,43.6,47,0,1,1,1,3,26,0.9304175679820246,-0.3665012267242972,78.0,97.0,86.0,115.8,30.7,42.6,41.54,37.266666666666666,75.0,45.0,74.6,66.46666666666667,3.0,1.0,2.6,2.0,0,1,0
2847,1,83,27.5,60,0,0,1,0,1,27,0.9288095528719242,-0.3705574375098363,59.0,161.0,70.4,117.46666666666667,43.6,47.6,37.519999999999996,37.52666666666667,47.0,81.0,70.4,66.33333333333333,3.0,2.0,2.4,2.0,1,2,1
2848,1,79,36.9,54,1,0,0,0,1,28,0.9271838545667874,-0.37460659341591207,83.0,56.0,75.0,117.53333333333333,27.5,48.5,35.199999999999996,38.07333333333334,60.0,85.0,64.2,64.2,1.0,2.0,2.2,1.9333333333333333,0,1,0
2849,1,176,30.8,44,1,0,1,1,3,29,0.9255405040175664,-0.37864861735243294,79.0,76.0,95.0,118.46666666666667,36.9,37.3,33.9,38.0,54.0,85.0,56.0,63.86666666666667,1.0,3.0,2.2,1.9333333333333333,1,2,0
2850,1,76,39.7,55,0,0,1,1,2,30,0.9238795325112868,-0.3826834323650895,176.0,78.0,94.6,117.4,30.8,30.7,35.7,37.473333333333336,44.0,75.0,52.0,61.8,3.0,3.0,2.0,2.0,0,1,0
2851,1,134,27.2,47,1,1,0,1,3,31,0.9222009716704519,-0.3867109616368205,76.0,59.0,109.6,114.6,39.7,43.6,32.42,35.96666666666667,55.0,47.0,52.0,61.266666666666666,2.0,3.0,2.0,2.066666666666667,1,2,0
2852,1,149,25.7,57,0,1,1,0,2,32,0.9205048534524404,-0.3907311284892736,134.0,83.0,122.8,115.06666666666666,27.2,27.5,32.06,36.26,47.0,60.0,51.4,61.333333333333336,3.0,1.0,2.2,2.066666666666667,1,3,1
2853,1,93,47.5,52,0,1,0,0,1,33,0.9187912101488984,-0.39474385638426707,149.0,79.0,125.6,108.4,25.7,36.9,34.18,36.57333333333334,57.0,54.0,51.0,59.733333333333334,2.0,1.0,2.2,2.066666666666667,1,3,0
2854,1,119,23.1,68,0,1,1,0,2,34,0.917060074385124,-0.39874906892524614,93.0,176.0,114.2,106.46666666666667,47.5,30.8,32.64,36.03333333333333,52.0,44.0,55.8,59.06666666666667,1.0,3.0,2.0,2.0,1,3,1
2855,1,112,35.2,41,1,1,0,1,3,35,0.9153114791194472,-0.40274668985873713,119.0,76.0,121.4,103.2,23.1,39.7,31.74,36.26,68.0,55.0,53.0,59.733333333333334,2.0,2.0,2.2,2.1333333333333333,0,0,0
2856,1,161,26.6,52,1,0,0,0,1,36,0.913545457642601,-0.40673664307580004,112.0,134.0,126.8,107.46666666666667,35.2,27.2,31.620000000000005,35.193333333333335,41.0,47.0,54.0,60.2,3.0,3.0,1.8,2.1333333333333333,0,1,1
2857,1,126,21.2,89,0,1,1,0,2,37,0.9117620435770886,-0.4107188526134773,161.0,149.0,122.2,105.13333333333334,26.6,25.7,30.72,33.43333333333333,52.0,57.0,60.4,60.733333333333334,1.0,2.0,1.8,2.1333333333333333,0,0,1
2858,1,137,21.1,85,0,1,1,0,2,38,0.9099612708765433,-0.4146932426562388,126.0,93.0,131.0,110.53333333333333,21.2,47.5,25.44,31.606666666666666,89.0,52.0,67.0,60.733333333333334,2.0,1.0,2.0,2.1333333333333333,1,3,1
2859,1,60,25.3,87,1,1,1,0,3,39,0.9081431738250813,-0.41865973753742824,137.0,119.0,119.2,109.46666666666667,21.1,23.1,25.880000000000003,30.80666666666667,85.0,68.0,70.8,60.86666666666667,2.0,2.0,2.2,2.1333333333333333,0,1,1
2860,1,81,46.0,42,0,0,1,1,2,40,0.90630778703665,-0.42261826174069933,60.0,112.0,113.0,109.66666666666667,25.3,35.2,28.04,31.826666666666668,87.0,41.0,71.0,58.666666666666664,3.0,3.0,2.0,2.066666666666667,1,2,0
2861,1,142,28.5,33,0,0,0,1,1,41,0.904455145454368,-0.4265687399014584,81.0,161.0,109.2,115.2,46.0,26.6,28.420000000000005,30.82,42.0,52.0,67.2,57.733333333333334,2.0,1.0,2.0,1.9333333333333333,0,1,0
2862,1,113,48.5,40,0,0,0,1,1,42,0.9025852843498605,-0.43051109680829536,142.0,126.0,106.6,117.2,28.5,21.2,33.88,32.22,33.0,89.0,57.4,56.4,1.0,2.0,1.8,1.9333333333333333,0,1,0
2863,1,182,37.4,87,1,1,1,0,3,43,0.9006982393225879,-0.43444525740441703,113.0,137.0,115.6,124.06666666666666,48.5,21.1,37.14,32.25333333333334,40.0,85.0,57.8,58.6,1.0,2.0,2.0,2.066666666666667,1,2,1
2864,1,101,33.1,39,0,0,1,1,2,44,0.8987940462991671,-0.4383711467890771,182.0,60.0,123.8,119.06666666666666,37.4,25.3,38.7,32.406666666666666,87.0,87.0,48.2,58.266666666666666,3.0,3.0,1.8,2.0,1,2,0
2865,1,152,37.4,70,1,1,1,1,4,45,0.8968727415326884,-0.44228869021900113,101.0,81.0,138.0,124.13333333333334,33.1,46.0,36.980000000000004,32.25333333333333,39.0,42.0,53.8,59.266666666666666,2.0,2.0,2.2,2.1333333333333333,1,2,1
2866,1,173,35.5,36,0,0,1,1,2,46,0.894934361602025,-0.4461978131098088,152.0,142.0,144.2,126.73333333333333,37.4,28.5,38.38,32.806666666666665,70.0,33.0,54.4,58.53333333333333,4.0,1.0,2.4,2.066666666666667,0,0,0
2867,1,93,42.8,47,1,1,0,0,2,47,0.8929789434111371,-0.4500984410374348,173.0,113.0,140.2,123.0,35.5,48.5,37.239999999999995,33.946666666666665,36.0,40.0,55.8,57.86666666666667,2.0,1.0,2.6,2.066666666666667,1,2,0
2868,1,74,28.5,71,1,0,1,0,2,48,0.8910065241883679,-0.45399049973954675,93.0,182.0,118.6,121.73333333333333,42.8,37.4,35.459999999999994,32.68,47.0,87.0,52.6,59.13333333333333,2.0,3.0,2.4,2.1333333333333333,1,2,1
2869,1,157,30.6,62,1,0,1,0,2,49,0.8890171414857364,-0.45787391511695685,74.0,101.0,129.8,124.26666666666667,28.5,33.1,34.96,33.18,71.0,39.0,57.2,58.733333333333334,2.0,2.0,2.4,2.1333333333333333,0,1,1
2870,1,120,46.8,83,1,1,1,0,3,50,0.8870108331782218,-0.4617486132350338,157.0,152.0,123.4,124.8,30.6,37.4,36.839999999999996,33.95333333333333,62.0,70.0,59.8,61.53333333333333,2.0,4.0,2.2,2.1333333333333333,0,1,1
2871,1,66,48.4,30,0,1,1,0,2,51,0.8849876374630421,-0.465614520325111,120.0,173.0,102.0,118.46666666666667,46.8,35.5,39.42,35.406666666666666,83.0,36.0,58.6,60.06666666666667,3.0,2.0,2.2,2.2,0,1,0
2872,1,79,46.8,74,0,1,0,0,1,52,0.8829475928589269,-0.4694715627858909,66.0,93.0,99.2,115.33333333333333,48.4,42.8,40.22,37.11333333333333,30.0,47.0,64.0,59.06666666666667,2.0,2.0,2.0,2.1333333333333333,1,2,1
2873,1,176,32.6,72,1,0,0,0,1,53,0.8808907382053855,-0.4733196671848433,79.0,74.0,119.6,117.93333333333334,46.8,28.5,41.04,37.879999999999995,74.0,71.0,64.2,58.2,1.0,2.0,1.8,2.066666666666667,1,2,1
2874,1,120,43.4,48,0,0,1,0,1,54,0.8788171126619654,-0.47715876025960846,176.0,157.0,112.2,121.93333333333334,32.6,30.6,43.599999999999994,39.086666666666666,72.0,62.0,61.4,55.6,1.0,2.0,1.6,1.9333333333333333,1,3,0
2875,1,180,34.3,43,0,0,1,0,1,55,0.8767267557075076,-0.48098876891938785,120.0,120.0,124.2,128.53333333333333,43.4,46.8,41.1,38.306666666666665,48.0,83.0,53.4,55.666666666666664,1.0,3.0,1.2,1.8666666666666667,0,1,0
2876,1,75,34.9,56,1,1,1,0,3,56,0.8746197071393959,-0.484809620246337,180.0,66.0,126.0,124.06666666666666,34.3,48.4,38.4,38.733333333333334,43.0,30.0,58.6,57.2,1.0,2.0,1.4,2.0,0,1,0
2877,1,105,26.1,69,1,1,1,0,3,57,0.8724960070727973,-0.4886212414969547,75.0,79.0,131.2,123.53333333333333,34.9,46.8,34.260000000000005,37.24,56.0,74.0,57.6,59.13333333333333,3.0,1.0,1.8,2.1333333333333333,1,3,1
2878,1,151,37.7,82,0,0,1,1,2,58,0.8703556959398997,-0.492423560103467,105.0,176.0,126.2,121.46666666666667,26.1,32.6,35.279999999999994,37.26,69.0,72.0,59.6,58.8,3.0,1.0,2.0,2.066666666666667,1,2,1
2879,1,172,25.6,82,1,0,0,0,1,59,0.8681988144891423,-0.49621650367520825,151.0,120.0,136.6,126.2,37.7,43.4,31.720000000000006,36.76,82.0,48.0,66.4,61.666666666666664,2.0,1.0,2.0,2.0,0,1,1
2880,2,115,29.9,46,1,1,0,1,3,0,0.8660254037844387,-0.49999999999999983,172.0,180.0,123.6,123.73333333333333,25.6,34.3,30.839999999999996,36.26,82.0,43.0,67.0,60.06666666666667,1.0,1.0,2.4,1.9333333333333333,0,1,0
2881,2,89,45.7,64,1,0,1,0,2,1,0.8638355052043956,-0.5037739770455266,115.0,75.0,126.4,118.13333333333334,29.9,34.9,33.0,36.940000000000005,46.0,56.0,68.6,61.93333333333333,3.0,3.0,2.2,1.9333333333333333,1,2,0
2882,2,106,26.2,81,0,0,1,1,2,2,0.8616291604415257,-0.5075383629607043,89.0,105.0,126.6,119.0,45.7,26.1,33.02,35.833333333333336,64.0,69.0,71.0,64.2,2.0,3.0,2.0,1.9333333333333333,1,2,1
2883,2,74,22.1,65,1,0,1,0,2,3,0.8594064115014528,-0.5112930860770519,106.0,151.0,111.2,119.0,26.2,37.7,29.9,35.406666666666666,81.0,82.0,67.6,63.8,2.0,2.0,2.0,1.9333333333333333,1,2,1
2884,2,121,22.1,37,0,1,1,1,3,4,0.8571673007021124,-0.5150380749100538,74.0,172.0,101.0,116.6,22.1,25.6,29.2,34.84,65.0,82.0,58.6,62.13333333333333,2.0,1.0,2.4,2.0,1,2,0
2885,2,126,48.2,48,0,0,1,0,1,5,0.8549118706729465,-0.5187732581605217,121.0,115.0,103.2,117.0,22.1,29.9,32.86,34.93333333333333,37.0,46.0,59.0,59.8,3.0,3.0,2.0,1.8666666666666667,1,3,0
2886,2,123,35.2,66,0,1,0,1,2,6,0.8526401643540923,-0.5224985647159488,126.0,89.0,110.0,120.8,48.2,45.7,30.76,34.053333333333335,48.0,64.0,59.4,62.2,1.0,2.0,2.0,1.8666666666666667,1,2,1
2887,2,151,32.3,72,1,1,1,0,3,7,0.8503522249955628,-0.5262139236518697,123.0,106.0,119.0,125.6,35.2,26.2,31.98,33.086666666666666,66.0,81.0,57.6,62.06666666666667,2.0,2.0,2.2,2.0,1,2,1
2888,2,103,44.3,83,0,0,1,0,1,8,0.8480480961564261,-0.5299192642332048,151.0,74.0,124.8,120.73333333333333,32.3,22.1,36.42,33.86666666666667,72.0,65.0,61.2,62.8,3.0,2.0,2.0,2.0,0,1,1
2889,2,179,45.1,68,0,1,1,1,3,9,0.8457278217039732,-0.5336145159156115,103.0,121.0,136.4,124.66666666666667,44.3,22.1,41.019999999999996,33.98,83.0,37.0,67.4,64.13333333333334,1.0,3.0,2.0,2.1333333333333333,1,3,1
2890,2,99,30.0,88,1,0,0,0,1,10,0.8433914458128858,-0.5372996083468236,179.0,126.0,131.0,119.26666666666667,45.1,48.2,37.38,33.693333333333335,68.0,48.0,75.4,67.13333333333334,3.0,1.0,2.0,2.1333333333333333,1,2,1
2891,2,143,40.8,77,0,0,1,1,2,11,0.8410390129643925,-0.5409744713679938,99.0,123.0,135.0,123.8,30.0,35.2,38.49999999999999,34.086666666666666,88.0,66.0,77.6,68.53333333333333,1.0,2.0,2.0,2.066666666666667,1,2,1
2892,2,160,43.1,76,1,0,0,1,2,12,0.8386705679454243,-0.5446390350150268,143.0,151.0,136.8,127.46666666666667,40.8,32.3,40.660000000000004,35.220000000000006,77.0,72.0,78.4,69.0,2.0,3.0,1.8,2.0,1,2,1
2893,2,148,39.6,57,1,1,0,0,2,13,0.8362861558477597,-0.5482932295199137,160.0,103.0,145.8,127.26666666666667,43.1,44.3,39.72,35.346666666666664,76.0,83.0,73.2,67.33333333333333,2.0,1.0,2.0,2.0,1,2,0
2894,2,148,24.5,74,0,0,1,0,1,14,0.8338858220671684,-0.5519369853120578,148.0,179.0,139.6,125.66666666666667,39.6,45.1,35.6,35.27333333333333,57.0,68.0,74.4,66.8,2.0,3.0,1.6,2.0,0,1,1
2895,2,146,46.3,90,0,0,1,0,1,15,0.8314696123025451,-0.5555702330196024,148.0,99.0,149.0,127.73333333333333,24.5,30.0,38.86,36.36666666666667,74.0,88.0,74.8,69.73333333333333,1.0,1.0,1.6,1.8666666666666667,1,3,1
2896,2,58,36.2,71,0,0,0,1,1,16,0.8290375725550417,-0.5591929034707467,146.0,143.0,132.0,125.66666666666667,46.3,40.8,37.940000000000005,35.733333333333334,90.0,77.0,73.6,70.2,1.0,2.0,1.4,1.8,0,0,1
2897,2,50,28.5,57,1,1,0,1,3,17,0.8265897491271889,-0.5628049276950683,58.0,160.0,110.0,121.93333333333334,36.2,43.1,35.02,35.88666666666666,71.0,76.0,69.8,68.6,1.0,2.0,1.6,1.8666666666666667,1,3,1
2898,2,105,32.8,65,0,0,1,0,1,18,0.8241261886220155,-0.566406236924833,50.0,148.0,101.4,124.0,28.5,39.6,33.66,36.6,57.0,57.0,71.4,68.6,3.0,2.0,1.4,1.8,1,2,1
2899,2,75,21.1,31,0,0,1,1,2,19,0.8216469379421637,-0.569996762596303,105.0,148.0,86.8,120.93333333333334,32.8,24.5,32.98,36.53333333333333,65.0,74.0,62.8,68.2,1.0,1.0,1.6,1.7333333333333334,0,1,0
2900,2,138,23.8,89,0,0,0,0,0,20,0.8191520442889917,-0.5735764363510462,75.0,146.0,85.2,121.73333333333333,21.1,46.3,28.48,34.906666666666666,31.0,90.0,62.6,70.93333333333334,2.0,1.0,1.4,1.6666666666666667,1,3,1
2901,2,164,43.0,38,1,1,1,0,3,21,0.816641555161679,-0.5771451900372335,138.0,58.0,106.4,124.46666666666667,23.8,36.2,29.839999999999996,35.42666666666666,89.0,71.0,56.0,69.06666666666666,0.0,1.0,1.8,1.7333333333333334,0,0,0
2902,2,66,20.0,90,1,0,0,1,2,22,0.8141155183563192,-0.5807029557109398,164.0,50.0,109.6,118.8,43.0,28.5,28.139999999999997,34.60666666666667,38.0,57.0,62.6,70.26666666666667,3.0,3.0,1.6,1.6666666666666667,0,1,1
2903,2,151,32.5,72,1,1,1,0,3,23,0.8115739819650124,-0.5842496656374342,66.0,105.0,118.8,122.0,20.0,32.8,28.080000000000002,33.82,90.0,65.0,64.0,69.53333333333333,2.0,1.0,2.0,1.8,0,1,1
2904,2,175,35.7,39,1,0,0,1,2,24,0.8090169943749475,-0.587785252292473,151.0,75.0,138.8,121.73333333333333,32.5,21.1,31.0,33.193333333333335,72.0,31.0,65.6,67.6,3.0,2.0,2.0,1.7333333333333334,1,2,0
2905,2,66,21.6,78,1,0,1,1,3,25,0.8064446042674828,-0.5913096483635821,175.0,138.0,124.4,119.53333333333333,35.7,23.8,30.559999999999995,32.63333333333333,39.0,89.0,63.4,66.93333333333334,2.0,0.0,2.6,1.8666666666666667,1,3,1
2906,2,154,49.2,40,0,1,1,0,2,26,0.8038568606172174,-0.5948227867513411,66.0,164.0,122.4,120.26666666666667,21.6,43.0,31.8,33.193333333333335,78.0,38.0,63.8,64.46666666666667,3.0,3.0,2.4,1.8666666666666667,1,3,0
2907,2,137,26.8,46,0,0,1,0,1,27,0.8012538126910609,-0.5983246005706587,154.0,66.0,136.6,118.73333333333333,49.2,20.0,33.160000000000004,32.10666666666667,40.0,90.0,55.0,62.46666666666667,2.0,2.0,2.2,1.8,1,2,0
2908,2,131,29.1,30,0,1,1,1,3,28,0.7986355100472927,-0.6018150231520484,137.0,151.0,132.6,117.6,26.8,32.5,32.480000000000004,31.40666666666667,46.0,72.0,46.6,60.666666666666664,1.0,3.0,2.2,1.8666666666666667,1,2,0
2909,2,157,29.1,74,0,0,0,0,0,29,0.7960020025346222,-0.6052939880428942,131.0,175.0,129.0,118.2,29.1,35.7,31.160000000000004,31.71333333333333,30.0,39.0,53.6,60.666666666666664,3.0,2.0,1.8,1.8,0,1,1
2910,2,65,26.9,77,1,0,0,1,2,30,0.7933533402912352,-0.6087614290087207,157.0,66.0,128.8,112.8,29.1,21.6,32.220000000000006,30.42,74.0,78.0,53.4,59.8,0.0,3.0,1.6,1.8666666666666667,1,2,1
2911,2,146,20.0,76,1,1,1,0,3,31,0.7906895737438432,-0.6122172800344495,65.0,154.0,127.2,118.66666666666667,26.9,49.2,26.380000000000003,29.34,77.0,40.0,60.6,60.13333333333333,2.0,2.0,1.8,2.0,1,2,1
2912,2,177,41.9,79,0,1,0,1,2,32,0.788010753606722,-0.6156614753256583,146.0,137.0,135.2,127.13333333333334,20.0,26.8,29.4,30.233333333333334,76.0,46.0,67.2,61.6,3.0,1.0,2.0,1.9333333333333333,0,1,1
2913,2,132,49.0,90,0,0,1,0,1,33,0.7853169308807448,-0.6190939493098341,177.0,131.0,135.4,128.93333333333334,41.9,29.1,33.38,31.313333333333333,79.0,30.0,79.2,63.266666666666666,2.0,3.0,1.6,1.9333333333333333,1,2,1
2914,2,112,26.7,50,1,1,0,1,3,34,0.782608156852414,-0.6225146366376194,132.0,157.0,126.4,131.4,49.0,29.1,32.9,31.686666666666667,90.0,74.0,74.4,64.53333333333333,1.0,0.0,2.2,2.0,0,1,0
2915,2,167,39.9,75,0,0,0,1,1,35,0.7798844830928817,-0.6259234721840591,112.0,65.0,146.8,133.33333333333334,26.7,26.9,35.5,32.76,50.0,77.0,74.0,63.6,3.0,2.0,2.0,2.066666666666667,0,1,1
2916,2,158,42.3,71,0,1,0,1,2,36,0.777145961456971,-0.6293203910498373,167.0,146.0,149.2,132.93333333333334,39.9,20.0,39.96,32.71333333333333,75.0,76.0,73.0,65.8,1.0,3.0,1.8,2.0,1,2,1
2917,2,120,45.5,54,1,1,0,1,3,37,0.7743926440821857,-0.632705328562516,158.0,177.0,137.8,136.53333333333333,42.3,41.9,40.67999999999999,34.413333333333334,71.0,79.0,68.0,63.4,2.0,2.0,2.0,2.066666666666667,1,2,0
2918,2,150,32.7,70,1,0,1,0,2,38,0.7716245833877202,-0.6360782202777637,120.0,132.0,141.4,136.46666666666667,45.5,49.0,37.42,34.42666666666666,54.0,90.0,64.0,63.266666666666666,3.0,1.0,2.2,2.0,1,2,1
2919,2,114,29.1,47,1,0,0,1,2,39,0.7688418320734596,-0.6394390019805847,150.0,112.0,141.8,132.4,32.7,26.7,37.9,33.986666666666665,70.0,50.0,63.4,63.8,2.0,3.0,2.0,2.0,1,2,0
2920,2,116,29.8,40,1,0,1,1,3,40,0.7660444431189783,-0.642787609686539,114.0,167.0,131.6,135.73333333333332,29.1,39.9,35.88,34.53333333333333,47.0,75.0,56.4,61.266666666666666,2.0,1.0,2.4,2.0,0,1,0
2921,2,66,41.4,80,0,1,0,1,2,41,0.7632324697825288,-0.646123979642964,116.0,158.0,113.2,129.86666666666667,29.8,42.3,35.7,34.013333333333335,40.0,71.0,58.2,63.93333333333333,3.0,2.0,2.4,2.0,1,2,1
2922,2,77,44.5,79,0,0,1,0,1,42,0.760405965600031,-0.6494480483301835,66.0,120.0,104.6,125.86666666666666,41.4,45.5,35.5,35.193333333333335,80.0,54.0,63.2,66.13333333333334,2.0,3.0,2.0,2.0,0,1,1
2923,2,151,25.4,53,0,0,1,0,1,43,0.7575649843840495,-0.6527597524627226,77.0,150.0,104.8,127.2,44.5,32.7,34.04,34.946666666666665,79.0,70.0,59.8,67.66666666666667,1.0,2.0,1.8,1.8666666666666667,1,2,1
2924,2,200,31.1,67,1,0,0,0,1,44,0.7547095802227721,-0.6560590289905072,151.0,114.0,122.0,130.06666666666666,25.4,29.1,34.44,35.080000000000005,53.0,47.0,63.8,67.2,1.0,2.0,1.6,1.9333333333333333,1,3,1
2925,2,143,47.1,65,0,0,1,1,2,45,0.7518398074789774,-0.6593458151000688,200.0,116.0,127.4,135.26666666666668,31.1,29.8,37.9,36.42666666666666,67.0,40.0,68.8,66.4,1.0,3.0,1.4,1.9333333333333333,0,1,0
2926,2,167,44.2,77,1,0,1,1,3,46,0.748955720789002,-0.6626200482157376,143.0,66.0,147.6,136.66666666666666,47.1,41.4,38.46,38.04,65.0,80.0,68.2,66.46666666666667,2.0,2.0,1.6,1.9333333333333333,0,1,1
2927,2,53,49.5,52,1,1,0,1,3,47,0.7460573750616996,-0.6658816660008342,167.0,77.0,142.8,128.4,44.2,44.5,39.46,38.54666666666667,77.0,79.0,62.8,64.66666666666667,3.0,1.0,2.0,2.0,1,2,0
2928,2,123,42.6,73,1,0,1,0,2,48,0.7431448254773942,-0.6691306063588582,53.0,151.0,137.2,127.8,49.5,25.4,42.9,38.12,52.0,53.0,66.8,63.53333333333333,3.0,1.0,2.2,2.066666666666667,1,2,1
2929,2,172,31.8,84,0,1,0,0,1,49,0.7402181274868322,-0.6723668074346679,123.0,200.0,131.6,131.8,42.6,31.1,43.04,38.46,73.0,67.0,70.2,65.8,2.0,1.0,2.2,1.9333333333333333,0,1,1
2930,2,85,37.7,43,1,1,1,1,4,50,0.7372773368101241,-0.6755902076156602,172.0,143.0,120.0,126.33333333333333,31.8,47.1,41.160000000000004,38.313333333333325,84.0,65.0,65.8,63.666666666666664,1.0,2.0,2.6,2.1333333333333333,1,2,0
2931,2,123,39.8,51,1,1,1,1,4,51,0.7343225094356858,-0.6788007455329416,85.0,167.0,111.2,124.0,37.7,44.2,40.28,38.14666666666667,43.0,77.0,60.6,62.333333333333336,4.0,3.0,2.8,2.2666666666666666,0,0,0
2932,2,118,22.4,62,0,0,1,0,1,52,0.7313537016191706,-0.6819983600624984,123.0,53.0,124.2,123.86666666666666,39.8,49.5,34.86,36.60666666666667,51.0,52.0,62.6,62.86666666666667,4.0,3.0,2.4,2.1333333333333333,1,2,1
2933,2,142,36.3,76,1,0,0,0,1,53,0.7283709698824006,-0.6851829903263589,118.0,123.0,128.0,123.33333333333333,22.4,42.6,33.599999999999994,36.846666666666664,62.0,73.0,63.2,63.266666666666666,1.0,2.0,2.2,2.066666666666667,1,2,1
2934,2,107,41.3,40,1,1,1,0,3,54,0.7253743710122875,-0.6883545756937541,142.0,172.0,115.0,122.86666666666666,36.3,31.8,35.5,37.66,76.0,84.0,54.4,62.8,1.0,1.0,2.6,2.1333333333333333,0,1,0
2935,2,136,25.0,51,0,0,0,0,0,55,0.7223639620597556,-0.6915130557822693,107.0,85.0,125.2,124.2,41.3,37.7,32.96,37.34,40.0,43.0,56.0,63.53333333333333,3.0,4.0,1.8,1.9333333333333333,1,2,1
2936,2,68,43.4,40,1,1,0,1,3,56,0.7193398003386511,-0.6946583704589974,136.0,123.0,114.2,124.33333333333333,25.0,39.8,33.67999999999999,37.473333333333336,51.0,51.0,53.8,60.86666666666667,0.0,4.0,1.6,2.0,0,1,0
2937,2,192,37.5,81,1,1,0,1,3,57,0.7163019434246544,-0.69779045984168,68.0,118.0,129.0,132.0,43.4,22.4,36.7,37.00666666666667,40.0,62.0,57.6,61.0,3.0,1.0,2.0,2.1333333333333333,0,1,1
2938,2,58,48.6,88,0,1,1,0,2,58,0.7132504491541816,-0.7009092642998509,192.0,142.0,112.2,125.8,37.5,36.3,39.160000000000004,38.553333333333335,81.0,76.0,60.0,63.333333333333336,3.0,1.0,2.2,2.2,1,2,1
2939,2,87,21.3,45,1,1,1,0,3,59,0.7101853756232855,-0.7040147244559682,58.0,107.0,108.2,118.26666666666667,48.6,41.3,35.16,37.9,88.0,40.0,61.0,61.86666666666667,2.0,3.0,2.2,2.3333333333333335,0,1,0
2940,2,65,28.0,63,1,0,1,1,3,0,0.7071067811865476,-0.7071067811865475,87.0,136.0,94.0,113.06666666666666,21.3,25.0,35.76,36.626666666666665,45.0,51.0,63.4,61.733333333333334,3.0,0.0,2.8,2.4,0,1,1
2941,2,67,38.0,60,0,1,0,1,2,1,0.7040147244559682,-0.7101853756232854,65.0,68.0,93.8,106.4,28.0,43.4,34.67999999999999,36.21333333333334,63.0,40.0,67.4,60.6,3.0,3.0,2.6,2.3333333333333335,0,1,0
2942,2,152,28.9,30,1,0,1,1,3,2,0.700909264299851,-0.7132504491541815,67.0,192.0,85.8,113.0,38.0,37.5,32.959999999999994,34.84,60.0,81.0,57.2,59.13333333333333,2.0,3.0,2.6,2.3333333333333335,0,1,0
2943,2,121,41.4,75,1,1,1,1,4,3,0.6977904598416802,-0.7163019434246543,152.0,58.0,98.4,112.86666666666666,28.9,48.6,31.52,34.76,30.0,88.0,54.6,59.266666666666666,3.0,2.0,3.0,2.466666666666667,1,2,1
2944,2,161,42.8,56,0,0,1,1,2,4,0.6946583704589975,-0.719339800338651,121.0,87.0,113.2,112.13333333333334,41.4,21.3,35.82000000000001,35.49333333333333,75.0,45.0,56.8,57.4,4.0,3.0,2.8,2.533333333333333,0,1,0
2945,2,184,23.1,36,1,0,0,0,1,5,0.6915130557822695,-0.7223639620597555,161.0,65.0,137.0,118.73333333333333,42.8,28.0,34.84,34.519999999999996,56.0,63.0,51.4,56.93333333333333,2.0,3.0,2.4,2.3333333333333335,0,1,0
2946,2,85,35.4,40,1,0,1,1,3,6,0.6883545756937542,-0.7253743710122874,184.0,67.0,140.6,116.2,23.1,38.0,34.31999999999999,34.22666666666667,36.0,60.0,47.4,56.2,1.0,2.0,2.6,2.2666666666666666,1,2,0
2947,2,166,35.3,47,1,0,1,1,3,7,0.685182990326359,-0.7283709698824005,85.0,152.0,143.4,119.4,35.4,28.9,35.6,35.086666666666666,40.0,30.0,50.8,55.2,3.0,3.0,2.6,2.4,1,2,0
2948,2,132,31.1,76,1,1,1,1,4,8,0.6819983600624986,-0.7313537016191705,166.0,121.0,145.6,118.73333333333333,35.3,41.4,33.54,34.74,47.0,75.0,51.0,55.2,3.0,4.0,2.6,2.6,0,1,1
2949,2,71,48.0,62,0,0,1,1,2,9,0.6788007455329417,-0.7343225094356856,132.0,161.0,127.6,116.33333333333333,31.1,42.8,34.58,35.186666666666675,76.0,56.0,52.2,56.666666666666664,4.0,2.0,2.6,2.533333333333333,1,2,0
2950,2,133,44.8,66,0,1,0,0,1,10,0.6755902076156604,-0.737277336810124,71.0,184.0,117.4,116.13333333333334,48.0,23.1,38.92,36.50666666666667,62.0,36.0,58.2,57.666666666666664,2.0,1.0,2.6,2.6,1,2,0
2951,2,82,40.9,78,1,0,1,0,2,11,0.672366807434668,-0.7402181274868321,133.0,85.0,116.8,117.06666666666666,44.8,35.4,40.019999999999996,36.34,66.0,40.0,65.8,60.2,1.0,3.0,2.4,2.533333333333333,0,1,1
2952,2,194,41.4,79,0,1,1,0,2,12,0.6691306063588585,-0.743144825477394,82.0,166.0,122.4,117.2,40.9,35.3,41.24,36.6,78.0,47.0,72.2,60.06666666666667,2.0,3.0,2.2,2.466666666666667,0,0,1
2953,2,189,33.9,45,0,0,0,0,0,13,0.6658816660008343,-0.7460573750616994,194.0,132.0,133.8,125.93333333333334,41.4,31.1,41.8,35.62,79.0,76.0,66.0,57.2,2.0,4.0,1.4,2.3333333333333335,1,2,0
2954,2,160,47.6,74,0,0,0,1,1,14,0.6626200482157377,-0.748955720789002,189.0,71.0,151.6,130.8,33.9,48.0,41.72,37.37333333333333,45.0,62.0,68.4,59.13333333333333,0.0,2.0,1.2,2.2,1,2,1
2955,2,133,40.8,83,0,0,0,0,0,15,0.659345815100069,-0.7518398074789773,160.0,133.0,151.6,135.33333333333334,47.6,44.8,40.92,38.22666666666667,74.0,66.0,71.8,60.46666666666667,1.0,1.0,1.0,2.0,1,2,1
2956,2,102,41.9,53,1,1,1,0,3,16,0.6560590289905073,-0.754709580222772,133.0,82.0,155.6,137.66666666666666,40.8,40.9,41.12,38.486666666666665,83.0,78.0,66.8,60.0,0.0,2.0,1.2,2.066666666666667,0,1,0
2957,2,57,45.9,30,0,0,0,0,0,17,0.6527597524627227,-0.7575649843840494,102.0,194.0,128.2,131.33333333333334,41.9,41.4,42.019999999999996,39.62,53.0,79.0,57.0,60.0,3.0,2.0,0.8,1.8666666666666667,1,2,0
2958,2,197,28.2,51,0,0,1,0,1,18,0.6494480483301838,-0.7604059656000308,57.0,189.0,129.8,136.4,45.9,33.9,40.879999999999995,38.74,30.0,45.0,58.2,58.4,0.0,0.0,1.0,1.6666666666666667,0,0,1
2959,2,76,44.2,80,1,1,1,0,3,19,0.6461239796429642,-0.7632324697825287,197.0,160.0,113.0,130.73333333333332,28.2,47.6,40.2,38.833333333333336,51.0,74.0,59.4,60.0,1.0,1.0,1.4,1.7333333333333334,0,1,1
2960,2,139,25.9,58,1,0,0,1,2,20,0.6427876096865391,-0.7660444431189781,76.0,133.0,114.2,127.73333333333333,44.2,40.8,37.22,39.019999999999996,80.0,83.0,54.4,61.46666666666667,3.0,0.0,1.8,1.8,0,0,1
2961,2,192,30.4,44,1,0,0,0,1,21,0.6394390019805848,-0.7688418320734595,139.0,102.0,132.2,134.86666666666667,25.9,41.9,34.92,38.686666666666675,58.0,53.0,52.6,61.733333333333334,2.0,3.0,1.4,1.6666666666666667,0,1,0
2962,2,149,30.1,66,0,1,1,0,2,22,0.6360782202777638,-0.7716245833877201,192.0,57.0,150.6,133.73333333333332,30.4,45.9,31.759999999999998,38.339999999999996,44.0,30.0,59.8,63.0,1.0,0.0,1.8,1.6,1,2,1
2963,2,165,49.4,31,0,1,0,0,1,23,0.6327053285625162,-0.7743926440821856,149.0,197.0,144.2,135.93333333333334,30.1,28.2,36.0,39.559999999999995,66.0,51.0,55.8,60.0,2.0,1.0,1.8,1.4,0,0,0
2964,2,182,45.7,52,1,1,0,1,3,24,0.6293203910498374,-0.7771459614569709,165.0,76.0,165.4,143.33333333333334,49.4,44.2,36.3,39.40666666666666,31.0,80.0,50.2,59.333333333333336,1.0,3.0,1.8,1.4666666666666666,1,2,0
2965,2,83,41.0,34,1,0,0,1,2,25,0.6259234721840592,-0.7798844830928817,182.0,139.0,154.2,140.0,45.7,25.9,39.32000000000001,39.15333333333333,52.0,58.0,45.4,57.2,3.0,2.0,1.8,1.5333333333333334,0,1,0
2966,2,86,41.8,62,1,0,0,0,1,26,0.6225146366376196,-0.7826081568524139,83.0,192.0,133.0,140.26666666666668,41.0,30.4,41.6,39.21333333333334,34.0,44.0,49.0,56.13333333333333,2.0,1.0,1.8,1.4666666666666666,1,2,0
2967,2,123,36.9,73,1,0,0,0,1,27,0.6190939493098342,-0.7853169308807447,86.0,149.0,127.8,135.53333333333333,41.8,30.1,42.96,38.913333333333334,62.0,66.0,50.4,55.733333333333334,1.0,2.0,1.6,1.4,0,0,1
2968,2,51,48.4,39,0,0,1,0,1,28,0.6156614753256584,-0.7880107536067219,123.0,165.0,105.0,126.33333333333333,36.9,49.4,42.760000000000005,39.879999999999995,73.0,31.0,52.0,55.333333333333336,1.0,1.0,1.6,1.4666666666666666,1,2,0
2969,2,124,34.9,74,0,0,0,0,0,29,0.6122172800344496,-0.7906895737438431,51.0,182.0,93.4,123.93333333333334,48.4,45.7,40.6,39.03333333333333,39.0,52.0,56.4,55.333333333333336,1.0,3.0,1.0,1.4,0,1,1
2970,2,60,31.4,45,1,0,1,1,3,30,0.6087614290087209,-0.793353340291235,124.0,83.0,88.8,119.06666666666666,34.9,41.0,38.68,38.40666666666666,74.0,34.0,58.6,52.8,0.0,2.0,1.2,1.6,1,2,0
2971,2,157,24.9,70,0,1,1,0,2,31,0.6052939880428945,-0.7960020025346219,60.0,86.0,103.0,122.73333333333333,31.4,41.8,35.3,37.27333333333333,45.0,62.0,60.2,53.93333333333333,3.0,1.0,1.4,1.5333333333333334,0,1,1
2972,2,71,43.6,40,0,0,0,0,0,32,0.6018150231520486,-0.7986355100472926,157.0,123.0,92.6,123.66666666666667,24.9,36.9,36.64,37.12,70.0,73.0,53.6,54.6,2.0,1.0,1.2,1.5333333333333334,1,2,0
2973,2,101,42.0,76,0,0,1,1,2,33,0.5983246005706588,-0.8012538126910608,71.0,51.0,102.6,117.26666666666667,43.6,48.4,35.36,38.03999999999999,40.0,39.0,61.0,56.266666666666666,0.0,1.0,1.4,1.6,1,2,1
2974,2,99,31.5,46,0,0,0,0,0,34,0.5948227867513413,-0.8038568606172173,101.0,124.0,97.6,118.8,42.0,34.9,34.68,37.193333333333335,76.0,74.0,55.4,54.0,2.0,0.0,1.4,1.4,0,1,0
2975,2,51,20.8,69,1,0,0,1,2,35,0.5913096483635822,-0.8064446042674827,99.0,60.0,95.8,112.93333333333334,31.5,31.4,32.56,36.85333333333334,46.0,45.0,60.2,54.733333333333334,0.0,3.0,1.2,1.4,1,2,1
2976,2,82,45.2,67,1,1,0,0,2,36,0.5877852522924732,-0.8090169943749473,51.0,157.0,80.8,105.6,20.8,24.9,36.62,37.839999999999996,69.0,70.0,59.6,56.266666666666666,2.0,2.0,1.2,1.4666666666666666,1,3,0
2977,2,130,20.3,59,1,1,1,0,3,37,0.5842496656374344,-0.8115739819650123,82.0,71.0,92.6,104.33333333333333,45.2,43.6,31.96,37.186666666666675,67.0,40.0,63.4,55.8,2.0,0.0,1.8,1.5333333333333334,0,1,1
2978,2,129,41.1,74,0,1,0,0,1,38,0.5807029557109399,-0.8141155183563191,130.0,101.0,98.2,101.93333333333334,20.3,42.0,31.78,36.63333333333333,59.0,76.0,63.0,58.666666666666664,3.0,2.0,1.6,1.5333333333333334,1,2,1
2979,2,115,49.1,58,0,1,0,1,2,39,0.5771451900372336,-0.8166415551616789,129.0,99.0,101.4,97.46666666666667,41.1,31.5,35.3,36.86,74.0,46.0,65.4,59.06666666666667,1.0,0.0,2.0,1.4666666666666666,0,1,0
2980,2,106,33.1,69,1,0,1,0,2,40,0.5735764363510464,-0.8191520442889917,115.0,51.0,112.4,99.0,49.1,20.8,37.760000000000005,36.333333333333336,58.0,69.0,65.4,61.4,2.0,2.0,2.0,1.4666666666666666,0,1,1
2981,2,159,27.0,78,1,0,0,1,2,41,0.5699967625963032,-0.8216469379421636,106.0,82.0,127.8,103.86666666666666,33.1,45.2,34.120000000000005,35.34666666666667,69.0,67.0,67.6,62.46666666666667,2.0,2.0,2.0,1.5333333333333334,1,2,1
2982,2,197,41.1,60,1,0,1,1,3,42,0.5664062369248332,-0.8241261886220155,159.0,130.0,141.2,108.8,27.0,20.3,38.28,35.626666666666665,78.0,59.0,67.8,61.6,2.0,3.0,2.0,1.6666666666666667,1,2,0
2983,2,77,44.5,73,0,0,1,0,1,43,0.5628049276950684,-0.8265897491271887,197.0,129.0,130.8,110.53333333333333,41.1,41.1,38.96,35.36666666666667,60.0,74.0,67.6,63.86666666666667,3.0,1.0,2.0,1.6666666666666667,1,2,1
2984,2,189,36.4,42,1,0,0,1,2,44,0.5591929034707469,-0.8290375725550416,77.0,115.0,145.6,114.86666666666666,44.5,49.1,36.42,35.46666666666667,73.0,58.0,64.4,61.733333333333334,1.0,2.0,2.0,1.8,0,1,0
2985,2,176,49.0,53,0,0,1,1,2,45,0.5555702330196025,-0.831469612302545,189.0,106.0,159.6,122.6,36.4,33.1,39.6,36.64,42.0,69.0,61.2,62.266666666666666,2.0,2.0,2.0,1.7333333333333334,1,3,0
2986,2,130,21.6,49,1,0,0,0,1,46,0.5519369853120579,-0.8338858220671683,176.0,159.0,153.8,120.8,49.0,27.0,38.519999999999996,36.42,53.0,78.0,55.4,60.86666666666667,2.0,2.0,1.8,1.6666666666666667,0,1,1
2987,2,101,35.1,61,0,0,0,1,1,47,0.5482932295199138,-0.8362861558477596,130.0,197.0,134.6,122.8,21.6,41.1,37.32,35.85333333333333,49.0,60.0,55.6,62.266666666666666,1.0,3.0,1.4,1.7333333333333334,1,2,1
2988,2,97,41.6,75,1,1,0,1,3,48,0.544639035015027,-0.8386705679454242,101.0,77.0,138.6,122.53333333333333,35.1,44.5,36.739999999999995,35.82666666666667,61.0,73.0,56.0,62.2,1.0,1.0,1.8,1.8,0,1,1
2989,2,154,45.9,47,0,1,0,0,1,49,0.540974471367994,-0.8410390129643924,97.0,189.0,131.6,126.2,41.6,36.4,38.64,36.78666666666666,75.0,42.0,57.0,62.266666666666666,3.0,2.0,1.6,1.8666666666666667,1,3,0
2990,2,135,25.4,81,0,0,0,0,0,50,0.5372996083468238,-0.8433914458128857,154.0,176.0,123.4,131.8,45.9,49.0,33.92,37.09333333333334,47.0,53.0,62.6,63.06666666666667,1.0,2.0,1.2,1.7333333333333334,0,1,1
2991,2,135,44.0,57,1,1,1,0,3,51,0.5336145159156117,-0.8457278217039732,135.0,130.0,124.4,135.33333333333334,25.4,21.6,38.4,37.013333333333335,81.0,49.0,64.2,62.4,0.0,1.0,1.6,1.8,1,3,0
2992,2,54,36.6,77,0,0,1,0,1,52,0.529919264233205,-0.848048096156426,135.0,101.0,115.0,130.26666666666668,44.0,35.1,38.7,38.1,57.0,61.0,67.4,63.6,3.0,1.0,1.6,1.6666666666666667,1,2,1
2993,2,114,31.9,38,1,1,1,0,3,53,0.5262139236518698,-0.8503522249955627,54.0,97.0,118.4,129.26666666666668,36.6,41.6,36.760000000000005,37.48666666666667,77.0,75.0,60.0,61.2,1.0,3.0,1.6,1.8,1,3,0
2994,2,69,24.0,89,1,1,1,0,3,54,0.5224985647159489,-0.8526401643540922,114.0,154.0,101.4,126.2,31.9,45.9,32.38,35.81333333333334,38.0,47.0,68.4,63.266666666666666,3.0,1.0,2.0,1.8666666666666667,1,2,1
2995,2,84,46.0,66,0,1,0,1,2,55,0.5187732581605218,-0.8549118706729464,69.0,135.0,91.2,124.73333333333333,24.0,25.4,36.5,36.67333333333333,89.0,81.0,65.4,63.06666666666667,3.0,0.0,2.4,1.8666666666666667,0,1,0
2996,2,115,24.7,76,1,1,0,0,2,56,0.515038074910054,-0.8571673007021124,84.0,135.0,87.2,121.8,46.0,44.0,32.64,36.519999999999996,66.0,57.0,69.2,62.93333333333333,2.0,3.0,2.2,1.8666666666666667,0,1,1
2997,2,117,29.3,73,1,0,1,0,2,57,0.5112930860770522,-0.8594064115014527,115.0,54.0,99.8,116.46666666666667,24.7,36.6,31.18,35.733333333333334,76.0,77.0,68.4,63.8,2.0,1.0,2.4,1.8,1,2,1
2998,2,177,28.7,81,0,1,1,0,2,58,0.5075383629607044,-0.8616291604415256,117.0,114.0,112.4,123.13333333333334,29.3,31.9,30.54,34.68,73.0,38.0,77.0,64.33333333333333,2.0,3.0,2.2,1.8666666666666667,1,2,1
2999,2,112,46.1,85,0,0,1,1,2,59,0.5037739770455267,-0.8638355052043954,177.0,69.0,121.0,118.0,28.7,24.0,34.96,35.326666666666675,81.0,89.0,76.2,67.2,2.0,3.0,2.0,1.8666666666666667,0,1,1
3000,2,136,40.2,54,1,1,1,1,4,0,0.49999999999999994,-0.8660254037844387,112.0,84.0,131.4,115.33333333333333,46.1,46.0,33.8,34.74,85.0,66.0,73.8,67.26666666666667,2.0,2.0,2.4,2.0,1,2,0
3001,2,152,43.9,46,1,0,0,1,2,1,0.49621650367520803,-0.8681988144891424,136.0,115.0,138.8,116.8,40.2,24.7,37.64,36.22666666666667,54.0,76.0,67.8,67.06666666666666,4.0,2.0,2.4,2.066666666666667,0,0,0
3002,2,57,27.5,64,1,0,0,1,2,2,0.49242356010346716,-0.8703556959398997,152.0,117.0,126.8,113.86666666666666,43.9,29.3,37.28,35.72,46.0,73.0,66.0,67.26666666666667,2.0,2.0,2.4,2.1333333333333333,0,1,1
3003,2,128,38.7,81,0,0,0,1,1,3,0.48862124149695485,-0.8724960070727972,57.0,177.0,117.0,115.93333333333334,27.5,28.7,39.28,35.526666666666664,64.0,81.0,66.0,67.66666666666667,2.0,2.0,2.2,2.0,1,2,1
3004,2,108,37.2,56,1,0,1,1,3,4,0.48480962024633717,-0.8746197071393957,128.0,112.0,116.2,112.86666666666666,38.7,46.1,37.50000000000001,34.94666666666667,81.0,85.0,60.2,68.26666666666667,1.0,2.0,2.4,2.1333333333333333,1,3,0
3005,2,67,45.0,79,0,0,0,0,0,5,0.48098876891938763,-0.8767267557075077,108.0,136.0,102.4,108.33333333333333,37.2,40.2,38.46,36.25333333333334,56.0,54.0,65.2,68.13333333333334,3.0,4.0,1.6,2.1333333333333333,0,1,1
3006,2,193,47.2,31,0,1,0,1,2,6,0.4771587602596086,-0.8788171126619653,67.0,152.0,110.6,112.2,45.0,43.9,39.12,36.46666666666667,79.0,46.0,62.2,66.4,0.0,2.0,1.6,2.066666666666667,0,1,0
3007,2,79,20.4,31,1,0,0,0,1,7,0.4733196671848435,-0.8808907382053855,193.0,57.0,115.0,113.86666666666666,47.2,27.5,37.7,35.38666666666666,31.0,64.0,55.6,63.333333333333336,2.0,2.0,1.4,2.066666666666667,1,3,0
3008,2,131,40.2,86,0,0,0,0,0,8,0.4694715627858911,-0.8829475928589268,79.0,128.0,115.6,115.0,20.4,38.7,38.0,35.940000000000005,31.0,81.0,56.6,66.53333333333333,1.0,1.0,1.2,1.8666666666666667,1,3,1
3009,2,87,21.6,80,0,1,0,0,1,9,0.4656145203251112,-0.884987637463042,131.0,108.0,111.4,116.2,40.2,37.2,34.88,35.78,86.0,56.0,61.4,65.93333333333334,0.0,3.0,0.8,1.7333333333333334,1,2,1
3010,2,198,36.5,50,0,1,1,1,3,10,0.4617486132350339,-0.8870108331782217,87.0,67.0,137.6,123.8,21.6,45.0,33.18,35.14666666666667,80.0,79.0,55.6,64.86666666666666,1.0,0.0,1.4,1.8,0,1,0
3011,2,158,28.6,44,1,1,1,0,3,11,0.457873915116957,-0.8890171414857363,198.0,193.0,130.6,126.66666666666667,36.5,47.2,29.46,35.406666666666666,50.0,31.0,58.2,62.733333333333334,3.0,2.0,1.6,1.8666666666666667,1,2,0
3012,2,136,29.2,82,0,0,0,0,0,12,0.4539904997395473,-0.8910065241883676,158.0,79.0,142.0,127.93333333333334,28.6,20.4,31.22,35.4,44.0,31.0,68.4,63.333333333333336,3.0,1.0,1.4,1.7333333333333334,1,2,1
3013,2,168,30.6,89,1,0,1,1,3,13,0.45009844103743496,-0.892978943411137,136.0,131.0,149.4,127.33333333333333,29.2,40.2,29.3,35.52666666666667,82.0,86.0,69.0,63.86666666666667,0.0,0.0,2.0,1.8,1,3,1
3014,2,79,38.6,87,1,1,0,0,2,14,0.446197813109809,-0.894934361602025,168.0,87.0,147.8,125.13333333333334,30.6,21.6,32.7,35.026666666666664,89.0,80.0,70.4,64.0,3.0,1.0,2.2,1.8,0,1,1
3015,2,82,30.0,48,1,1,1,1,4,15,0.4422886902190017,-0.8968727415326881,79.0,198.0,124.6,121.53333333333333,38.6,36.5,31.4,34.34666666666667,87.0,50.0,70.0,63.6,2.0,3.0,2.4,1.8,0,1,0
3016,2,116,42.0,73,0,1,0,1,2,16,0.4383711467890773,-0.898794046299167,82.0,158.0,116.2,119.13333333333334,30.0,28.6,34.08,34.22,48.0,44.0,75.8,65.4,4.0,3.0,2.2,1.8,1,2,1
3017,2,197,32.1,79,0,0,1,0,1,17,0.4344452574044172,-0.9006982393225879,116.0,136.0,128.4,128.46666666666667,42.0,29.2,34.660000000000004,34.526666666666664,73.0,82.0,75.2,66.4,2.0,0.0,2.4,1.7333333333333334,0,1,1
3018,2,112,22.1,84,0,0,1,1,2,18,0.4305110968082947,-0.9025852843498609,197.0,168.0,117.2,127.4,32.1,30.6,32.96,33.42,79.0,89.0,74.2,66.6,1.0,3.0,2.2,1.8,1,3,1
3019,2,110,43.5,63,0,1,0,0,1,19,0.42656873990145855,-0.9044551454543679,112.0,79.0,123.4,127.53333333333333,22.1,38.6,33.94,33.84,84.0,87.0,69.4,67.06666666666666,2.0,2.0,2.0,1.6666666666666667,0,1,0
3020,2,117,28.6,48,1,0,1,1,3,20,0.4226182617406995,-0.9063077870366499,110.0,82.0,130.4,130.86666666666667,43.5,30.0,33.660000000000004,32.74666666666667,63.0,48.0,69.4,65.0,1.0,4.0,1.8,1.8666666666666667,0,1,0
3021,2,83,33.0,58,1,0,1,1,3,21,0.4186597375374284,-0.9081431738250811,117.0,116.0,123.8,123.53333333333333,28.6,42.0,31.860000000000003,31.800000000000004,48.0,73.0,66.4,66.8,3.0,2.0,2.0,1.9333333333333333,0,0,1
3022,2,185,40.6,52,1,0,0,0,1,22,0.4146932426562392,-0.9099612708765431,83.0,197.0,121.4,130.6,33.0,32.1,33.56,33.14666666666667,58.0,79.0,61.0,68.2,3.0,1.0,2.0,1.9333333333333333,0,0,0
3023,2,95,30.0,81,1,0,0,1,2,23,0.41071885261347724,-0.9117620435770886,185.0,112.0,118.0,128.2,40.6,22.1,35.14,32.46666666666667,52.0,84.0,60.4,67.86666666666666,1.0,2.0,2.0,2.066666666666667,0,0,1
3024,2,170,21.7,30,1,0,0,0,1,24,0.40673664307580043,-0.9135454576426008,95.0,110.0,130.0,133.73333333333332,30.0,43.5,30.779999999999994,32.47333333333333,81.0,63.0,53.8,64.53333333333333,2.0,1.0,2.0,2.066666666666667,1,2,0
3025,2,147,31.2,30,0,0,0,0,0,25,0.4027466898587373,-0.9153114791194471,170.0,117.0,136.0,130.33333333333334,21.7,28.6,31.3,32.12,30.0,48.0,50.2,63.2,1.0,3.0,1.4,1.8666666666666667,1,3,0
3026,2,94,48.3,30,1,1,0,1,3,26,0.39874906892524614,-0.917060074385124,147.0,83.0,138.2,126.06666666666666,31.2,33.0,34.36,33.43333333333333,30.0,58.0,44.6,62.266666666666666,0.0,3.0,1.4,1.8666666666666667,1,2,0
3027,2,67,39.3,34,0,0,0,1,1,27,0.3947438563842674,-0.9187912101488982,94.0,185.0,114.6,121.46666666666667,48.3,40.6,34.1,34.10666666666667,30.0,52.0,41.0,59.06666666666667,3.0,1.0,1.4,1.9333333333333333,1,2,0
3028,2,180,40.1,30,1,1,0,1,3,28,0.39073112848927377,-0.9205048534524404,67.0,95.0,131.6,122.26666666666667,39.3,30.0,36.12,34.74,34.0,81.0,30.8,55.13333333333333,1.0,2.0,1.6,1.9333333333333333,1,3,0
3029,2,71,39.0,70,1,0,0,1,2,29,0.3867109616368213,-0.9222009716704516,180.0,170.0,111.8,121.73333333333333,40.1,21.7,39.58,34.766666666666666,30.0,30.0,38.8,54.0,3.0,1.0,1.8,1.9333333333333333,1,2,1
3030,2,125,26.0,85,1,0,1,0,2,30,0.3826834323650899,-0.9238795325112867,71.0,147.0,107.4,124.6,39.0,31.2,38.54,34.5,70.0,30.0,49.8,56.46666666666667,2.0,0.0,2.2,1.8,0,1,1
3031,2,133,32.6,73,1,1,0,1,3,31,0.37864861735243294,-0.9255405040175664,125.0,94.0,115.2,125.73333333333333,26.0,48.3,35.4,33.87333333333333,85.0,30.0,58.4,56.46666666666667,2.0,3.0,2.2,1.8666666666666667,1,3,1
3032,2,141,42.5,85,1,0,0,1,2,32,0.3746065934159118,-0.9271838545667875,133.0,67.0,130.0,122.0,32.6,39.3,36.04,34.56666666666667,73.0,34.0,68.6,56.86666666666667,3.0,1.0,2.4,1.9333333333333333,1,2,1
3033,2,189,23.0,82,1,0,1,0,2,33,0.3705574375098363,-0.9288095528719242,141.0,180.0,131.8,127.13333333333334,42.5,40.1,32.62,34.626666666666665,85.0,30.0,79.0,56.733333333333334,2.0,3.0,2.2,1.9333333333333333,1,2,1
3034,2,68,28.3,53,1,0,0,0,1,34,0.3665012267242976,-0.9304175679820245,189.0,71.0,131.2,124.33333333333333,23.0,39.0,30.48,33.61333333333333,82.0,70.0,75.6,56.06666666666667,2.0,2.0,2.0,1.9333333333333333,0,1,1
3035,2,150,28.3,44,0,0,1,0,1,35,0.36243803828370136,-0.9320078692827987,68.0,125.0,136.2,126.53333333333333,28.3,26.0,30.939999999999998,33.593333333333334,53.0,85.0,67.4,55.8,1.0,2.0,1.8,1.8,0,1,0
3036,2,168,33.0,87,1,1,1,0,3,36,0.35836794954530066,-0.9335804264972016,150.0,133.0,143.2,132.2,28.3,32.6,31.020000000000003,33.593333333333334,44.0,73.0,70.2,57.733333333333334,1.0,3.0,1.8,1.8,1,2,1
3037,2,198,49.4,86,1,0,1,0,2,37,0.35429103799771566,-0.9351352096860118,168.0,141.0,154.6,133.06666666666666,33.0,42.5,32.4,34.18,87.0,85.0,70.4,60.0,3.0,2.0,1.8,1.8666666666666667,1,2,1
3038,2,162,22.0,51,1,0,0,0,1,38,0.35020738125946793,-0.9366721892483975,198.0,189.0,149.2,137.53333333333333,49.4,23.0,32.2,33.64666666666667,86.0,82.0,64.2,58.0,2.0,2.0,1.6,1.8,1,3,1
3039,2,91,35.6,48,1,1,0,0,2,39,0.34611705707749285,-0.9381913359224842,162.0,68.0,153.8,132.26666666666668,22.0,28.3,33.660000000000004,34.57333333333334,51.0,53.0,63.2,59.2,1.0,1.0,1.8,1.8666666666666667,0,1,0
3040,2,97,25.4,38,1,1,1,1,4,40,0.3420201433256689,-0.9396926207859083,91.0,150.0,143.2,128.93333333333334,35.6,28.3,33.08,34.18666666666666,48.0,44.0,62.0,59.733333333333334,2.0,1.0,2.4,2.1333333333333333,1,2,0
3041,2,168,49.1,82,1,1,1,0,3,41,0.3379167180033274,-0.9411760152563705,97.0,168.0,143.2,133.86666666666667,25.4,33.0,36.3,34.24,38.0,87.0,61.0,63.2,4.0,3.0,2.4,2.1333333333333333,1,2,1
3042,2,57,23.4,64,1,1,0,1,3,42,0.3338068592337712,-0.9426414910921783,168.0,198.0,115.0,133.2,49.1,49.4,31.1,33.18,82.0,86.0,56.6,65.2,3.0,2.0,2.6,2.2666666666666666,1,2,1
